solid OpenSCAD_Model
  facet normal 0.923857 -0.382738 0
    outer loop
      vertex 11.9857 -7.33638 2
      vertex 12.2486 -6.70179 -2
      vertex 12.2486 -6.70179 2
    endloop
  endfacet
  facet normal 0.923857 -0.382738 0
    outer loop
      vertex 12.2486 -6.70179 -2
      vertex 11.9857 -7.33638 2
      vertex 11.9857 -7.33638 -2
    endloop
  endfacet
  facet normal 0.996916 -0.078471 0
    outer loop
      vertex 13.0481 -3.37141 2
      vertex 13.102 -2.68665 -2
      vertex 13.102 -2.68665 2
    endloop
  endfacet
  facet normal 0.996916 -0.078471 0
    outer loop
      vertex 13.102 -2.68665 -2
      vertex 13.0481 -3.37141 2
      vertex 13.0481 -3.37141 -2
    endloop
  endfacet
  facet normal 0.999657 -0.0262052 0
    outer loop
      vertex 13.102 -2.68665 2
      vertex 13.12 -2 -2
      vertex 13.12 -2 2
    endloop
  endfacet
  facet normal 0.999657 -0.0262052 0
    outer loop
      vertex 13.12 -2 -2
      vertex 13.102 -2.68665 2
      vertex 13.102 -2.68665 -2
    endloop
  endfacet
  facet normal 0.991456 -0.130445 0
    outer loop
      vertex 12.9585 -4.05242 2
      vertex 13.0481 -3.37141 -2
      vertex 13.0481 -3.37141 2
    endloop
  endfacet
  facet normal 0.991456 -0.130445 0
    outer loop
      vertex 13.0481 -3.37141 -2
      vertex 12.9585 -4.05242 2
      vertex 12.9585 -4.05242 -2
    endloop
  endfacet
  facet normal -0.999657 0.0262052 0
    outer loop
      vertex -13.12 -2 -2
      vertex -13.102 -1.31335 2
      vertex -13.102 -1.31335 -2
    endloop
  endfacet
  facet normal -0.999657 0.0262052 0
    outer loop
      vertex -13.102 -1.31335 2
      vertex -13.12 -2 -2
      vertex -13.12 -2 2
    endloop
  endfacet
  facet normal -0.182272 -0.983248 0
    outer loop
      vertex -2.7278 -14.8333 -2
      vertex -2.05242 -14.9585 2
      vertex -2.7278 -14.8333 2
    endloop
  endfacet
  facet normal -0.182272 -0.983248 -0
    outer loop
      vertex -2.05242 -14.9585 2
      vertex -2.7278 -14.8333 -2
      vertex -2.05242 -14.9585 -2
    endloop
  endfacet
  facet normal 0.0262053 0.999657 -0
    outer loop
      vertex 0.686647 11.102 -2
      vertex 0 11.12 2
      vertex 0.686647 11.102 2
    endloop
  endfacet
  facet normal 0.0262053 0.999657 0
    outer loop
      vertex 0 11.12 2
      vertex 0.686647 11.102 -2
      vertex 0 11.12 -2
    endloop
  endfacet
  facet normal -0.333822 -0.942636 0
    outer loop
      vertex -4.70179 -14.2486 -2
      vertex -4.0543 -14.4779 2
      vertex -4.70179 -14.2486 2
    endloop
  endfacet
  facet normal -0.333822 -0.942636 -0
    outer loop
      vertex -4.0543 -14.4779 2
      vertex -4.70179 -14.2486 -2
      vertex -4.0543 -14.4779 -2
    endloop
  endfacet
  facet normal -0.0784706 0.996916 0
    outer loop
      vertex -0.686647 11.102 -2
      vertex -1.37141 11.0481 2
      vertex -0.686647 11.102 2
    endloop
  endfacet
  facet normal -0.0784706 0.996916 0
    outer loop
      vertex -1.37141 11.0481 2
      vertex -0.686647 11.102 -2
      vertex -1.37141 11.0481 -2
    endloop
  endfacet
  facet normal 0.688415 -0.725317 0
    outer loop
      vertex 8.77899 -11.7501 -2
      vertex 9.27724 -11.2772 2
      vertex 8.77899 -11.7501 2
    endloop
  endfacet
  facet normal 0.688415 -0.725317 0
    outer loop
      vertex 9.27724 -11.2772 2
      vertex 8.77899 -11.7501 -2
      vertex 9.27724 -11.2772 -2
    endloop
  endfacet
  facet normal -0.0262053 0.999657 0
    outer loop
      vertex 0 11.12 -2
      vertex -0.686647 11.102 2
      vertex 0 11.12 2
    endloop
  endfacet
  facet normal -0.0262053 0.999657 0
    outer loop
      vertex -0.686647 11.102 2
      vertex 0 11.12 -2
      vertex -0.686647 11.102 -2
    endloop
  endfacet
  facet normal 0.182272 -0.983248 0
    outer loop
      vertex 2.05242 -14.9585 -2
      vertex 2.7278 -14.8333 2
      vertex 2.05242 -14.9585 2
    endloop
  endfacet
  facet normal 0.182272 -0.983248 0
    outer loop
      vertex 2.7278 -14.8333 2
      vertex 2.05242 -14.9585 -2
      vertex 2.7278 -14.8333 -2
    endloop
  endfacet
  facet normal 0.382738 -0.923857 0
    outer loop
      vertex 4.70179 -14.2486 -2
      vertex 5.33638 -13.9857 2
      vertex 4.70179 -14.2486 2
    endloop
  endfacet
  facet normal 0.382738 -0.923857 0
    outer loop
      vertex 5.33638 -13.9857 2
      vertex 4.70179 -14.2486 -2
      vertex 5.33638 -13.9857 -2
    endloop
  endfacet
  facet normal 0.725376 0.688353 0
    outer loop
      vertex 9.75006 6.77899 2
      vertex 9.27724 7.27724 -2
      vertex 9.27724 7.27724 2
    endloop
  endfacet
  facet normal 0.725376 0.688353 0
    outer loop
      vertex 9.27724 7.27724 -2
      vertex 9.75006 6.77899 2
      vertex 9.75006 6.77899 -2
    endloop
  endfacet
  facet normal 0.760367 -0.649493 0
    outer loop
      vertex 9.75006 -10.779 2
      vertex 10.1962 -10.2567 -2
      vertex 10.1962 -10.2567 2
    endloop
  endfacet
  facet normal 0.760367 -0.649493 0
    outer loop
      vertex 10.1962 -10.2567 -2
      vertex 9.75006 -10.779 2
      vertex 9.75006 -10.779 -2
    endloop
  endfacet
  facet normal 0.283904 0.958853 -0
    outer loop
      vertex 4.0543 10.4779 -2
      vertex 3.39571 10.6729 2
      vertex 4.0543 10.4779 2
    endloop
  endfacet
  facet normal 0.283904 0.958853 0
    outer loop
      vertex 3.39571 10.6729 2
      vertex 4.0543 10.4779 -2
      vertex 3.39571 10.6729 -2
    endloop
  endfacet
  facet normal -0.852636 0.522506 0
    outer loop
      vertex -11.3623 4.56 -2
      vertex -11.0034 5.14566 2
      vertex -11.0034 5.14566 -2
    endloop
  endfacet
  facet normal -0.852636 0.522506 0
    outer loop
      vertex -11.0034 5.14566 2
      vertex -11.3623 4.56 -2
      vertex -11.3623 4.56 2
    endloop
  endfacet
  facet normal 0.0784706 0.996916 -0
    outer loop
      vertex 1.37141 11.0481 -2
      vertex 0.686647 11.102 2
      vertex 1.37141 11.0481 2
    endloop
  endfacet
  facet normal 0.0784706 0.996916 0
    outer loop
      vertex 0.686647 11.102 2
      vertex 1.37141 11.0481 -2
      vertex 0.686647 11.102 -2
    endloop
  endfacet
  facet normal 0.996916 0.0784706 0
    outer loop
      vertex 13.102 -1.31335 2
      vertex 13.0481 -0.628587 -2
      vertex 13.0481 -0.628587 2
    endloop
  endfacet
  facet normal 0.996916 0.0784706 0
    outer loop
      vertex 13.0481 -0.628587 -2
      vertex 13.102 -1.31335 2
      vertex 13.102 -1.31335 -2
    endloop
  endfacet
  facet normal 0.942636 -0.333822 0
    outer loop
      vertex 12.2486 -6.70179 2
      vertex 12.4779 -6.0543 -2
      vertex 12.4779 -6.0543 2
    endloop
  endfacet
  facet normal 0.942636 -0.333822 0
    outer loop
      vertex 12.4779 -6.0543 -2
      vertex 12.2486 -6.70179 2
      vertex 12.2486 -6.70179 -2
    endloop
  endfacet
  facet normal -0.233513 -0.972354 0
    outer loop
      vertex -3.39571 -14.6729 -2
      vertex -2.7278 -14.8333 2
      vertex -3.39571 -14.6729 2
    endloop
  endfacet
  facet normal -0.233513 -0.972354 -0
    outer loop
      vertex -2.7278 -14.8333 2
      vertex -3.39571 -14.6729 -2
      vertex -2.7278 -14.8333 -2
    endloop
  endfacet
  facet normal 0.0262053 -0.999657 0
    outer loop
      vertex 0 -15.12 -2
      vertex 0.686647 -15.102 2
      vertex 0 -15.12 2
    endloop
  endfacet
  facet normal 0.0262053 -0.999657 0
    outer loop
      vertex 0.686647 -15.102 2
      vertex 0 -15.12 -2
      vertex 0.686647 -15.102 -2
    endloop
  endfacet
  facet normal 0.477103 -0.878848 0
    outer loop
      vertex 5.95636 -13.69 -2
      vertex 6.56 -13.3623 2
      vertex 5.95636 -13.69 2
    endloop
  endfacet
  facet normal 0.477103 -0.878848 0
    outer loop
      vertex 6.56 -13.3623 2
      vertex 5.95636 -13.69 -2
      vertex 6.56 -13.3623 -2
    endloop
  endfacet
  facet normal 0.902594 -0.430493 0
    outer loop
      vertex 11.69 -7.95636 2
      vertex 11.9857 -7.33638 -2
      vertex 11.9857 -7.33638 2
    endloop
  endfacet
  facet normal 0.902594 -0.430493 0
    outer loop
      vertex 11.9857 -7.33638 -2
      vertex 11.69 -7.95636 2
      vertex 11.69 -7.95636 -2
    endloop
  endfacet
  facet normal -0.996916 0.0784706 0
    outer loop
      vertex -13.102 -1.31335 -2
      vertex -13.0481 -0.628587 2
      vertex -13.0481 -0.628587 -2
    endloop
  endfacet
  facet normal -0.996916 0.0784706 0
    outer loop
      vertex -13.0481 -0.628587 2
      vertex -13.102 -1.31335 -2
      vertex -13.102 -1.31335 2
    endloop
  endfacet
  facet normal -0.999657 -0.0262052 0
    outer loop
      vertex -13.102 -2.68665 -2
      vertex -13.12 -2 2
      vertex -13.12 -2 -2
    endloop
  endfacet
  facet normal -0.999657 -0.0262052 0
    outer loop
      vertex -13.12 -2 2
      vertex -13.102 -2.68665 -2
      vertex -13.102 -2.68665 2
    endloop
  endfacet
  facet normal -0.382738 -0.923857 0
    outer loop
      vertex -5.33638 -13.9857 -2
      vertex -4.70179 -14.2486 2
      vertex -5.33638 -13.9857 2
    endloop
  endfacet
  facet normal -0.382738 -0.923857 -0
    outer loop
      vertex -4.70179 -14.2486 2
      vertex -5.33638 -13.9857 -2
      vertex -4.70179 -14.2486 -2
    endloop
  endfacet
  facet normal 0.333822 -0.942636 0
    outer loop
      vertex 4.0543 -14.4779 -2
      vertex 4.70179 -14.2486 2
      vertex 4.0543 -14.4779 2
    endloop
  endfacet
  facet normal 0.333822 -0.942636 0
    outer loop
      vertex 4.70179 -14.2486 2
      vertex 4.0543 -14.4779 -2
      vertex 4.70179 -14.2486 -2
    endloop
  endfacet
  facet normal -0.649452 -0.760402 0
    outer loop
      vertex -8.77899 -11.7501 -2
      vertex -8.25668 -12.1962 2
      vertex -8.77899 -11.7501 2
    endloop
  endfacet
  facet normal -0.649452 -0.760402 -0
    outer loop
      vertex -8.25668 -12.1962 2
      vertex -8.77899 -11.7501 -2
      vertex -8.25668 -12.1962 -2
    endloop
  endfacet
  facet normal 0.972354 -0.233513 0
    outer loop
      vertex 12.6729 -5.39571 2
      vertex 12.8333 -4.7278 -2
      vertex 12.8333 -4.7278 2
    endloop
  endfacet
  facet normal 0.972354 -0.233513 0
    outer loop
      vertex 12.8333 -4.7278 -2
      vertex 12.6729 -5.39571 2
      vertex 12.6729 -5.39571 -2
    endloop
  endfacet
  facet normal -0.983248 -0.182272 0
    outer loop
      vertex -12.8333 -4.7278 -2
      vertex -12.9585 -4.05242 2
      vertex -12.9585 -4.05242 -2
    endloop
  endfacet
  facet normal -0.983248 -0.182272 0
    outer loop
      vertex -12.9585 -4.05242 2
      vertex -12.8333 -4.7278 -2
      vertex -12.8333 -4.7278 2
    endloop
  endfacet
  facet normal 0.760374 0.649486 0
    outer loop
      vertex 10.1962 6.25668 2
      vertex 9.75006 6.77899 -2
      vertex 9.75006 6.77899 2
    endloop
  endfacet
  facet normal 0.760374 0.649486 0
    outer loop
      vertex 9.75006 6.77899 -2
      vertex 10.1962 6.25668 2
      vertex 10.1962 6.25668 -2
    endloop
  endfacet
  facet normal -0.608718 -0.793387 0
    outer loop
      vertex -8.25668 -12.1962 -2
      vertex -7.71174 -12.6143 2
      vertex -8.25668 -12.1962 2
    endloop
  endfacet
  facet normal -0.608718 -0.793387 -0
    outer loop
      vertex -7.71174 -12.6143 2
      vertex -8.25668 -12.1962 -2
      vertex -7.71174 -12.6143 -2
    endloop
  endfacet
  facet normal 0.608718 -0.793387 0
    outer loop
      vertex 7.71174 -12.6143 -2
      vertex 8.25668 -12.1962 2
      vertex 7.71174 -12.6143 2
    endloop
  endfacet
  facet normal 0.608718 -0.793387 0
    outer loop
      vertex 8.25668 -12.1962 2
      vertex 7.71174 -12.6143 -2
      vertex 8.25668 -12.1962 -2
    endloop
  endfacet
  facet normal 0.824096 0.56645 0
    outer loop
      vertex 11.0034 5.14566 2
      vertex 10.6143 5.71174 -2
      vertex 10.6143 5.71174 2
    endloop
  endfacet
  facet normal 0.824096 0.56645 0
    outer loop
      vertex 10.6143 5.71174 -2
      vertex 11.0034 5.14566 2
      vertex 11.0034 5.14566 -2
    endloop
  endfacet
  facet normal 0.793397 -0.608704 0
    outer loop
      vertex 10.1962 -10.2567 2
      vertex 10.6143 -9.71174 -2
      vertex 10.6143 -9.71174 2
    endloop
  endfacet
  facet normal 0.793397 -0.608704 0
    outer loop
      vertex 10.6143 -9.71174 -2
      vertex 10.1962 -10.2567 2
      vertex 10.1962 -10.2567 -2
    endloop
  endfacet
  facet normal 0.824096 -0.56645 0
    outer loop
      vertex 10.6143 -9.71174 2
      vertex 11.0034 -9.14566 -2
      vertex 11.0034 -9.14566 2
    endloop
  endfacet
  facet normal 0.824096 -0.56645 0
    outer loop
      vertex 11.0034 -9.14566 -2
      vertex 10.6143 -9.71174 2
      vertex 10.6143 -9.71174 -2
    endloop
  endfacet
  facet normal -0.793387 0.608718 0
    outer loop
      vertex -10.6143 5.71174 -2
      vertex -10.1962 6.25668 2
      vertex -10.1962 6.25668 -2
    endloop
  endfacet
  facet normal -0.793387 0.608718 0
    outer loop
      vertex -10.1962 6.25668 2
      vertex -10.6143 5.71174 -2
      vertex -10.6143 5.71174 2
    endloop
  endfacet
  facet normal 0.991455 0.130446 0
    outer loop
      vertex 13.0481 -0.628587 2
      vertex 12.9585 0.0524197 -2
      vertex 12.9585 0.0524197 2
    endloop
  endfacet
  facet normal 0.991455 0.130446 0
    outer loop
      vertex 12.9585 0.0524197 -2
      vertex 13.0481 -0.628587 2
      vertex 13.0481 -0.628587 -2
    endloop
  endfacet
  facet normal -0.793397 -0.608704 0
    outer loop
      vertex -10.1962 -10.2567 -2
      vertex -10.6143 -9.71174 2
      vertex -10.6143 -9.71174 -2
    endloop
  endfacet
  facet normal -0.793397 -0.608704 0
    outer loop
      vertex -10.6143 -9.71174 2
      vertex -10.1962 -10.2567 -2
      vertex -10.1962 -10.2567 2
    endloop
  endfacet
  facet normal 0.522495 0.852642 -0
    outer loop
      vertex 7.14566 9.00336 -2
      vertex 6.56 9.36225 2
      vertex 7.14566 9.00336 2
    endloop
  endfacet
  facet normal 0.522495 0.852642 0
    outer loop
      vertex 6.56 9.36225 2
      vertex 7.14566 9.00336 -2
      vertex 6.56 9.36225 -2
    endloop
  endfacet
  facet normal -0.996916 -0.078471 0
    outer loop
      vertex -13.0481 -3.37141 -2
      vertex -13.102 -2.68665 2
      vertex -13.102 -2.68665 -2
    endloop
  endfacet
  facet normal -0.996916 -0.078471 0
    outer loop
      vertex -13.102 -2.68665 2
      vertex -13.0481 -3.37141 -2
      vertex -13.0481 -3.37141 2
    endloop
  endfacet
  facet normal 0.902594 0.430493 0
    outer loop
      vertex 11.9857 3.33638 2
      vertex 11.69 3.95636 -2
      vertex 11.69 3.95636 2
    endloop
  endfacet
  facet normal 0.902594 0.430493 0
    outer loop
      vertex 11.69 3.95636 -2
      vertex 11.9857 3.33638 2
      vertex 11.9857 3.33638 -2
    endloop
  endfacet
  facet normal 0.958853 -0.283904 0
    outer loop
      vertex 12.4779 -6.0543 2
      vertex 12.6729 -5.39571 -2
      vertex 12.6729 -5.39571 2
    endloop
  endfacet
  facet normal 0.958853 -0.283904 0
    outer loop
      vertex 12.6729 -5.39571 -2
      vertex 12.4779 -6.0543 2
      vertex 12.4779 -6.0543 -2
    endloop
  endfacet
  facet normal -0.760374 0.649486 0
    outer loop
      vertex -10.1962 6.25668 -2
      vertex -9.75006 6.77899 2
      vertex -9.75006 6.77899 -2
    endloop
  endfacet
  facet normal -0.760374 0.649486 0
    outer loop
      vertex -9.75006 6.77899 2
      vertex -10.1962 6.25668 -2
      vertex -10.1962 6.25668 2
    endloop
  endfacet
  facet normal 0.233513 0.972354 -0
    outer loop
      vertex 3.39571 10.6729 -2
      vertex 2.7278 10.8333 2
      vertex 3.39571 10.6729 2
    endloop
  endfacet
  facet normal 0.233513 0.972354 0
    outer loop
      vertex 2.7278 10.8333 2
      vertex 3.39571 10.6729 -2
      vertex 2.7278 10.8333 -2
    endloop
  endfacet
  facet normal -0.382714 0.923867 0
    outer loop
      vertex -4.70179 10.2486 -2
      vertex -5.33638 9.98572 2
      vertex -4.70179 10.2486 2
    endloop
  endfacet
  facet normal -0.382714 0.923867 0
    outer loop
      vertex -5.33638 9.98572 2
      vertex -4.70179 10.2486 -2
      vertex -5.33638 9.98572 -2
    endloop
  endfacet
  facet normal -0.333822 0.942636 0
    outer loop
      vertex -4.0543 10.4779 -2
      vertex -4.70179 10.2486 2
      vertex -4.0543 10.4779 2
    endloop
  endfacet
  facet normal -0.333822 0.942636 0
    outer loop
      vertex -4.70179 10.2486 2
      vertex -4.0543 10.4779 -2
      vertex -4.70179 10.2486 -2
    endloop
  endfacet
  facet normal 0.852636 -0.522506 0
    outer loop
      vertex 11.0034 -9.14566 2
      vertex 11.3623 -8.56 -2
      vertex 11.3623 -8.56 2
    endloop
  endfacet
  facet normal 0.852636 -0.522506 0
    outer loop
      vertex 11.3623 -8.56 -2
      vertex 11.0034 -9.14566 2
      vertex 11.0034 -9.14566 -2
    endloop
  endfacet
  facet normal -0.983248 0.182271 0
    outer loop
      vertex -12.9585 0.0524197 -2
      vertex -12.8333 0.727801 2
      vertex -12.8333 0.727801 -2
    endloop
  endfacet
  facet normal -0.983248 0.182271 0
    outer loop
      vertex -12.8333 0.727801 2
      vertex -12.9585 0.0524197 -2
      vertex -12.9585 0.0524197 2
    endloop
  endfacet
  facet normal 0.522506 -0.852636 0
    outer loop
      vertex 6.56 -13.3623 -2
      vertex 7.14566 -13.0034 2
      vertex 6.56 -13.3623 2
    endloop
  endfacet
  facet normal 0.522506 -0.852636 0
    outer loop
      vertex 7.14566 -13.0034 2
      vertex 6.56 -13.3623 -2
      vertex 7.14566 -13.0034 -2
    endloop
  endfacet
  facet normal -0.942636 0.333822 0
    outer loop
      vertex -12.4779 2.0543 -2
      vertex -12.2486 2.70179 2
      vertex -12.2486 2.70179 -2
    endloop
  endfacet
  facet normal -0.942636 0.333822 0
    outer loop
      vertex -12.2486 2.70179 2
      vertex -12.4779 2.0543 -2
      vertex -12.4779 2.0543 2
    endloop
  endfacet
  facet normal 0.649452 -0.760402 0
    outer loop
      vertex 8.25668 -12.1962 -2
      vertex 8.77899 -11.7501 2
      vertex 8.25668 -12.1962 2
    endloop
  endfacet
  facet normal 0.649452 -0.760402 0
    outer loop
      vertex 8.77899 -11.7501 2
      vertex 8.25668 -12.1962 -2
      vertex 8.77899 -11.7501 -2
    endloop
  endfacet
  facet normal -0.923857 -0.382738 0
    outer loop
      vertex -11.9857 -7.33638 -2
      vertex -12.2486 -6.70179 2
      vertex -12.2486 -6.70179 -2
    endloop
  endfacet
  facet normal -0.923857 -0.382738 0
    outer loop
      vertex -12.2486 -6.70179 2
      vertex -11.9857 -7.33638 -2
      vertex -11.9857 -7.33638 2
    endloop
  endfacet
  facet normal 0.793387 0.608718 0
    outer loop
      vertex 10.6143 5.71174 2
      vertex 10.1962 6.25668 -2
      vertex 10.1962 6.25668 2
    endloop
  endfacet
  facet normal 0.793387 0.608718 0
    outer loop
      vertex 10.1962 6.25668 -2
      vertex 10.6143 5.71174 2
      vertex 10.6143 5.71174 -2
    endloop
  endfacet
  facet normal 0.130445 -0.991456 0
    outer loop
      vertex 1.37141 -15.0481 -2
      vertex 2.05242 -14.9585 2
      vertex 1.37141 -15.0481 2
    endloop
  endfacet
  facet normal 0.130445 -0.991456 0
    outer loop
      vertex 2.05242 -14.9585 2
      vertex 1.37141 -15.0481 -2
      vertex 2.05242 -14.9585 -2
    endloop
  endfacet
  facet normal -0.56645 -0.824096 0
    outer loop
      vertex -7.71174 -12.6143 -2
      vertex -7.14566 -13.0034 2
      vertex -7.71174 -12.6143 2
    endloop
  endfacet
  facet normal -0.56645 -0.824096 -0
    outer loop
      vertex -7.14566 -13.0034 2
      vertex -7.71174 -12.6143 -2
      vertex -7.14566 -13.0034 -2
    endloop
  endfacet
  facet normal -0.991455 0.130446 0
    outer loop
      vertex -13.0481 -0.628587 -2
      vertex -12.9585 0.0524197 2
      vertex -12.9585 0.0524197 -2
    endloop
  endfacet
  facet normal -0.991455 0.130446 0
    outer loop
      vertex -12.9585 0.0524197 2
      vertex -13.0481 -0.628587 -2
      vertex -13.0481 -0.628587 2
    endloop
  endfacet
  facet normal -0.0784706 -0.996916 0
    outer loop
      vertex -1.37141 -15.0481 -2
      vertex -0.686647 -15.102 2
      vertex -1.37141 -15.0481 2
    endloop
  endfacet
  facet normal -0.0784706 -0.996916 -0
    outer loop
      vertex -0.686647 -15.102 2
      vertex -1.37141 -15.0481 -2
      vertex -0.686647 -15.102 -2
    endloop
  endfacet
  facet normal 0.725341 -0.68839 0
    outer loop
      vertex 9.27724 -11.2772 2
      vertex 9.75006 -10.779 -2
      vertex 9.75006 -10.779 2
    endloop
  endfacet
  facet normal 0.725341 -0.68839 0
    outer loop
      vertex 9.75006 -10.779 -2
      vertex 9.27724 -11.2772 2
      vertex 9.27724 -11.2772 -2
    endloop
  endfacet
  facet normal 0.942636 0.333822 0
    outer loop
      vertex 12.4779 2.0543 2
      vertex 12.2486 2.70179 -2
      vertex 12.2486 2.70179 2
    endloop
  endfacet
  facet normal 0.942636 0.333822 0
    outer loop
      vertex 12.2486 2.70179 -2
      vertex 12.4779 2.0543 2
      vertex 12.4779 2.0543 -2
    endloop
  endfacet
  facet normal 0.958853 0.283904 0
    outer loop
      vertex 12.6729 1.39571 2
      vertex 12.4779 2.0543 -2
      vertex 12.4779 2.0543 2
    endloop
  endfacet
  facet normal 0.958853 0.283904 0
    outer loop
      vertex 12.4779 2.0543 -2
      vertex 12.6729 1.39571 2
      vertex 12.6729 1.39571 -2
    endloop
  endfacet
  facet normal 0.430505 0.902588 -0
    outer loop
      vertex 5.95636 9.69001 -2
      vertex 5.33638 9.98572 2
      vertex 5.95636 9.69001 2
    endloop
  endfacet
  facet normal 0.430505 0.902588 0
    outer loop
      vertex 5.33638 9.98572 2
      vertex 5.95636 9.69001 -2
      vertex 5.33638 9.98572 -2
    endloop
  endfacet
  facet normal -0.958853 -0.283904 0
    outer loop
      vertex -12.4779 -6.0543 -2
      vertex -12.6729 -5.39571 2
      vertex -12.6729 -5.39571 -2
    endloop
  endfacet
  facet normal -0.958853 -0.283904 0
    outer loop
      vertex -12.6729 -5.39571 2
      vertex -12.4779 -6.0543 -2
      vertex -12.4779 -6.0543 2
    endloop
  endfacet
  facet normal -0.760367 -0.649493 0
    outer loop
      vertex -9.75006 -10.779 -2
      vertex -10.1962 -10.2567 2
      vertex -10.1962 -10.2567 -2
    endloop
  endfacet
  facet normal -0.760367 -0.649493 0
    outer loop
      vertex -10.1962 -10.2567 2
      vertex -9.75006 -10.779 -2
      vertex -9.75006 -10.779 2
    endloop
  endfacet
  facet normal -0.130445 -0.991456 0
    outer loop
      vertex -2.05242 -14.9585 -2
      vertex -1.37141 -15.0481 2
      vertex -2.05242 -14.9585 2
    endloop
  endfacet
  facet normal -0.130445 -0.991456 -0
    outer loop
      vertex -1.37141 -15.0481 2
      vertex -2.05242 -14.9585 -2
      vertex -1.37141 -15.0481 -2
    endloop
  endfacet
  facet normal -0.283904 0.958853 0
    outer loop
      vertex -3.39571 10.6729 -2
      vertex -4.0543 10.4779 2
      vertex -3.39571 10.6729 2
    endloop
  endfacet
  facet normal -0.283904 0.958853 0
    outer loop
      vertex -4.0543 10.4779 2
      vertex -3.39571 10.6729 -2
      vertex -4.0543 10.4779 -2
    endloop
  endfacet
  facet normal 0.983248 -0.182272 0
    outer loop
      vertex 12.8333 -4.7278 2
      vertex 12.9585 -4.05242 -2
      vertex 12.9585 -4.05242 2
    endloop
  endfacet
  facet normal 0.983248 -0.182272 0
    outer loop
      vertex 12.9585 -4.05242 -2
      vertex 12.8333 -4.7278 2
      vertex 12.8333 -4.7278 -2
    endloop
  endfacet
  facet normal 0.182272 0.983248 -0
    outer loop
      vertex 2.7278 10.8333 -2
      vertex 2.05242 10.9585 2
      vertex 2.7278 10.8333 2
    endloop
  endfacet
  facet normal 0.182272 0.983248 0
    outer loop
      vertex 2.05242 10.9585 2
      vertex 2.7278 10.8333 -2
      vertex 2.05242 10.9585 -2
    endloop
  endfacet
  facet normal -0.233513 0.972354 0
    outer loop
      vertex -2.7278 10.8333 -2
      vertex -3.39571 10.6729 2
      vertex -2.7278 10.8333 2
    endloop
  endfacet
  facet normal -0.233513 0.972354 0
    outer loop
      vertex -3.39571 10.6729 2
      vertex -2.7278 10.8333 -2
      vertex -3.39571 10.6729 -2
    endloop
  endfacet
  facet normal 0.852636 0.522506 0
    outer loop
      vertex 11.3623 4.56 2
      vertex 11.0034 5.14566 -2
      vertex 11.0034 5.14566 2
    endloop
  endfacet
  facet normal 0.852636 0.522506 0
    outer loop
      vertex 11.0034 5.14566 -2
      vertex 11.3623 4.56 2
      vertex 11.3623 4.56 -2
    endloop
  endfacet
  facet normal -0.649444 0.760409 0
    outer loop
      vertex -8.25668 8.19615 -2
      vertex -8.77899 7.75006 2
      vertex -8.25668 8.19615 2
    endloop
  endfacet
  facet normal -0.649444 0.760409 0
    outer loop
      vertex -8.77899 7.75006 2
      vertex -8.25668 8.19615 -2
      vertex -8.77899 7.75006 -2
    endloop
  endfacet
  facet normal -0.972354 0.233513 0
    outer loop
      vertex -12.8333 0.727801 -2
      vertex -12.6729 1.39571 2
      vertex -12.6729 1.39571 -2
    endloop
  endfacet
  facet normal -0.972354 0.233513 0
    outer loop
      vertex -12.6729 1.39571 2
      vertex -12.8333 0.727801 -2
      vertex -12.8333 0.727801 2
    endloop
  endfacet
  facet normal -0.0262053 -0.999657 0
    outer loop
      vertex -0.686647 -15.102 -2
      vertex 0 -15.12 2
      vertex -0.686647 -15.102 2
    endloop
  endfacet
  facet normal -0.0262053 -0.999657 -0
    outer loop
      vertex 0 -15.12 2
      vertex -0.686647 -15.102 -2
      vertex 0 -15.12 -2
    endloop
  endfacet
  facet normal 0.878848 0.477103 0
    outer loop
      vertex 11.69 3.95636 2
      vertex 11.3623 4.56 -2
      vertex 11.3623 4.56 2
    endloop
  endfacet
  facet normal 0.878848 0.477103 0
    outer loop
      vertex 11.3623 4.56 -2
      vertex 11.69 3.95636 2
      vertex 11.69 3.95636 -2
    endloop
  endfacet
  facet normal -0.942636 -0.333822 0
    outer loop
      vertex -12.2486 -6.70179 -2
      vertex -12.4779 -6.0543 2
      vertex -12.4779 -6.0543 -2
    endloop
  endfacet
  facet normal -0.942636 -0.333822 0
    outer loop
      vertex -12.4779 -6.0543 2
      vertex -12.2486 -6.70179 -2
      vertex -12.2486 -6.70179 2
    endloop
  endfacet
  facet normal 0.430493 -0.902594 0
    outer loop
      vertex 5.33638 -13.9857 -2
      vertex 5.95636 -13.69 2
      vertex 5.33638 -13.9857 2
    endloop
  endfacet
  facet normal 0.430493 -0.902594 0
    outer loop
      vertex 5.95636 -13.69 2
      vertex 5.33638 -13.9857 -2
      vertex 5.95636 -13.69 -2
    endloop
  endfacet
  facet normal -0.688415 -0.725317 0
    outer loop
      vertex -9.27724 -11.2772 -2
      vertex -8.77899 -11.7501 2
      vertex -9.27724 -11.2772 2
    endloop
  endfacet
  facet normal -0.688415 -0.725317 -0
    outer loop
      vertex -8.77899 -11.7501 2
      vertex -9.27724 -11.2772 -2
      vertex -8.77899 -11.7501 -2
    endloop
  endfacet
  facet normal 0.983248 0.182271 0
    outer loop
      vertex 12.9585 0.0524197 2
      vertex 12.8333 0.727801 -2
      vertex 12.8333 0.727801 2
    endloop
  endfacet
  facet normal 0.983248 0.182271 0
    outer loop
      vertex 12.8333 0.727801 -2
      vertex 12.9585 0.0524197 2
      vertex 12.9585 0.0524197 -2
    endloop
  endfacet
  facet normal 0.972354 0.233513 0
    outer loop
      vertex 12.8333 0.727801 2
      vertex 12.6729 1.39571 -2
      vertex 12.6729 1.39571 2
    endloop
  endfacet
  facet normal 0.972354 0.233513 0
    outer loop
      vertex 12.6729 1.39571 -2
      vertex 12.8333 0.727801 2
      vertex 12.8333 0.727801 -2
    endloop
  endfacet
  facet normal 0.878848 -0.477103 0
    outer loop
      vertex 11.3623 -8.56 2
      vertex 11.69 -7.95636 -2
      vertex 11.69 -7.95636 2
    endloop
  endfacet
  facet normal 0.878848 -0.477103 0
    outer loop
      vertex 11.69 -7.95636 -2
      vertex 11.3623 -8.56 2
      vertex 11.3623 -8.56 -2
    endloop
  endfacet
  facet normal -0.878848 -0.477103 0
    outer loop
      vertex -11.3623 -8.56 -2
      vertex -11.69 -7.95636 2
      vertex -11.69 -7.95636 -2
    endloop
  endfacet
  facet normal -0.878848 -0.477103 0
    outer loop
      vertex -11.69 -7.95636 2
      vertex -11.3623 -8.56 -2
      vertex -11.3623 -8.56 2
    endloop
  endfacet
  facet normal 0.923857 0.382738 0
    outer loop
      vertex 12.2486 2.70179 2
      vertex 11.9857 3.33638 -2
      vertex 11.9857 3.33638 2
    endloop
  endfacet
  facet normal 0.923857 0.382738 0
    outer loop
      vertex 11.9857 3.33638 -2
      vertex 12.2486 2.70179 2
      vertex 12.2486 2.70179 -2
    endloop
  endfacet
  facet normal -0.182272 0.983248 0
    outer loop
      vertex -2.05242 10.9585 -2
      vertex -2.7278 10.8333 2
      vertex -2.05242 10.9585 2
    endloop
  endfacet
  facet normal -0.182272 0.983248 0
    outer loop
      vertex -2.7278 10.8333 2
      vertex -2.05242 10.9585 -2
      vertex -2.7278 10.8333 -2
    endloop
  endfacet
  facet normal -0.902594 0.430493 0
    outer loop
      vertex -11.9857 3.33638 -2
      vertex -11.69 3.95636 2
      vertex -11.69 3.95636 -2
    endloop
  endfacet
  facet normal -0.902594 0.430493 0
    outer loop
      vertex -11.69 3.95636 2
      vertex -11.9857 3.33638 -2
      vertex -11.9857 3.33638 2
    endloop
  endfacet
  facet normal 0.56645 -0.824096 0
    outer loop
      vertex 7.14566 -13.0034 -2
      vertex 7.71174 -12.6143 2
      vertex 7.14566 -13.0034 2
    endloop
  endfacet
  facet normal 0.56645 -0.824096 0
    outer loop
      vertex 7.71174 -12.6143 2
      vertex 7.14566 -13.0034 -2
      vertex 7.71174 -12.6143 -2
    endloop
  endfacet
  facet normal -0.958853 0.283904 0
    outer loop
      vertex -12.6729 1.39571 -2
      vertex -12.4779 2.0543 2
      vertex -12.4779 2.0543 -2
    endloop
  endfacet
  facet normal -0.958853 0.283904 0
    outer loop
      vertex -12.4779 2.0543 2
      vertex -12.6729 1.39571 -2
      vertex -12.6729 1.39571 2
    endloop
  endfacet
  facet normal -0.824096 0.56645 0
    outer loop
      vertex -11.0034 5.14566 -2
      vertex -10.6143 5.71174 2
      vertex -10.6143 5.71174 -2
    endloop
  endfacet
  facet normal -0.824096 0.56645 0
    outer loop
      vertex -10.6143 5.71174 2
      vertex -11.0034 5.14566 -2
      vertex -11.0034 5.14566 2
    endloop
  endfacet
  facet normal 0.649444 0.760409 -0
    outer loop
      vertex 8.77899 7.75006 -2
      vertex 8.25668 8.19615 2
      vertex 8.77899 7.75006 2
    endloop
  endfacet
  facet normal 0.649444 0.760409 0
    outer loop
      vertex 8.25668 8.19615 2
      vertex 8.77899 7.75006 -2
      vertex 8.25668 8.19615 -2
    endloop
  endfacet
  facet normal -0.725376 0.688353 0
    outer loop
      vertex -9.75006 6.77899 -2
      vertex -9.27724 7.27724 2
      vertex -9.27724 7.27724 -2
    endloop
  endfacet
  facet normal -0.725376 0.688353 0
    outer loop
      vertex -9.27724 7.27724 2
      vertex -9.75006 6.77899 -2
      vertex -9.75006 6.77899 2
    endloop
  endfacet
  facet normal -0.430505 0.902588 0
    outer loop
      vertex -5.33638 9.98572 -2
      vertex -5.95636 9.69001 2
      vertex -5.33638 9.98572 2
    endloop
  endfacet
  facet normal -0.430505 0.902588 0
    outer loop
      vertex -5.95636 9.69001 2
      vertex -5.33638 9.98572 -2
      vertex -5.95636 9.69001 -2
    endloop
  endfacet
  facet normal -0.430493 -0.902594 0
    outer loop
      vertex -5.95636 -13.69 -2
      vertex -5.33638 -13.9857 2
      vertex -5.95636 -13.69 2
    endloop
  endfacet
  facet normal -0.430493 -0.902594 -0
    outer loop
      vertex -5.33638 -13.9857 2
      vertex -5.95636 -13.69 -2
      vertex -5.33638 -13.9857 -2
    endloop
  endfacet
  facet normal 0.56641 0.824123 -0
    outer loop
      vertex 7.71174 8.6143 -2
      vertex 7.14566 9.00336 2
      vertex 7.71174 8.6143 2
    endloop
  endfacet
  facet normal 0.56641 0.824123 0
    outer loop
      vertex 7.14566 9.00336 2
      vertex 7.71174 8.6143 -2
      vertex 7.14566 9.00336 -2
    endloop
  endfacet
  facet normal 0.608764 0.793351 -0
    outer loop
      vertex 8.25668 8.19615 -2
      vertex 7.71174 8.6143 2
      vertex 8.25668 8.19615 2
    endloop
  endfacet
  facet normal 0.608764 0.793351 0
    outer loop
      vertex 7.71174 8.6143 2
      vertex 8.25668 8.19615 -2
      vertex 7.71174 8.6143 -2
    endloop
  endfacet
  facet normal -0.902594 -0.430493 0
    outer loop
      vertex -11.69 -7.95636 -2
      vertex -11.9857 -7.33638 2
      vertex -11.9857 -7.33638 -2
    endloop
  endfacet
  facet normal -0.902594 -0.430493 0
    outer loop
      vertex -11.9857 -7.33638 2
      vertex -11.69 -7.95636 -2
      vertex -11.69 -7.95636 2
    endloop
  endfacet
  facet normal 0.130445 0.991456 -0
    outer loop
      vertex 2.05242 10.9585 -2
      vertex 1.37141 11.0481 2
      vertex 2.05242 10.9585 2
    endloop
  endfacet
  facet normal 0.130445 0.991456 0
    outer loop
      vertex 1.37141 11.0481 2
      vertex 2.05242 10.9585 -2
      vertex 1.37141 11.0481 -2
    endloop
  endfacet
  facet normal -0.923857 0.382738 0
    outer loop
      vertex -12.2486 2.70179 -2
      vertex -11.9857 3.33638 2
      vertex -11.9857 3.33638 -2
    endloop
  endfacet
  facet normal -0.923857 0.382738 0
    outer loop
      vertex -11.9857 3.33638 2
      vertex -12.2486 2.70179 -2
      vertex -12.2486 2.70179 2
    endloop
  endfacet
  facet normal 0.999657 0.0262052 0
    outer loop
      vertex 13.12 -2 2
      vertex 13.102 -1.31335 -2
      vertex 13.102 -1.31335 2
    endloop
  endfacet
  facet normal 0.999657 0.0262052 0
    outer loop
      vertex 13.102 -1.31335 -2
      vertex 13.12 -2 2
      vertex 13.12 -2 -2
    endloop
  endfacet
  facet normal -0.47717 0.878811 0
    outer loop
      vertex -5.95636 9.69001 -2
      vertex -6.56 9.36225 2
      vertex -5.95636 9.69001 2
    endloop
  endfacet
  facet normal -0.47717 0.878811 0
    outer loop
      vertex -6.56 9.36225 2
      vertex -5.95636 9.69001 -2
      vertex -6.56 9.36225 -2
    endloop
  endfacet
  facet normal -0.972354 -0.233513 0
    outer loop
      vertex -12.6729 -5.39571 -2
      vertex -12.8333 -4.7278 2
      vertex -12.8333 -4.7278 -2
    endloop
  endfacet
  facet normal -0.972354 -0.233513 0
    outer loop
      vertex -12.8333 -4.7278 2
      vertex -12.6729 -5.39571 -2
      vertex -12.6729 -5.39571 2
    endloop
  endfacet
  facet normal 0.47717 0.878811 -0
    outer loop
      vertex 6.56 9.36225 -2
      vertex 5.95636 9.69001 2
      vertex 6.56 9.36225 2
    endloop
  endfacet
  facet normal 0.47717 0.878811 0
    outer loop
      vertex 5.95636 9.69001 2
      vertex 6.56 9.36225 -2
      vertex 5.95636 9.69001 -2
    endloop
  endfacet
  facet normal -0.878848 0.477103 0
    outer loop
      vertex -11.69 3.95636 -2
      vertex -11.3623 4.56 2
      vertex -11.3623 4.56 -2
    endloop
  endfacet
  facet normal -0.878848 0.477103 0
    outer loop
      vertex -11.3623 4.56 2
      vertex -11.69 3.95636 -2
      vertex -11.69 3.95636 2
    endloop
  endfacet
  facet normal -0.608764 0.793351 0
    outer loop
      vertex -7.71174 8.6143 -2
      vertex -8.25668 8.19615 2
      vertex -7.71174 8.6143 2
    endloop
  endfacet
  facet normal -0.608764 0.793351 0
    outer loop
      vertex -8.25668 8.19615 2
      vertex -7.71174 8.6143 -2
      vertex -8.25668 8.19615 -2
    endloop
  endfacet
  facet normal -0.522506 -0.852636 0
    outer loop
      vertex -7.14566 -13.0034 -2
      vertex -6.56 -13.3623 2
      vertex -7.14566 -13.0034 2
    endloop
  endfacet
  facet normal -0.522506 -0.852636 -0
    outer loop
      vertex -6.56 -13.3623 2
      vertex -7.14566 -13.0034 -2
      vertex -6.56 -13.3623 -2
    endloop
  endfacet
  facet normal -0.852636 -0.522506 0
    outer loop
      vertex -11.0034 -9.14566 -2
      vertex -11.3623 -8.56 2
      vertex -11.3623 -8.56 -2
    endloop
  endfacet
  facet normal -0.852636 -0.522506 0
    outer loop
      vertex -11.3623 -8.56 2
      vertex -11.0034 -9.14566 -2
      vertex -11.0034 -9.14566 2
    endloop
  endfacet
  facet normal -0.725341 -0.68839 0
    outer loop
      vertex -9.27724 -11.2772 -2
      vertex -9.75006 -10.779 2
      vertex -9.75006 -10.779 -2
    endloop
  endfacet
  facet normal -0.725341 -0.68839 0
    outer loop
      vertex -9.75006 -10.779 2
      vertex -9.27724 -11.2772 -2
      vertex -9.27724 -11.2772 2
    endloop
  endfacet
  facet normal -0.56641 0.824123 0
    outer loop
      vertex -7.14566 9.00336 -2
      vertex -7.71174 8.6143 2
      vertex -7.14566 9.00336 2
    endloop
  endfacet
  facet normal -0.56641 0.824123 0
    outer loop
      vertex -7.71174 8.6143 2
      vertex -7.14566 9.00336 -2
      vertex -7.71174 8.6143 -2
    endloop
  endfacet
  facet normal -0.130445 0.991456 0
    outer loop
      vertex -1.37141 11.0481 -2
      vertex -2.05242 10.9585 2
      vertex -1.37141 11.0481 2
    endloop
  endfacet
  facet normal -0.130445 0.991456 0
    outer loop
      vertex -2.05242 10.9585 2
      vertex -1.37141 11.0481 -2
      vertex -2.05242 10.9585 -2
    endloop
  endfacet
  facet normal 0.0784706 -0.996916 0
    outer loop
      vertex 0.686647 -15.102 -2
      vertex 1.37141 -15.0481 2
      vertex 0.686647 -15.102 2
    endloop
  endfacet
  facet normal 0.0784706 -0.996916 0
    outer loop
      vertex 1.37141 -15.0481 2
      vertex 0.686647 -15.102 -2
      vertex 1.37141 -15.0481 -2
    endloop
  endfacet
  facet normal -0.824096 -0.56645 0
    outer loop
      vertex -10.6143 -9.71174 -2
      vertex -11.0034 -9.14566 2
      vertex -11.0034 -9.14566 -2
    endloop
  endfacet
  facet normal -0.824096 -0.56645 0
    outer loop
      vertex -11.0034 -9.14566 2
      vertex -10.6143 -9.71174 -2
      vertex -10.6143 -9.71174 2
    endloop
  endfacet
  facet normal -0.283904 -0.958853 0
    outer loop
      vertex -4.0543 -14.4779 -2
      vertex -3.39571 -14.6729 2
      vertex -4.0543 -14.4779 2
    endloop
  endfacet
  facet normal -0.283904 -0.958853 -0
    outer loop
      vertex -3.39571 -14.6729 2
      vertex -4.0543 -14.4779 -2
      vertex -3.39571 -14.6729 -2
    endloop
  endfacet
  facet normal -0.688353 0.725376 0
    outer loop
      vertex -8.77899 7.75006 -2
      vertex -9.27724 7.27724 2
      vertex -8.77899 7.75006 2
    endloop
  endfacet
  facet normal -0.688353 0.725376 0
    outer loop
      vertex -9.27724 7.27724 2
      vertex -8.77899 7.75006 -2
      vertex -9.27724 7.27724 -2
    endloop
  endfacet
  facet normal -0.991456 -0.130445 0
    outer loop
      vertex -12.9585 -4.05242 -2
      vertex -13.0481 -3.37141 2
      vertex -13.0481 -3.37141 -2
    endloop
  endfacet
  facet normal -0.991456 -0.130445 0
    outer loop
      vertex -13.0481 -3.37141 2
      vertex -12.9585 -4.05242 -2
      vertex -12.9585 -4.05242 2
    endloop
  endfacet
  facet normal 0.233513 -0.972354 0
    outer loop
      vertex 2.7278 -14.8333 -2
      vertex 3.39571 -14.6729 2
      vertex 2.7278 -14.8333 2
    endloop
  endfacet
  facet normal 0.233513 -0.972354 0
    outer loop
      vertex 3.39571 -14.6729 2
      vertex 2.7278 -14.8333 -2
      vertex 3.39571 -14.6729 -2
    endloop
  endfacet
  facet normal 0.333822 0.942636 -0
    outer loop
      vertex 4.70179 10.2486 -2
      vertex 4.0543 10.4779 2
      vertex 4.70179 10.2486 2
    endloop
  endfacet
  facet normal 0.333822 0.942636 0
    outer loop
      vertex 4.0543 10.4779 2
      vertex 4.70179 10.2486 -2
      vertex 4.0543 10.4779 -2
    endloop
  endfacet
  facet normal 0 0 -1
    outer loop
      vertex 8.94 -2 -2
      vertex 13.12 -2 -2
      vertex 13.102 -2.68665 -2
    endloop
  endfacet
  facet normal 0 0 -1
    outer loop
      vertex 8.92775 -2.46788 -2
      vertex 13.102 -2.68665 -2
      vertex 13.0481 -3.37141 -2
    endloop
  endfacet
  facet normal 0 0 -1
    outer loop
      vertex 13.12 -2 -2
      vertex 8.94 -2 -2
      vertex 13.102 -1.31335 -2
    endloop
  endfacet
  facet normal 0 0 -1
    outer loop
      vertex 8.89103 -2.93448 -2
      vertex 13.0481 -3.37141 -2
      vertex 12.9585 -4.05242 -2
    endloop
  endfacet
  facet normal 0 0 -1
    outer loop
      vertex 8.92775 -1.53212 -2
      vertex 13.102 -1.31335 -2
      vertex 8.94 -2 -2
    endloop
  endfacet
  facet normal 0 0 -1
    outer loop
      vertex 8.82993 -3.39852 -2
      vertex 12.9585 -4.05242 -2
      vertex 12.8333 -4.7278 -2
    endloop
  endfacet
  facet normal -0 0 -1
    outer loop
      vertex 13.102 -1.31335 -2
      vertex 8.92775 -1.53212 -2
      vertex 13.0481 -0.628587 -2
    endloop
  endfacet
  facet normal 0 0 -1
    outer loop
      vertex 8.74464 -3.85873 -2
      vertex 12.8333 -4.7278 -2
      vertex 12.6729 -5.39571 -2
    endloop
  endfacet
  facet normal 0 0 -1
    outer loop
      vertex 8.89103 -1.06552 -2
      vertex 13.0481 -0.628587 -2
      vertex 8.92775 -1.53212 -2
    endloop
  endfacet
  facet normal 0 0 -1
    outer loop
      vertex 8.63538 -4.31384 -2
      vertex 12.6729 -5.39571 -2
      vertex 12.4779 -6.0543 -2
    endloop
  endfacet
  facet normal -0 0 -1
    outer loop
      vertex 13.0481 -0.628587 -2
      vertex 8.89103 -1.06552 -2
      vertex 12.9585 0.0524197 -2
    endloop
  endfacet
  facet normal 0 0 -1
    outer loop
      vertex 8.50245 -4.76261 -2
      vertex 12.4779 -6.0543 -2
      vertex 12.2486 -6.70179 -2
    endloop
  endfacet
  facet normal 0 0 -1
    outer loop
      vertex 8.82993 -0.601477 -2
      vertex 12.9585 0.0524197 -2
      vertex 8.89103 -1.06552 -2
    endloop
  endfacet
  facet normal 0 0 -1
    outer loop
      vertex 8.34621 -5.20381 -2
      vertex 12.2486 -6.70179 -2
      vertex 11.9857 -7.33638 -2
    endloop
  endfacet
  facet normal -0 0 -1
    outer loop
      vertex 12.9585 0.0524197 -2
      vertex 8.82993 -0.601477 -2
      vertex 12.8333 0.727801 -2
    endloop
  endfacet
  facet normal 0 0 -1
    outer loop
      vertex 8.1671 -5.63622 -2
      vertex 11.9857 -7.33638 -2
      vertex 11.69 -7.95636 -2
    endloop
  endfacet
  facet normal 0 0 -1
    outer loop
      vertex 8.74464 -0.14127 -2
      vertex 12.8333 0.727801 -2
      vertex 8.82993 -0.601477 -2
    endloop
  endfacet
  facet normal 0 0 -1
    outer loop
      vertex 7.9656 -6.05867 -2
      vertex 11.69 -7.95636 -2
      vertex 11.3623 -8.56 -2
    endloop
  endfacet
  facet normal -0 0 -1
    outer loop
      vertex 12.8333 0.727801 -2
      vertex 8.74464 -0.14127 -2
      vertex 12.6729 1.39571 -2
    endloop
  endfacet
  facet normal 0 0 -1
    outer loop
      vertex 7.74227 -6.47 -2
      vertex 11.3623 -8.56 -2
      vertex 11.0034 -9.14566 -2
    endloop
  endfacet
  facet normal 0 0 -1
    outer loop
      vertex 8.63538 0.313842 -2
      vertex 12.6729 1.39571 -2
      vertex 8.74464 -0.14127 -2
    endloop
  endfacet
  facet normal 0 0 -1
    outer loop
      vertex 7.49771 -6.86907 -2
      vertex 11.0034 -9.14566 -2
      vertex 10.6143 -9.71174 -2
    endloop
  endfacet
  facet normal -0 0 -1
    outer loop
      vertex 12.6729 1.39571 -2
      vertex 8.63538 0.313842 -2
      vertex 12.4779 2.0543 -2
    endloop
  endfacet
  facet normal 0 0 -1
    outer loop
      vertex 7.23261 -7.2548 -2
      vertex 10.6143 -9.71174 -2
      vertex 10.1962 -10.2567 -2
    endloop
  endfacet
  facet normal 0 0 -1
    outer loop
      vertex 8.50245 0.762611 -2
      vertex 12.4779 2.0543 -2
      vertex 8.63538 0.313842 -2
    endloop
  endfacet
  facet normal 0 0 -1
    outer loop
      vertex 6.94768 -7.62612 -2
      vertex 10.1962 -10.2567 -2
      vertex 9.75006 -10.779 -2
    endloop
  endfacet
  facet normal -0 0 -1
    outer loop
      vertex 12.4779 2.0543 -2
      vertex 8.50245 0.762611 -2
      vertex 12.2486 2.70179 -2
    endloop
  endfacet
  facet normal 0 0 -1
    outer loop
      vertex 6.64371 -7.98203 -2
      vertex 9.75006 -10.779 -2
      vertex 9.27724 -11.2772 -2
    endloop
  endfacet
  facet normal 0 0 -1
    outer loop
      vertex 8.34621 1.20381 -2
      vertex 12.2486 2.70179 -2
      vertex 8.50245 0.762611 -2
    endloop
  endfacet
  facet normal -0 0 -1
    outer loop
      vertex 12.2486 2.70179 -2
      vertex 8.34621 1.20381 -2
      vertex 11.9857 3.33638 -2
    endloop
  endfacet
  facet normal 0 0 -1
    outer loop
      vertex 13.102 -2.68665 -2
      vertex 8.92775 -2.46788 -2
      vertex 8.94 -2 -2
    endloop
  endfacet
  facet normal 0 0 -1
    outer loop
      vertex 13.0481 -3.37141 -2
      vertex 8.89103 -2.93448 -2
      vertex 8.92775 -2.46788 -2
    endloop
  endfacet
  facet normal 0 0 -1
    outer loop
      vertex 12.9585 -4.05242 -2
      vertex 8.82993 -3.39852 -2
      vertex 8.89103 -2.93448 -2
    endloop
  endfacet
  facet normal 0 0 -1
    outer loop
      vertex 6.32153 -8.32153 -2
      vertex 9.27724 -11.2772 -2
      vertex 8.77899 -11.7501 -2
    endloop
  endfacet
  facet normal 0 0 -1
    outer loop
      vertex 12.8333 -4.7278 -2
      vertex 8.74464 -3.85873 -2
      vertex 8.82993 -3.39852 -2
    endloop
  endfacet
  facet normal 0 0 -1
    outer loop
      vertex 12.6729 -5.39571 -2
      vertex 8.63538 -4.31384 -2
      vertex 8.74464 -3.85873 -2
    endloop
  endfacet
  facet normal 0 0 -1
    outer loop
      vertex 12.4779 -6.0543 -2
      vertex 8.50245 -4.76261 -2
      vertex 8.63538 -4.31384 -2
    endloop
  endfacet
  facet normal 0 0 -1
    outer loop
      vertex 12.2486 -6.70179 -2
      vertex 8.34621 -5.20381 -2
      vertex 8.50245 -4.76261 -2
    endloop
  endfacet
  facet normal 0 0 -1
    outer loop
      vertex 5.98203 -8.64371 -2
      vertex 8.77899 -11.7501 -2
      vertex 8.25668 -12.1962 -2
    endloop
  endfacet
  facet normal 0 0 -1
    outer loop
      vertex 11.9857 -7.33638 -2
      vertex 8.1671 -5.63622 -2
      vertex 8.34621 -5.20381 -2
    endloop
  endfacet
  facet normal 0 0 -1
    outer loop
      vertex 11.69 -7.95636 -2
      vertex 7.9656 -6.05867 -2
      vertex 8.1671 -5.63622 -2
    endloop
  endfacet
  facet normal 0 0 -1
    outer loop
      vertex 11.3623 -8.56 -2
      vertex 7.74227 -6.47 -2
      vertex 7.9656 -6.05867 -2
    endloop
  endfacet
  facet normal 0 0 -1
    outer loop
      vertex 5.62612 -8.94768 -2
      vertex 8.25668 -12.1962 -2
      vertex 7.71174 -12.6143 -2
    endloop
  endfacet
  facet normal 0 0 -1
    outer loop
      vertex 11.0034 -9.14566 -2
      vertex 7.49771 -6.86907 -2
      vertex 7.74227 -6.47 -2
    endloop
  endfacet
  facet normal 0 0 -1
    outer loop
      vertex 10.6143 -9.71174 -2
      vertex 7.23261 -7.2548 -2
      vertex 7.49771 -6.86907 -2
    endloop
  endfacet
  facet normal 0 0 -1
    outer loop
      vertex 5.2548 -9.23261 -2
      vertex 7.71174 -12.6143 -2
      vertex 7.14566 -13.0034 -2
    endloop
  endfacet
  facet normal 0 0 -1
    outer loop
      vertex 10.1962 -10.2567 -2
      vertex 6.94768 -7.62612 -2
      vertex 7.23261 -7.2548 -2
    endloop
  endfacet
  facet normal 0 0 -1
    outer loop
      vertex 9.75006 -10.779 -2
      vertex 6.64371 -7.98203 -2
      vertex 6.94768 -7.62612 -2
    endloop
  endfacet
  facet normal 0 0 -1
    outer loop
      vertex 4.86907 -9.49771 -2
      vertex 7.14566 -13.0034 -2
      vertex 6.56 -13.3623 -2
    endloop
  endfacet
  facet normal 0 0 -1
    outer loop
      vertex 9.27724 -11.2772 -2
      vertex 6.32153 -8.32153 -2
      vertex 6.64371 -7.98203 -2
    endloop
  endfacet
  facet normal 0 0 -1
    outer loop
      vertex 8.77899 -11.7501 -2
      vertex 5.98203 -8.64371 -2
      vertex 6.32153 -8.32153 -2
    endloop
  endfacet
  facet normal 0 0 -1
    outer loop
      vertex 4.47 -9.74227 -2
      vertex 6.56 -13.3623 -2
      vertex 5.95636 -13.69 -2
    endloop
  endfacet
  facet normal 0 0 -1
    outer loop
      vertex 8.25668 -12.1962 -2
      vertex 5.62612 -8.94768 -2
      vertex 5.98203 -8.64371 -2
    endloop
  endfacet
  facet normal 0 0 -1
    outer loop
      vertex 4.05867 -9.9656 -2
      vertex 5.95636 -13.69 -2
      vertex 5.33638 -13.9857 -2
    endloop
  endfacet
  facet normal 0 0 -1
    outer loop
      vertex 7.71174 -12.6143 -2
      vertex 5.2548 -9.23261 -2
      vertex 5.62612 -8.94768 -2
    endloop
  endfacet
  facet normal 0 0 -1
    outer loop
      vertex 7.14566 -13.0034 -2
      vertex 4.86907 -9.49771 -2
      vertex 5.2548 -9.23261 -2
    endloop
  endfacet
  facet normal 0 0 -1
    outer loop
      vertex 3.63622 -10.1671 -2
      vertex 5.33638 -13.9857 -2
      vertex 4.70179 -14.2486 -2
    endloop
  endfacet
  facet normal 0 0 -1
    outer loop
      vertex 6.56 -13.3623 -2
      vertex 4.47 -9.74227 -2
      vertex 4.86907 -9.49771 -2
    endloop
  endfacet
  facet normal 0 0 -1
    outer loop
      vertex 5.95636 -13.69 -2
      vertex 4.05867 -9.9656 -2
      vertex 4.47 -9.74227 -2
    endloop
  endfacet
  facet normal 0 0 -1
    outer loop
      vertex 3.20381 -10.3462 -2
      vertex 4.70179 -14.2486 -2
      vertex 4.0543 -14.4779 -2
    endloop
  endfacet
  facet normal 0 0 -1
    outer loop
      vertex 5.33638 -13.9857 -2
      vertex 3.63622 -10.1671 -2
      vertex 4.05867 -9.9656 -2
    endloop
  endfacet
  facet normal 0 0 -1
    outer loop
      vertex 2.76261 -10.5024 -2
      vertex 4.0543 -14.4779 -2
      vertex 3.39571 -14.6729 -2
    endloop
  endfacet
  facet normal 0 0 -1
    outer loop
      vertex 4.70179 -14.2486 -2
      vertex 3.20381 -10.3462 -2
      vertex 3.63622 -10.1671 -2
    endloop
  endfacet
  facet normal 0 0 -1
    outer loop
      vertex 4.0543 -14.4779 -2
      vertex 2.76261 -10.5024 -2
      vertex 3.20381 -10.3462 -2
    endloop
  endfacet
  facet normal 0 0 -1
    outer loop
      vertex 2.31384 -10.6354 -2
      vertex 3.39571 -14.6729 -2
      vertex 2.7278 -14.8333 -2
    endloop
  endfacet
  facet normal 0 0 -1
    outer loop
      vertex 3.39571 -14.6729 -2
      vertex 2.31384 -10.6354 -2
      vertex 2.76261 -10.5024 -2
    endloop
  endfacet
  facet normal 0 0 -1
    outer loop
      vertex 1.85873 -10.7446 -2
      vertex 2.7278 -14.8333 -2
      vertex 2.05242 -14.9585 -2
    endloop
  endfacet
  facet normal 0 0 -1
    outer loop
      vertex 2.7278 -14.8333 -2
      vertex 1.85873 -10.7446 -2
      vertex 2.31384 -10.6354 -2
    endloop
  endfacet
  facet normal 0 0 -1
    outer loop
      vertex 2.05242 -14.9585 -2
      vertex 1.39852 -10.8299 -2
      vertex 1.85873 -10.7446 -2
    endloop
  endfacet
  facet normal 0 0 -1
    outer loop
      vertex 1.37141 -15.0481 -2
      vertex 1.39852 -10.8299 -2
      vertex 2.05242 -14.9585 -2
    endloop
  endfacet
  facet normal 0 0 -1
    outer loop
      vertex 1.37141 -15.0481 -2
      vertex 0.934484 -10.891 -2
      vertex 1.39852 -10.8299 -2
    endloop
  endfacet
  facet normal 0 0 -1
    outer loop
      vertex 0.686647 -15.102 -2
      vertex 0.934484 -10.891 -2
      vertex 1.37141 -15.0481 -2
    endloop
  endfacet
  facet normal 0 0 -1
    outer loop
      vertex 0.686647 -15.102 -2
      vertex 0.467883 -10.9277 -2
      vertex 0.934484 -10.891 -2
    endloop
  endfacet
  facet normal 0 0 -1
    outer loop
      vertex 0 -15.12 -2
      vertex 0.467883 -10.9277 -2
      vertex 0.686647 -15.102 -2
    endloop
  endfacet
  facet normal 0 0 -1
    outer loop
      vertex 0 -15.12 -2
      vertex 0 -10.94 -2
      vertex 0.467883 -10.9277 -2
    endloop
  endfacet
  facet normal 0 0 -1
    outer loop
      vertex 0 -15.12 -2
      vertex -0.467883 -10.9277 -2
      vertex 0 -10.94 -2
    endloop
  endfacet
  facet normal 0 0 -1
    outer loop
      vertex -0.686647 -15.102 -2
      vertex -0.467883 -10.9277 -2
      vertex 0 -15.12 -2
    endloop
  endfacet
  facet normal 0 0 -1
    outer loop
      vertex -0.686647 -15.102 -2
      vertex -0.934484 -10.891 -2
      vertex -0.467883 -10.9277 -2
    endloop
  endfacet
  facet normal 0 0 -1
    outer loop
      vertex -1.37141 -15.0481 -2
      vertex -0.934484 -10.891 -2
      vertex -0.686647 -15.102 -2
    endloop
  endfacet
  facet normal 0 0 -1
    outer loop
      vertex -1.37141 -15.0481 -2
      vertex -1.39852 -10.8299 -2
      vertex -0.934484 -10.891 -2
    endloop
  endfacet
  facet normal 0 0 -1
    outer loop
      vertex -2.05242 -14.9585 -2
      vertex -1.39852 -10.8299 -2
      vertex -1.37141 -15.0481 -2
    endloop
  endfacet
  facet normal -0 0 -1
    outer loop
      vertex -1.39852 -10.8299 -2
      vertex -2.05242 -14.9585 -2
      vertex -1.85873 -10.7446 -2
    endloop
  endfacet
  facet normal 0 0 -1
    outer loop
      vertex -2.7278 -14.8333 -2
      vertex -1.85873 -10.7446 -2
      vertex -2.05242 -14.9585 -2
    endloop
  endfacet
  facet normal -0 0 -1
    outer loop
      vertex -1.85873 -10.7446 -2
      vertex -2.7278 -14.8333 -2
      vertex -2.31384 -10.6354 -2
    endloop
  endfacet
  facet normal 0 0 -1
    outer loop
      vertex -3.39571 -14.6729 -2
      vertex -2.31384 -10.6354 -2
      vertex -2.7278 -14.8333 -2
    endloop
  endfacet
  facet normal -0 0 -1
    outer loop
      vertex -2.31384 -10.6354 -2
      vertex -3.39571 -14.6729 -2
      vertex -2.76261 -10.5024 -2
    endloop
  endfacet
  facet normal 0 0 -1
    outer loop
      vertex -4.0543 -14.4779 -2
      vertex -2.76261 -10.5024 -2
      vertex -3.39571 -14.6729 -2
    endloop
  endfacet
  facet normal -0 0 -1
    outer loop
      vertex -2.76261 -10.5024 -2
      vertex -4.0543 -14.4779 -2
      vertex -3.20381 -10.3462 -2
    endloop
  endfacet
  facet normal 0 0 -1
    outer loop
      vertex -4.70179 -14.2486 -2
      vertex -3.20381 -10.3462 -2
      vertex -4.0543 -14.4779 -2
    endloop
  endfacet
  facet normal -0 0 -1
    outer loop
      vertex -3.20381 -10.3462 -2
      vertex -4.70179 -14.2486 -2
      vertex -3.63622 -10.1671 -2
    endloop
  endfacet
  facet normal 0 0 -1
    outer loop
      vertex -5.33638 -13.9857 -2
      vertex -3.63622 -10.1671 -2
      vertex -4.70179 -14.2486 -2
    endloop
  endfacet
  facet normal -0 0 -1
    outer loop
      vertex -3.63622 -10.1671 -2
      vertex -5.33638 -13.9857 -2
      vertex -4.05867 -9.9656 -2
    endloop
  endfacet
  facet normal 0 0 -1
    outer loop
      vertex -5.95636 -13.69 -2
      vertex -4.05867 -9.9656 -2
      vertex -5.33638 -13.9857 -2
    endloop
  endfacet
  facet normal -0 0 -1
    outer loop
      vertex -4.05867 -9.9656 -2
      vertex -5.95636 -13.69 -2
      vertex -4.47 -9.74227 -2
    endloop
  endfacet
  facet normal 0 0 -1
    outer loop
      vertex -6.56 -13.3623 -2
      vertex -4.47 -9.74227 -2
      vertex -5.95636 -13.69 -2
    endloop
  endfacet
  facet normal -0 0 -1
    outer loop
      vertex -4.47 -9.74227 -2
      vertex -6.56 -13.3623 -2
      vertex -4.86907 -9.49771 -2
    endloop
  endfacet
  facet normal 0 0 -1
    outer loop
      vertex -7.14566 -13.0034 -2
      vertex -4.86907 -9.49771 -2
      vertex -6.56 -13.3623 -2
    endloop
  endfacet
  facet normal -0 0 -1
    outer loop
      vertex -4.86907 -9.49771 -2
      vertex -7.14566 -13.0034 -2
      vertex -5.2548 -9.23261 -2
    endloop
  endfacet
  facet normal 0 0 -1
    outer loop
      vertex -7.71174 -12.6143 -2
      vertex -5.2548 -9.23261 -2
      vertex -7.14566 -13.0034 -2
    endloop
  endfacet
  facet normal -0 0 -1
    outer loop
      vertex -5.2548 -9.23261 -2
      vertex -7.71174 -12.6143 -2
      vertex -5.62612 -8.94768 -2
    endloop
  endfacet
  facet normal 0 0 -1
    outer loop
      vertex -8.25668 -12.1962 -2
      vertex -5.62612 -8.94768 -2
      vertex -7.71174 -12.6143 -2
    endloop
  endfacet
  facet normal -0 0 -1
    outer loop
      vertex -5.62612 -8.94768 -2
      vertex -8.25668 -12.1962 -2
      vertex -5.98203 -8.64371 -2
    endloop
  endfacet
  facet normal 0 0 -1
    outer loop
      vertex -8.77899 -11.7501 -2
      vertex -5.98203 -8.64371 -2
      vertex -8.25668 -12.1962 -2
    endloop
  endfacet
  facet normal -0 0 -1
    outer loop
      vertex -5.98203 -8.64371 -2
      vertex -8.77899 -11.7501 -2
      vertex -6.32153 -8.32153 -2
    endloop
  endfacet
  facet normal 0 0 -1
    outer loop
      vertex -9.27724 -11.2772 -2
      vertex -6.32153 -8.32153 -2
      vertex -8.77899 -11.7501 -2
    endloop
  endfacet
  facet normal -0 0 -1
    outer loop
      vertex -6.32153 -8.32153 -2
      vertex -9.27724 -11.2772 -2
      vertex -6.64371 -7.98203 -2
    endloop
  endfacet
  facet normal 0 0 -1
    outer loop
      vertex -9.75006 -10.779 -2
      vertex -6.64371 -7.98203 -2
      vertex -9.27724 -11.2772 -2
    endloop
  endfacet
  facet normal -0 0 -1
    outer loop
      vertex -6.64371 -7.98203 -2
      vertex -9.75006 -10.779 -2
      vertex -6.94768 -7.62612 -2
    endloop
  endfacet
  facet normal 0 0 -1
    outer loop
      vertex -10.1962 -10.2567 -2
      vertex -6.94768 -7.62612 -2
      vertex -9.75006 -10.779 -2
    endloop
  endfacet
  facet normal -0 0 -1
    outer loop
      vertex -6.94768 -7.62612 -2
      vertex -10.1962 -10.2567 -2
      vertex -7.23261 -7.2548 -2
    endloop
  endfacet
  facet normal 0 0 -1
    outer loop
      vertex -10.6143 -9.71174 -2
      vertex -7.23261 -7.2548 -2
      vertex -10.1962 -10.2567 -2
    endloop
  endfacet
  facet normal -0 0 -1
    outer loop
      vertex -7.23261 -7.2548 -2
      vertex -10.6143 -9.71174 -2
      vertex -7.49771 -6.86907 -2
    endloop
  endfacet
  facet normal 0 0 -1
    outer loop
      vertex -11.0034 -9.14566 -2
      vertex -7.49771 -6.86907 -2
      vertex -10.6143 -9.71174 -2
    endloop
  endfacet
  facet normal -0 0 -1
    outer loop
      vertex -7.49771 -6.86907 -2
      vertex -11.0034 -9.14566 -2
      vertex -7.74227 -6.47 -2
    endloop
  endfacet
  facet normal 0 0 -1
    outer loop
      vertex -11.3623 -8.56 -2
      vertex -7.74227 -6.47 -2
      vertex -11.0034 -9.14566 -2
    endloop
  endfacet
  facet normal -0 0 -1
    outer loop
      vertex -7.74227 -6.47 -2
      vertex -11.3623 -8.56 -2
      vertex -7.9656 -6.05867 -2
    endloop
  endfacet
  facet normal 0 0 -1
    outer loop
      vertex -11.69 -7.95636 -2
      vertex -7.9656 -6.05867 -2
      vertex -11.3623 -8.56 -2
    endloop
  endfacet
  facet normal -0 0 -1
    outer loop
      vertex -7.9656 -6.05867 -2
      vertex -11.69 -7.95636 -2
      vertex -8.1671 -5.63622 -2
    endloop
  endfacet
  facet normal 0 0 -1
    outer loop
      vertex -11.9857 -7.33638 -2
      vertex -8.1671 -5.63622 -2
      vertex -11.69 -7.95636 -2
    endloop
  endfacet
  facet normal -0 0 -1
    outer loop
      vertex -8.1671 -5.63622 -2
      vertex -11.9857 -7.33638 -2
      vertex -8.34621 -5.20381 -2
    endloop
  endfacet
  facet normal 0 0 -1
    outer loop
      vertex 8.1671 1.63622 -2
      vertex 11.9857 3.33638 -2
      vertex 8.34621 1.20381 -2
    endloop
  endfacet
  facet normal -0 0 -1
    outer loop
      vertex 11.9857 3.33638 -2
      vertex 8.1671 1.63622 -2
      vertex 11.69 3.95636 -2
    endloop
  endfacet
  facet normal 0 0 -1
    outer loop
      vertex 7.9656 2.05867 -2
      vertex 11.69 3.95636 -2
      vertex 8.1671 1.63622 -2
    endloop
  endfacet
  facet normal -0 0 -1
    outer loop
      vertex 11.69 3.95636 -2
      vertex 7.9656 2.05867 -2
      vertex 11.3623 4.56 -2
    endloop
  endfacet
  facet normal 0 0 -1
    outer loop
      vertex 7.74227 2.47 -2
      vertex 11.3623 4.56 -2
      vertex 7.9656 2.05867 -2
    endloop
  endfacet
  facet normal -0 0 -1
    outer loop
      vertex 11.3623 4.56 -2
      vertex 7.74227 2.47 -2
      vertex 11.0034 5.14566 -2
    endloop
  endfacet
  facet normal 0 0 -1
    outer loop
      vertex 7.49771 2.86907 -2
      vertex 11.0034 5.14566 -2
      vertex 7.74227 2.47 -2
    endloop
  endfacet
  facet normal -0 0 -1
    outer loop
      vertex 11.0034 5.14566 -2
      vertex 7.49771 2.86907 -2
      vertex 10.6143 5.71174 -2
    endloop
  endfacet
  facet normal 0 0 -1
    outer loop
      vertex 7.23261 3.2548 -2
      vertex 10.6143 5.71174 -2
      vertex 7.49771 2.86907 -2
    endloop
  endfacet
  facet normal -0 0 -1
    outer loop
      vertex 10.6143 5.71174 -2
      vertex 7.23261 3.2548 -2
      vertex 10.1962 6.25668 -2
    endloop
  endfacet
  facet normal 0 0 -1
    outer loop
      vertex 6.94768 3.62612 -2
      vertex 10.1962 6.25668 -2
      vertex 7.23261 3.2548 -2
    endloop
  endfacet
  facet normal -0 0 -1
    outer loop
      vertex 10.1962 6.25668 -2
      vertex 6.94768 3.62612 -2
      vertex 9.75006 6.77899 -2
    endloop
  endfacet
  facet normal 0 0 -1
    outer loop
      vertex 6.64371 3.98203 -2
      vertex 9.75006 6.77899 -2
      vertex 6.94768 3.62612 -2
    endloop
  endfacet
  facet normal -0 0 -1
    outer loop
      vertex 9.75006 6.77899 -2
      vertex 6.64371 3.98203 -2
      vertex 9.27724 7.27724 -2
    endloop
  endfacet
  facet normal 0 0 -1
    outer loop
      vertex 6.32153 4.32153 -2
      vertex 9.27724 7.27724 -2
      vertex 6.64371 3.98203 -2
    endloop
  endfacet
  facet normal -0 0 -1
    outer loop
      vertex 9.27724 7.27724 -2
      vertex 6.32153 4.32153 -2
      vertex 8.77899 7.75006 -2
    endloop
  endfacet
  facet normal 0 0 -1
    outer loop
      vertex 5.98203 4.64371 -2
      vertex 8.77899 7.75006 -2
      vertex 6.32153 4.32153 -2
    endloop
  endfacet
  facet normal -0 0 -1
    outer loop
      vertex 8.77899 7.75006 -2
      vertex 5.98203 4.64371 -2
      vertex 8.25668 8.19615 -2
    endloop
  endfacet
  facet normal 0 0 -1
    outer loop
      vertex 5.62612 4.94768 -2
      vertex 8.25668 8.19615 -2
      vertex 5.98203 4.64371 -2
    endloop
  endfacet
  facet normal -0 0 -1
    outer loop
      vertex 8.25668 8.19615 -2
      vertex 5.62612 4.94768 -2
      vertex 7.71174 8.6143 -2
    endloop
  endfacet
  facet normal 0 0 -1
    outer loop
      vertex 5.2548 5.23261 -2
      vertex 7.71174 8.6143 -2
      vertex 5.62612 4.94768 -2
    endloop
  endfacet
  facet normal -0 0 -1
    outer loop
      vertex 7.71174 8.6143 -2
      vertex 5.2548 5.23261 -2
      vertex 7.14566 9.00336 -2
    endloop
  endfacet
  facet normal 0 0 -1
    outer loop
      vertex 4.86907 5.49771 -2
      vertex 7.14566 9.00336 -2
      vertex 5.2548 5.23261 -2
    endloop
  endfacet
  facet normal -0 0 -1
    outer loop
      vertex 7.14566 9.00336 -2
      vertex 4.86907 5.49771 -2
      vertex 6.56 9.36225 -2
    endloop
  endfacet
  facet normal 0 0 -1
    outer loop
      vertex 4.47 5.74227 -2
      vertex 6.56 9.36225 -2
      vertex 4.86907 5.49771 -2
    endloop
  endfacet
  facet normal -0 0 -1
    outer loop
      vertex 6.56 9.36225 -2
      vertex 4.47 5.74227 -2
      vertex 5.95636 9.69001 -2
    endloop
  endfacet
  facet normal 0 0 -1
    outer loop
      vertex 4.05867 5.9656 -2
      vertex 5.95636 9.69001 -2
      vertex 4.47 5.74227 -2
    endloop
  endfacet
  facet normal -0 0 -1
    outer loop
      vertex 5.95636 9.69001 -2
      vertex 4.05867 5.9656 -2
      vertex 5.33638 9.98572 -2
    endloop
  endfacet
  facet normal 0 0 -1
    outer loop
      vertex 3.63622 6.1671 -2
      vertex 5.33638 9.98572 -2
      vertex 4.05867 5.9656 -2
    endloop
  endfacet
  facet normal -0 0 -1
    outer loop
      vertex 5.33638 9.98572 -2
      vertex 3.63622 6.1671 -2
      vertex 4.70179 10.2486 -2
    endloop
  endfacet
  facet normal 0 0 -1
    outer loop
      vertex 3.20381 6.34621 -2
      vertex 4.70179 10.2486 -2
      vertex 3.63622 6.1671 -2
    endloop
  endfacet
  facet normal -0 0 -1
    outer loop
      vertex 4.70179 10.2486 -2
      vertex 3.20381 6.34621 -2
      vertex 4.0543 10.4779 -2
    endloop
  endfacet
  facet normal 0 0 -1
    outer loop
      vertex 2.76261 6.50245 -2
      vertex 4.0543 10.4779 -2
      vertex 3.20381 6.34621 -2
    endloop
  endfacet
  facet normal -0 0 -1
    outer loop
      vertex 4.0543 10.4779 -2
      vertex 2.76261 6.50245 -2
      vertex 3.39571 10.6729 -2
    endloop
  endfacet
  facet normal 0 0 -1
    outer loop
      vertex 2.31384 6.63538 -2
      vertex 3.39571 10.6729 -2
      vertex 2.76261 6.50245 -2
    endloop
  endfacet
  facet normal -0 0 -1
    outer loop
      vertex 3.39571 10.6729 -2
      vertex 2.31384 6.63538 -2
      vertex 2.7278 10.8333 -2
    endloop
  endfacet
  facet normal 0 0 -1
    outer loop
      vertex 1.85873 6.74464 -2
      vertex 2.7278 10.8333 -2
      vertex 2.31384 6.63538 -2
    endloop
  endfacet
  facet normal -0 0 -1
    outer loop
      vertex 2.7278 10.8333 -2
      vertex 1.85873 6.74464 -2
      vertex 2.05242 10.9585 -2
    endloop
  endfacet
  facet normal 0 0 -1
    outer loop
      vertex 1.39852 6.82993 -2
      vertex 2.05242 10.9585 -2
      vertex 1.85873 6.74464 -2
    endloop
  endfacet
  facet normal 0 0 -1
    outer loop
      vertex 1.39852 6.82993 -2
      vertex 1.37141 11.0481 -2
      vertex 2.05242 10.9585 -2
    endloop
  endfacet
  facet normal 0 0 -1
    outer loop
      vertex 0.934484 6.89103 -2
      vertex 1.37141 11.0481 -2
      vertex 1.39852 6.82993 -2
    endloop
  endfacet
  facet normal 0 0 -1
    outer loop
      vertex 0.934484 6.89103 -2
      vertex 0.686647 11.102 -2
      vertex 1.37141 11.0481 -2
    endloop
  endfacet
  facet normal 0 0 -1
    outer loop
      vertex 0.467883 6.92775 -2
      vertex 0.686647 11.102 -2
      vertex 0.934484 6.89103 -2
    endloop
  endfacet
  facet normal 0 0 -1
    outer loop
      vertex 0 6.94 -2
      vertex 0.686647 11.102 -2
      vertex 0.467883 6.92775 -2
    endloop
  endfacet
  facet normal 0 0 -1
    outer loop
      vertex 0 6.94 -2
      vertex 0 11.12 -2
      vertex 0.686647 11.102 -2
    endloop
  endfacet
  facet normal 0 0 -1
    outer loop
      vertex -0.467883 6.92775 -2
      vertex 0 11.12 -2
      vertex 0 6.94 -2
    endloop
  endfacet
  facet normal 0 0 -1
    outer loop
      vertex -0.467883 6.92775 -2
      vertex -0.686647 11.102 -2
      vertex 0 11.12 -2
    endloop
  endfacet
  facet normal 0 0 -1
    outer loop
      vertex -0.934484 6.89103 -2
      vertex -0.686647 11.102 -2
      vertex -0.467883 6.92775 -2
    endloop
  endfacet
  facet normal 0 0 -1
    outer loop
      vertex -0.934484 6.89103 -2
      vertex -1.37141 11.0481 -2
      vertex -0.686647 11.102 -2
    endloop
  endfacet
  facet normal 0 0 -1
    outer loop
      vertex -1.39852 6.82993 -2
      vertex -1.37141 11.0481 -2
      vertex -0.934484 6.89103 -2
    endloop
  endfacet
  facet normal 0 0 -1
    outer loop
      vertex -2.05242 10.9585 -2
      vertex -1.39852 6.82993 -2
      vertex -1.85873 6.74464 -2
    endloop
  endfacet
  facet normal 0 0 -1
    outer loop
      vertex -1.39852 6.82993 -2
      vertex -2.05242 10.9585 -2
      vertex -1.37141 11.0481 -2
    endloop
  endfacet
  facet normal 0 0 -1
    outer loop
      vertex -2.7278 10.8333 -2
      vertex -1.85873 6.74464 -2
      vertex -2.31384 6.63538 -2
    endloop
  endfacet
  facet normal 0 0 -1
    outer loop
      vertex -1.85873 6.74464 -2
      vertex -2.7278 10.8333 -2
      vertex -2.05242 10.9585 -2
    endloop
  endfacet
  facet normal 0 0 -1
    outer loop
      vertex -3.39571 10.6729 -2
      vertex -2.31384 6.63538 -2
      vertex -2.76261 6.50245 -2
    endloop
  endfacet
  facet normal 0 0 -1
    outer loop
      vertex -4.0543 10.4779 -2
      vertex -2.76261 6.50245 -2
      vertex -3.20381 6.34621 -2
    endloop
  endfacet
  facet normal 0 0 -1
    outer loop
      vertex -2.31384 6.63538 -2
      vertex -3.39571 10.6729 -2
      vertex -2.7278 10.8333 -2
    endloop
  endfacet
  facet normal 0 0 -1
    outer loop
      vertex -4.70179 10.2486 -2
      vertex -3.20381 6.34621 -2
      vertex -3.63622 6.1671 -2
    endloop
  endfacet
  facet normal 0 0 -1
    outer loop
      vertex -2.76261 6.50245 -2
      vertex -4.0543 10.4779 -2
      vertex -3.39571 10.6729 -2
    endloop
  endfacet
  facet normal 0 0 -1
    outer loop
      vertex -5.33638 9.98572 -2
      vertex -3.63622 6.1671 -2
      vertex -4.05867 5.9656 -2
    endloop
  endfacet
  facet normal 0 0 -1
    outer loop
      vertex -5.95636 9.69001 -2
      vertex -4.05867 5.9656 -2
      vertex -4.47 5.74227 -2
    endloop
  endfacet
  facet normal 0 0 -1
    outer loop
      vertex -3.20381 6.34621 -2
      vertex -4.70179 10.2486 -2
      vertex -4.0543 10.4779 -2
    endloop
  endfacet
  facet normal 0 0 -1
    outer loop
      vertex -6.56 9.36225 -2
      vertex -4.47 5.74227 -2
      vertex -4.86907 5.49771 -2
    endloop
  endfacet
  facet normal 0 0 -1
    outer loop
      vertex -7.14566 9.00336 -2
      vertex -4.86907 5.49771 -2
      vertex -5.2548 5.23261 -2
    endloop
  endfacet
  facet normal 0 0 -1
    outer loop
      vertex -3.63622 6.1671 -2
      vertex -5.33638 9.98572 -2
      vertex -4.70179 10.2486 -2
    endloop
  endfacet
  facet normal 0 0 -1
    outer loop
      vertex -7.71174 8.6143 -2
      vertex -5.2548 5.23261 -2
      vertex -5.62612 4.94768 -2
    endloop
  endfacet
  facet normal 0 0 -1
    outer loop
      vertex -4.05867 5.9656 -2
      vertex -5.95636 9.69001 -2
      vertex -5.33638 9.98572 -2
    endloop
  endfacet
  facet normal 0 0 -1
    outer loop
      vertex -8.25668 8.19615 -2
      vertex -5.62612 4.94768 -2
      vertex -5.98203 4.64371 -2
    endloop
  endfacet
  facet normal 0 0 -1
    outer loop
      vertex -8.77899 7.75006 -2
      vertex -5.98203 4.64371 -2
      vertex -6.32153 4.32153 -2
    endloop
  endfacet
  facet normal 0 0 -1
    outer loop
      vertex -4.47 5.74227 -2
      vertex -6.56 9.36225 -2
      vertex -5.95636 9.69001 -2
    endloop
  endfacet
  facet normal 0 0 -1
    outer loop
      vertex -9.27724 7.27724 -2
      vertex -6.32153 4.32153 -2
      vertex -6.64371 3.98203 -2
    endloop
  endfacet
  facet normal 0 0 -1
    outer loop
      vertex -9.75006 6.77899 -2
      vertex -6.64371 3.98203 -2
      vertex -6.94768 3.62612 -2
    endloop
  endfacet
  facet normal 0 0 -1
    outer loop
      vertex -4.86907 5.49771 -2
      vertex -7.14566 9.00336 -2
      vertex -6.56 9.36225 -2
    endloop
  endfacet
  facet normal 0 0 -1
    outer loop
      vertex -10.1962 6.25668 -2
      vertex -6.94768 3.62612 -2
      vertex -7.23261 3.2548 -2
    endloop
  endfacet
  facet normal 0 0 -1
    outer loop
      vertex -10.6143 5.71174 -2
      vertex -7.23261 3.2548 -2
      vertex -7.49771 2.86907 -2
    endloop
  endfacet
  facet normal 0 0 -1
    outer loop
      vertex -5.2548 5.23261 -2
      vertex -7.71174 8.6143 -2
      vertex -7.14566 9.00336 -2
    endloop
  endfacet
  facet normal 0 0 -1
    outer loop
      vertex -11.0034 5.14566 -2
      vertex -7.49771 2.86907 -2
      vertex -7.74227 2.47 -2
    endloop
  endfacet
  facet normal 0 0 -1
    outer loop
      vertex -11.3623 4.56 -2
      vertex -7.74227 2.47 -2
      vertex -7.9656 2.05867 -2
    endloop
  endfacet
  facet normal 0 0 -1
    outer loop
      vertex -11.69 3.95636 -2
      vertex -7.9656 2.05867 -2
      vertex -8.1671 1.63622 -2
    endloop
  endfacet
  facet normal 0 0 -1
    outer loop
      vertex -5.62612 4.94768 -2
      vertex -8.25668 8.19615 -2
      vertex -7.71174 8.6143 -2
    endloop
  endfacet
  facet normal 0 0 -1
    outer loop
      vertex -11.9857 3.33638 -2
      vertex -8.1671 1.63622 -2
      vertex -8.34621 1.20381 -2
    endloop
  endfacet
  facet normal 0 0 -1
    outer loop
      vertex -12.2486 2.70179 -2
      vertex -8.34621 1.20381 -2
      vertex -8.50245 0.762611 -2
    endloop
  endfacet
  facet normal 0 0 -1
    outer loop
      vertex -12.4779 2.0543 -2
      vertex -8.50245 0.762611 -2
      vertex -8.63538 0.313842 -2
    endloop
  endfacet
  facet normal 0 0 -1
    outer loop
      vertex -12.6729 1.39571 -2
      vertex -8.63538 0.313842 -2
      vertex -8.74464 -0.14127 -2
    endloop
  endfacet
  facet normal 0 0 -1
    outer loop
      vertex -5.98203 4.64371 -2
      vertex -8.77899 7.75006 -2
      vertex -8.25668 8.19615 -2
    endloop
  endfacet
  facet normal 0 0 -1
    outer loop
      vertex -12.8333 0.727801 -2
      vertex -8.74464 -0.14127 -2
      vertex -8.82993 -0.601477 -2
    endloop
  endfacet
  facet normal 0 0 -1
    outer loop
      vertex -12.9585 0.0524197 -2
      vertex -8.82993 -0.601477 -2
      vertex -8.89103 -1.06552 -2
    endloop
  endfacet
  facet normal 0 0 -1
    outer loop
      vertex -13.0481 -0.628587 -2
      vertex -8.89103 -1.06552 -2
      vertex -8.92775 -1.53212 -2
    endloop
  endfacet
  facet normal 0 0 -1
    outer loop
      vertex -13.102 -1.31335 -2
      vertex -8.92775 -1.53212 -2
      vertex -8.94 -2 -2
    endloop
  endfacet
  facet normal 0 0 -1
    outer loop
      vertex -12.2486 -6.70179 -2
      vertex -8.34621 -5.20381 -2
      vertex -11.9857 -7.33638 -2
    endloop
  endfacet
  facet normal 0 0 -1
    outer loop
      vertex -6.32153 4.32153 -2
      vertex -9.27724 7.27724 -2
      vertex -8.77899 7.75006 -2
    endloop
  endfacet
  facet normal -0 0 -1
    outer loop
      vertex -8.34621 -5.20381 -2
      vertex -12.2486 -6.70179 -2
      vertex -8.50245 -4.76261 -2
    endloop
  endfacet
  facet normal 0 0 -1
    outer loop
      vertex -6.64371 3.98203 -2
      vertex -9.75006 6.77899 -2
      vertex -9.27724 7.27724 -2
    endloop
  endfacet
  facet normal 0 0 -1
    outer loop
      vertex -12.4779 -6.0543 -2
      vertex -8.50245 -4.76261 -2
      vertex -12.2486 -6.70179 -2
    endloop
  endfacet
  facet normal 0 0 -1
    outer loop
      vertex -6.94768 3.62612 -2
      vertex -10.1962 6.25668 -2
      vertex -9.75006 6.77899 -2
    endloop
  endfacet
  facet normal -0 0 -1
    outer loop
      vertex -8.50245 -4.76261 -2
      vertex -12.4779 -6.0543 -2
      vertex -8.63538 -4.31384 -2
    endloop
  endfacet
  facet normal 0 0 -1
    outer loop
      vertex -7.23261 3.2548 -2
      vertex -10.6143 5.71174 -2
      vertex -10.1962 6.25668 -2
    endloop
  endfacet
  facet normal 0 0 -1
    outer loop
      vertex -12.6729 -5.39571 -2
      vertex -8.63538 -4.31384 -2
      vertex -12.4779 -6.0543 -2
    endloop
  endfacet
  facet normal 0 0 -1
    outer loop
      vertex -7.49771 2.86907 -2
      vertex -11.0034 5.14566 -2
      vertex -10.6143 5.71174 -2
    endloop
  endfacet
  facet normal -0 0 -1
    outer loop
      vertex -8.63538 -4.31384 -2
      vertex -12.6729 -5.39571 -2
      vertex -8.74464 -3.85873 -2
    endloop
  endfacet
  facet normal 0 0 -1
    outer loop
      vertex -7.74227 2.47 -2
      vertex -11.3623 4.56 -2
      vertex -11.0034 5.14566 -2
    endloop
  endfacet
  facet normal 0 0 -1
    outer loop
      vertex -12.8333 -4.7278 -2
      vertex -8.74464 -3.85873 -2
      vertex -12.6729 -5.39571 -2
    endloop
  endfacet
  facet normal 0 0 -1
    outer loop
      vertex -7.9656 2.05867 -2
      vertex -11.69 3.95636 -2
      vertex -11.3623 4.56 -2
    endloop
  endfacet
  facet normal -0 0 -1
    outer loop
      vertex -8.74464 -3.85873 -2
      vertex -12.8333 -4.7278 -2
      vertex -8.82993 -3.39852 -2
    endloop
  endfacet
  facet normal 0 0 -1
    outer loop
      vertex -8.1671 1.63622 -2
      vertex -11.9857 3.33638 -2
      vertex -11.69 3.95636 -2
    endloop
  endfacet
  facet normal 0 0 -1
    outer loop
      vertex -12.9585 -4.05242 -2
      vertex -8.82993 -3.39852 -2
      vertex -12.8333 -4.7278 -2
    endloop
  endfacet
  facet normal 0 0 -1
    outer loop
      vertex -8.34621 1.20381 -2
      vertex -12.2486 2.70179 -2
      vertex -11.9857 3.33638 -2
    endloop
  endfacet
  facet normal -0 0 -1
    outer loop
      vertex -8.82993 -3.39852 -2
      vertex -12.9585 -4.05242 -2
      vertex -8.89103 -2.93448 -2
    endloop
  endfacet
  facet normal 0 0 -1
    outer loop
      vertex -8.50245 0.762611 -2
      vertex -12.4779 2.0543 -2
      vertex -12.2486 2.70179 -2
    endloop
  endfacet
  facet normal 0 0 -1
    outer loop
      vertex -13.0481 -3.37141 -2
      vertex -8.89103 -2.93448 -2
      vertex -12.9585 -4.05242 -2
    endloop
  endfacet
  facet normal 0 0 -1
    outer loop
      vertex -8.63538 0.313842 -2
      vertex -12.6729 1.39571 -2
      vertex -12.4779 2.0543 -2
    endloop
  endfacet
  facet normal -0 0 -1
    outer loop
      vertex -8.89103 -2.93448 -2
      vertex -13.0481 -3.37141 -2
      vertex -8.92775 -2.46788 -2
    endloop
  endfacet
  facet normal 0 0 -1
    outer loop
      vertex -8.74464 -0.14127 -2
      vertex -12.8333 0.727801 -2
      vertex -12.6729 1.39571 -2
    endloop
  endfacet
  facet normal 0 0 -1
    outer loop
      vertex -13.102 -2.68665 -2
      vertex -8.92775 -2.46788 -2
      vertex -13.0481 -3.37141 -2
    endloop
  endfacet
  facet normal 0 0 -1
    outer loop
      vertex -8.82993 -0.601477 -2
      vertex -12.9585 0.0524197 -2
      vertex -12.8333 0.727801 -2
    endloop
  endfacet
  facet normal -0 0 -1
    outer loop
      vertex -8.92775 -2.46788 -2
      vertex -13.102 -2.68665 -2
      vertex -8.94 -2 -2
    endloop
  endfacet
  facet normal 0 0 -1
    outer loop
      vertex -8.89103 -1.06552 -2
      vertex -13.0481 -0.628587 -2
      vertex -12.9585 0.0524197 -2
    endloop
  endfacet
  facet normal 0 0 -1
    outer loop
      vertex -13.12 -2 -2
      vertex -8.94 -2 -2
      vertex -13.102 -2.68665 -2
    endloop
  endfacet
  facet normal 0 0 -1
    outer loop
      vertex -8.92775 -1.53212 -2
      vertex -13.102 -1.31335 -2
      vertex -13.0481 -0.628587 -2
    endloop
  endfacet
  facet normal 0 0 -1
    outer loop
      vertex -8.94 -2 -2
      vertex -13.12 -2 -2
      vertex -13.102 -1.31335 -2
    endloop
  endfacet
  facet normal -0.522495 0.852642 0
    outer loop
      vertex -6.56 9.36225 -2
      vertex -7.14566 9.00336 2
      vertex -6.56 9.36225 2
    endloop
  endfacet
  facet normal -0.522495 0.852642 0
    outer loop
      vertex -7.14566 9.00336 2
      vertex -6.56 9.36225 -2
      vertex -7.14566 9.00336 -2
    endloop
  endfacet
  facet normal 0.382714 0.923867 -0
    outer loop
      vertex 5.33638 9.98572 -2
      vertex 4.70179 10.2486 2
      vertex 5.33638 9.98572 2
    endloop
  endfacet
  facet normal 0.382714 0.923867 0
    outer loop
      vertex 4.70179 10.2486 2
      vertex 5.33638 9.98572 -2
      vertex 4.70179 10.2486 -2
    endloop
  endfacet
  facet normal 0.688353 0.725376 -0
    outer loop
      vertex 9.27724 7.27724 -2
      vertex 8.77899 7.75006 2
      vertex 9.27724 7.27724 2
    endloop
  endfacet
  facet normal 0.688353 0.725376 0
    outer loop
      vertex 8.77899 7.75006 2
      vertex 9.27724 7.27724 -2
      vertex 8.77899 7.75006 -2
    endloop
  endfacet
  facet normal 0.283904 -0.958853 0
    outer loop
      vertex 3.39571 -14.6729 -2
      vertex 4.0543 -14.4779 2
      vertex 3.39571 -14.6729 2
    endloop
  endfacet
  facet normal 0.283904 -0.958853 0
    outer loop
      vertex 4.0543 -14.4779 2
      vertex 3.39571 -14.6729 -2
      vertex 4.0543 -14.4779 -2
    endloop
  endfacet
  facet normal -0.477103 -0.878848 0
    outer loop
      vertex -6.56 -13.3623 -2
      vertex -5.95636 -13.69 2
      vertex -6.56 -13.3623 2
    endloop
  endfacet
  facet normal -0.477103 -0.878848 -0
    outer loop
      vertex -5.95636 -13.69 2
      vertex -6.56 -13.3623 -2
      vertex -5.95636 -13.69 -2
    endloop
  endfacet
  facet normal 0 0 1
    outer loop
      vertex 8.94 -2 2
      vertex 13.12 -2 2
      vertex 13.102 -1.31335 2
    endloop
  endfacet
  facet normal 0 0 1
    outer loop
      vertex 8.92775 -1.53212 2
      vertex 13.102 -1.31335 2
      vertex 13.0481 -0.628587 2
    endloop
  endfacet
  facet normal 0 0 1
    outer loop
      vertex 13.12 -2 2
      vertex 8.94 -2 2
      vertex 13.102 -2.68665 2
    endloop
  endfacet
  facet normal 0 0 1
    outer loop
      vertex 8.89103 -1.06552 2
      vertex 13.0481 -0.628587 2
      vertex 12.9585 0.0524197 2
    endloop
  endfacet
  facet normal -0 0 1
    outer loop
      vertex 8.92775 -2.46788 2
      vertex 13.102 -2.68665 2
      vertex 8.94 -2 2
    endloop
  endfacet
  facet normal 0 0 1
    outer loop
      vertex 8.82993 -0.601477 2
      vertex 12.9585 0.0524197 2
      vertex 12.8333 0.727801 2
    endloop
  endfacet
  facet normal 0 0 1
    outer loop
      vertex 13.102 -2.68665 2
      vertex 8.92775 -2.46788 2
      vertex 13.0481 -3.37141 2
    endloop
  endfacet
  facet normal 0 0 1
    outer loop
      vertex 8.74464 -0.14127 2
      vertex 12.8333 0.727801 2
      vertex 12.6729 1.39571 2
    endloop
  endfacet
  facet normal -0 0 1
    outer loop
      vertex 8.89103 -2.93448 2
      vertex 13.0481 -3.37141 2
      vertex 8.92775 -2.46788 2
    endloop
  endfacet
  facet normal 0 0 1
    outer loop
      vertex 8.63538 0.313842 2
      vertex 12.6729 1.39571 2
      vertex 12.4779 2.0543 2
    endloop
  endfacet
  facet normal 0 0 1
    outer loop
      vertex 13.0481 -3.37141 2
      vertex 8.89103 -2.93448 2
      vertex 12.9585 -4.05242 2
    endloop
  endfacet
  facet normal 0 0 1
    outer loop
      vertex 8.50245 0.762611 2
      vertex 12.4779 2.0543 2
      vertex 12.2486 2.70179 2
    endloop
  endfacet
  facet normal -0 0 1
    outer loop
      vertex 8.82993 -3.39852 2
      vertex 12.9585 -4.05242 2
      vertex 8.89103 -2.93448 2
    endloop
  endfacet
  facet normal 0 0 1
    outer loop
      vertex 8.34621 1.20381 2
      vertex 12.2486 2.70179 2
      vertex 11.9857 3.33638 2
    endloop
  endfacet
  facet normal 0 0 1
    outer loop
      vertex 12.9585 -4.05242 2
      vertex 8.82993 -3.39852 2
      vertex 12.8333 -4.7278 2
    endloop
  endfacet
  facet normal 0 0 1
    outer loop
      vertex 8.1671 1.63622 2
      vertex 11.9857 3.33638 2
      vertex 11.69 3.95636 2
    endloop
  endfacet
  facet normal -0 0 1
    outer loop
      vertex 8.74464 -3.85873 2
      vertex 12.8333 -4.7278 2
      vertex 8.82993 -3.39852 2
    endloop
  endfacet
  facet normal 0 0 1
    outer loop
      vertex 7.9656 2.05867 2
      vertex 11.69 3.95636 2
      vertex 11.3623 4.56 2
    endloop
  endfacet
  facet normal 0 0 1
    outer loop
      vertex 12.8333 -4.7278 2
      vertex 8.74464 -3.85873 2
      vertex 12.6729 -5.39571 2
    endloop
  endfacet
  facet normal 0 0 1
    outer loop
      vertex 7.74227 2.47 2
      vertex 11.3623 4.56 2
      vertex 11.0034 5.14566 2
    endloop
  endfacet
  facet normal -0 0 1
    outer loop
      vertex 8.63538 -4.31384 2
      vertex 12.6729 -5.39571 2
      vertex 8.74464 -3.85873 2
    endloop
  endfacet
  facet normal 0 0 1
    outer loop
      vertex 7.49771 2.86907 2
      vertex 11.0034 5.14566 2
      vertex 10.6143 5.71174 2
    endloop
  endfacet
  facet normal 0 0 1
    outer loop
      vertex 12.6729 -5.39571 2
      vertex 8.63538 -4.31384 2
      vertex 12.4779 -6.0543 2
    endloop
  endfacet
  facet normal 0 0 1
    outer loop
      vertex 7.23261 3.2548 2
      vertex 10.6143 5.71174 2
      vertex 10.1962 6.25668 2
    endloop
  endfacet
  facet normal -0 0 1
    outer loop
      vertex 8.50245 -4.76261 2
      vertex 12.4779 -6.0543 2
      vertex 8.63538 -4.31384 2
    endloop
  endfacet
  facet normal 0 0 1
    outer loop
      vertex 6.94768 3.62612 2
      vertex 10.1962 6.25668 2
      vertex 9.75006 6.77899 2
    endloop
  endfacet
  facet normal 0 0 1
    outer loop
      vertex 12.4779 -6.0543 2
      vertex 8.50245 -4.76261 2
      vertex 12.2486 -6.70179 2
    endloop
  endfacet
  facet normal 0 0 1
    outer loop
      vertex 6.64371 3.98203 2
      vertex 9.75006 6.77899 2
      vertex 9.27724 7.27724 2
    endloop
  endfacet
  facet normal -0 0 1
    outer loop
      vertex 8.34621 -5.20381 2
      vertex 12.2486 -6.70179 2
      vertex 8.50245 -4.76261 2
    endloop
  endfacet
  facet normal 0 0 1
    outer loop
      vertex 12.2486 -6.70179 2
      vertex 8.34621 -5.20381 2
      vertex 11.9857 -7.33638 2
    endloop
  endfacet
  facet normal 0 0 1
    outer loop
      vertex 13.102 -1.31335 2
      vertex 8.92775 -1.53212 2
      vertex 8.94 -2 2
    endloop
  endfacet
  facet normal 0 0 1
    outer loop
      vertex 13.0481 -0.628587 2
      vertex 8.89103 -1.06552 2
      vertex 8.92775 -1.53212 2
    endloop
  endfacet
  facet normal 0 0 1
    outer loop
      vertex 12.9585 0.0524197 2
      vertex 8.82993 -0.601477 2
      vertex 8.89103 -1.06552 2
    endloop
  endfacet
  facet normal 0 0 1
    outer loop
      vertex 6.32153 4.32153 2
      vertex 9.27724 7.27724 2
      vertex 8.77899 7.75006 2
    endloop
  endfacet
  facet normal 0 0 1
    outer loop
      vertex 12.8333 0.727801 2
      vertex 8.74464 -0.14127 2
      vertex 8.82993 -0.601477 2
    endloop
  endfacet
  facet normal 0 0 1
    outer loop
      vertex 12.6729 1.39571 2
      vertex 8.63538 0.313842 2
      vertex 8.74464 -0.14127 2
    endloop
  endfacet
  facet normal 0 0 1
    outer loop
      vertex 12.4779 2.0543 2
      vertex 8.50245 0.762611 2
      vertex 8.63538 0.313842 2
    endloop
  endfacet
  facet normal 0 0 1
    outer loop
      vertex 12.2486 2.70179 2
      vertex 8.34621 1.20381 2
      vertex 8.50245 0.762611 2
    endloop
  endfacet
  facet normal 0 0 1
    outer loop
      vertex 5.98203 4.64371 2
      vertex 8.77899 7.75006 2
      vertex 8.25668 8.19615 2
    endloop
  endfacet
  facet normal 0 0 1
    outer loop
      vertex 11.9857 3.33638 2
      vertex 8.1671 1.63622 2
      vertex 8.34621 1.20381 2
    endloop
  endfacet
  facet normal 0 0 1
    outer loop
      vertex 11.69 3.95636 2
      vertex 7.9656 2.05867 2
      vertex 8.1671 1.63622 2
    endloop
  endfacet
  facet normal 0 0 1
    outer loop
      vertex 11.3623 4.56 2
      vertex 7.74227 2.47 2
      vertex 7.9656 2.05867 2
    endloop
  endfacet
  facet normal 0 0 1
    outer loop
      vertex 5.62612 4.94768 2
      vertex 8.25668 8.19615 2
      vertex 7.71174 8.6143 2
    endloop
  endfacet
  facet normal 0 0 1
    outer loop
      vertex 11.0034 5.14566 2
      vertex 7.49771 2.86907 2
      vertex 7.74227 2.47 2
    endloop
  endfacet
  facet normal 0 0 1
    outer loop
      vertex 10.6143 5.71174 2
      vertex 7.23261 3.2548 2
      vertex 7.49771 2.86907 2
    endloop
  endfacet
  facet normal 0 0 1
    outer loop
      vertex 5.2548 5.23261 2
      vertex 7.71174 8.6143 2
      vertex 7.14566 9.00336 2
    endloop
  endfacet
  facet normal 0 0 1
    outer loop
      vertex 10.1962 6.25668 2
      vertex 6.94768 3.62612 2
      vertex 7.23261 3.2548 2
    endloop
  endfacet
  facet normal 0 0 1
    outer loop
      vertex 9.75006 6.77899 2
      vertex 6.64371 3.98203 2
      vertex 6.94768 3.62612 2
    endloop
  endfacet
  facet normal 0 0 1
    outer loop
      vertex 4.86907 5.49771 2
      vertex 7.14566 9.00336 2
      vertex 6.56 9.36225 2
    endloop
  endfacet
  facet normal 0 0 1
    outer loop
      vertex 9.27724 7.27724 2
      vertex 6.32153 4.32153 2
      vertex 6.64371 3.98203 2
    endloop
  endfacet
  facet normal 0 0 1
    outer loop
      vertex 8.77899 7.75006 2
      vertex 5.98203 4.64371 2
      vertex 6.32153 4.32153 2
    endloop
  endfacet
  facet normal 0 0 1
    outer loop
      vertex 4.47 5.74227 2
      vertex 6.56 9.36225 2
      vertex 5.95636 9.69001 2
    endloop
  endfacet
  facet normal 0 0 1
    outer loop
      vertex 8.25668 8.19615 2
      vertex 5.62612 4.94768 2
      vertex 5.98203 4.64371 2
    endloop
  endfacet
  facet normal 0 0 1
    outer loop
      vertex 4.05867 5.9656 2
      vertex 5.95636 9.69001 2
      vertex 5.33638 9.98572 2
    endloop
  endfacet
  facet normal 0 0 1
    outer loop
      vertex 7.71174 8.6143 2
      vertex 5.2548 5.23261 2
      vertex 5.62612 4.94768 2
    endloop
  endfacet
  facet normal 0 0 1
    outer loop
      vertex 7.14566 9.00336 2
      vertex 4.86907 5.49771 2
      vertex 5.2548 5.23261 2
    endloop
  endfacet
  facet normal 0 0 1
    outer loop
      vertex 3.63622 6.1671 2
      vertex 5.33638 9.98572 2
      vertex 4.70179 10.2486 2
    endloop
  endfacet
  facet normal 0 0 1
    outer loop
      vertex 6.56 9.36225 2
      vertex 4.47 5.74227 2
      vertex 4.86907 5.49771 2
    endloop
  endfacet
  facet normal 0 0 1
    outer loop
      vertex 5.95636 9.69001 2
      vertex 4.05867 5.9656 2
      vertex 4.47 5.74227 2
    endloop
  endfacet
  facet normal 0 0 1
    outer loop
      vertex 3.20381 6.34621 2
      vertex 4.70179 10.2486 2
      vertex 4.0543 10.4779 2
    endloop
  endfacet
  facet normal 0 0 1
    outer loop
      vertex 5.33638 9.98572 2
      vertex 3.63622 6.1671 2
      vertex 4.05867 5.9656 2
    endloop
  endfacet
  facet normal 0 0 1
    outer loop
      vertex 2.76261 6.50245 2
      vertex 4.0543 10.4779 2
      vertex 3.39571 10.6729 2
    endloop
  endfacet
  facet normal 0 0 1
    outer loop
      vertex 4.70179 10.2486 2
      vertex 3.20381 6.34621 2
      vertex 3.63622 6.1671 2
    endloop
  endfacet
  facet normal 0 0 1
    outer loop
      vertex 4.0543 10.4779 2
      vertex 2.76261 6.50245 2
      vertex 3.20381 6.34621 2
    endloop
  endfacet
  facet normal 0 0 1
    outer loop
      vertex 2.31384 6.63538 2
      vertex 3.39571 10.6729 2
      vertex 2.7278 10.8333 2
    endloop
  endfacet
  facet normal 0 0 1
    outer loop
      vertex 3.39571 10.6729 2
      vertex 2.31384 6.63538 2
      vertex 2.76261 6.50245 2
    endloop
  endfacet
  facet normal 0 0 1
    outer loop
      vertex 1.85873 6.74464 2
      vertex 2.7278 10.8333 2
      vertex 2.05242 10.9585 2
    endloop
  endfacet
  facet normal 0 0 1
    outer loop
      vertex 2.7278 10.8333 2
      vertex 1.85873 6.74464 2
      vertex 2.31384 6.63538 2
    endloop
  endfacet
  facet normal 0 0 1
    outer loop
      vertex 2.05242 10.9585 2
      vertex 1.39852 6.82993 2
      vertex 1.85873 6.74464 2
    endloop
  endfacet
  facet normal 0 0 1
    outer loop
      vertex 1.37141 11.0481 2
      vertex 1.39852 6.82993 2
      vertex 2.05242 10.9585 2
    endloop
  endfacet
  facet normal 0 0 1
    outer loop
      vertex 1.37141 11.0481 2
      vertex 0.934484 6.89103 2
      vertex 1.39852 6.82993 2
    endloop
  endfacet
  facet normal 0 0 1
    outer loop
      vertex 0.686647 11.102 2
      vertex 0.934484 6.89103 2
      vertex 1.37141 11.0481 2
    endloop
  endfacet
  facet normal 0 0 1
    outer loop
      vertex 0.686647 11.102 2
      vertex 0.467883 6.92775 2
      vertex 0.934484 6.89103 2
    endloop
  endfacet
  facet normal 0 0 1
    outer loop
      vertex 0 11.12 2
      vertex 0.467883 6.92775 2
      vertex 0.686647 11.102 2
    endloop
  endfacet
  facet normal 0 0 1
    outer loop
      vertex 0 11.12 2
      vertex 0 6.94 2
      vertex 0.467883 6.92775 2
    endloop
  endfacet
  facet normal 0 0 1
    outer loop
      vertex 0 11.12 2
      vertex -0.467883 6.92775 2
      vertex 0 6.94 2
    endloop
  endfacet
  facet normal -0 0 1
    outer loop
      vertex -0.686647 11.102 2
      vertex -0.467883 6.92775 2
      vertex 0 11.12 2
    endloop
  endfacet
  facet normal 0 0 1
    outer loop
      vertex -0.686647 11.102 2
      vertex -0.934484 6.89103 2
      vertex -0.467883 6.92775 2
    endloop
  endfacet
  facet normal -0 0 1
    outer loop
      vertex -1.37141 11.0481 2
      vertex -0.934484 6.89103 2
      vertex -0.686647 11.102 2
    endloop
  endfacet
  facet normal 0 0 1
    outer loop
      vertex -1.37141 11.0481 2
      vertex -1.39852 6.82993 2
      vertex -0.934484 6.89103 2
    endloop
  endfacet
  facet normal -0 0 1
    outer loop
      vertex -2.05242 10.9585 2
      vertex -1.39852 6.82993 2
      vertex -1.37141 11.0481 2
    endloop
  endfacet
  facet normal 0 0 1
    outer loop
      vertex -1.39852 6.82993 2
      vertex -2.05242 10.9585 2
      vertex -1.85873 6.74464 2
    endloop
  endfacet
  facet normal -0 0 1
    outer loop
      vertex -2.7278 10.8333 2
      vertex -1.85873 6.74464 2
      vertex -2.05242 10.9585 2
    endloop
  endfacet
  facet normal 0 0 1
    outer loop
      vertex -1.85873 6.74464 2
      vertex -2.7278 10.8333 2
      vertex -2.31384 6.63538 2
    endloop
  endfacet
  facet normal -0 0 1
    outer loop
      vertex -3.39571 10.6729 2
      vertex -2.31384 6.63538 2
      vertex -2.7278 10.8333 2
    endloop
  endfacet
  facet normal 0 0 1
    outer loop
      vertex -2.31384 6.63538 2
      vertex -3.39571 10.6729 2
      vertex -2.76261 6.50245 2
    endloop
  endfacet
  facet normal -0 0 1
    outer loop
      vertex -4.0543 10.4779 2
      vertex -2.76261 6.50245 2
      vertex -3.39571 10.6729 2
    endloop
  endfacet
  facet normal 0 0 1
    outer loop
      vertex -2.76261 6.50245 2
      vertex -4.0543 10.4779 2
      vertex -3.20381 6.34621 2
    endloop
  endfacet
  facet normal -0 0 1
    outer loop
      vertex -4.70179 10.2486 2
      vertex -3.20381 6.34621 2
      vertex -4.0543 10.4779 2
    endloop
  endfacet
  facet normal 0 0 1
    outer loop
      vertex -3.20381 6.34621 2
      vertex -4.70179 10.2486 2
      vertex -3.63622 6.1671 2
    endloop
  endfacet
  facet normal -0 0 1
    outer loop
      vertex -5.33638 9.98572 2
      vertex -3.63622 6.1671 2
      vertex -4.70179 10.2486 2
    endloop
  endfacet
  facet normal 0 0 1
    outer loop
      vertex -3.63622 6.1671 2
      vertex -5.33638 9.98572 2
      vertex -4.05867 5.9656 2
    endloop
  endfacet
  facet normal -0 0 1
    outer loop
      vertex -5.95636 9.69001 2
      vertex -4.05867 5.9656 2
      vertex -5.33638 9.98572 2
    endloop
  endfacet
  facet normal 0 0 1
    outer loop
      vertex -4.05867 5.9656 2
      vertex -5.95636 9.69001 2
      vertex -4.47 5.74227 2
    endloop
  endfacet
  facet normal -0 0 1
    outer loop
      vertex -6.56 9.36225 2
      vertex -4.47 5.74227 2
      vertex -5.95636 9.69001 2
    endloop
  endfacet
  facet normal 0 0 1
    outer loop
      vertex -4.47 5.74227 2
      vertex -6.56 9.36225 2
      vertex -4.86907 5.49771 2
    endloop
  endfacet
  facet normal -0 0 1
    outer loop
      vertex -7.14566 9.00336 2
      vertex -4.86907 5.49771 2
      vertex -6.56 9.36225 2
    endloop
  endfacet
  facet normal 0 0 1
    outer loop
      vertex -4.86907 5.49771 2
      vertex -7.14566 9.00336 2
      vertex -5.2548 5.23261 2
    endloop
  endfacet
  facet normal -0 0 1
    outer loop
      vertex -7.71174 8.6143 2
      vertex -5.2548 5.23261 2
      vertex -7.14566 9.00336 2
    endloop
  endfacet
  facet normal 0 0 1
    outer loop
      vertex -5.2548 5.23261 2
      vertex -7.71174 8.6143 2
      vertex -5.62612 4.94768 2
    endloop
  endfacet
  facet normal -0 0 1
    outer loop
      vertex -8.25668 8.19615 2
      vertex -5.62612 4.94768 2
      vertex -7.71174 8.6143 2
    endloop
  endfacet
  facet normal 0 0 1
    outer loop
      vertex -5.62612 4.94768 2
      vertex -8.25668 8.19615 2
      vertex -5.98203 4.64371 2
    endloop
  endfacet
  facet normal -0 0 1
    outer loop
      vertex -8.77899 7.75006 2
      vertex -5.98203 4.64371 2
      vertex -8.25668 8.19615 2
    endloop
  endfacet
  facet normal 0 0 1
    outer loop
      vertex -5.98203 4.64371 2
      vertex -8.77899 7.75006 2
      vertex -6.32153 4.32153 2
    endloop
  endfacet
  facet normal -0 0 1
    outer loop
      vertex -9.27724 7.27724 2
      vertex -6.32153 4.32153 2
      vertex -8.77899 7.75006 2
    endloop
  endfacet
  facet normal 0 0 1
    outer loop
      vertex -6.32153 4.32153 2
      vertex -9.27724 7.27724 2
      vertex -6.64371 3.98203 2
    endloop
  endfacet
  facet normal -0 0 1
    outer loop
      vertex -9.75006 6.77899 2
      vertex -6.64371 3.98203 2
      vertex -9.27724 7.27724 2
    endloop
  endfacet
  facet normal 0 0 1
    outer loop
      vertex -6.64371 3.98203 2
      vertex -9.75006 6.77899 2
      vertex -6.94768 3.62612 2
    endloop
  endfacet
  facet normal -0 0 1
    outer loop
      vertex -10.1962 6.25668 2
      vertex -6.94768 3.62612 2
      vertex -9.75006 6.77899 2
    endloop
  endfacet
  facet normal 0 0 1
    outer loop
      vertex -6.94768 3.62612 2
      vertex -10.1962 6.25668 2
      vertex -7.23261 3.2548 2
    endloop
  endfacet
  facet normal -0 0 1
    outer loop
      vertex -10.6143 5.71174 2
      vertex -7.23261 3.2548 2
      vertex -10.1962 6.25668 2
    endloop
  endfacet
  facet normal 0 0 1
    outer loop
      vertex -7.23261 3.2548 2
      vertex -10.6143 5.71174 2
      vertex -7.49771 2.86907 2
    endloop
  endfacet
  facet normal -0 0 1
    outer loop
      vertex -11.0034 5.14566 2
      vertex -7.49771 2.86907 2
      vertex -10.6143 5.71174 2
    endloop
  endfacet
  facet normal 0 0 1
    outer loop
      vertex -7.49771 2.86907 2
      vertex -11.0034 5.14566 2
      vertex -7.74227 2.47 2
    endloop
  endfacet
  facet normal -0 0 1
    outer loop
      vertex -11.3623 4.56 2
      vertex -7.74227 2.47 2
      vertex -11.0034 5.14566 2
    endloop
  endfacet
  facet normal 0 0 1
    outer loop
      vertex -7.74227 2.47 2
      vertex -11.3623 4.56 2
      vertex -7.9656 2.05867 2
    endloop
  endfacet
  facet normal -0 0 1
    outer loop
      vertex -11.69 3.95636 2
      vertex -7.9656 2.05867 2
      vertex -11.3623 4.56 2
    endloop
  endfacet
  facet normal 0 0 1
    outer loop
      vertex -7.9656 2.05867 2
      vertex -11.69 3.95636 2
      vertex -8.1671 1.63622 2
    endloop
  endfacet
  facet normal -0 0 1
    outer loop
      vertex -11.9857 3.33638 2
      vertex -8.1671 1.63622 2
      vertex -11.69 3.95636 2
    endloop
  endfacet
  facet normal 0 0 1
    outer loop
      vertex -8.1671 1.63622 2
      vertex -11.9857 3.33638 2
      vertex -8.34621 1.20381 2
    endloop
  endfacet
  facet normal -0 0 1
    outer loop
      vertex 8.1671 -5.63622 2
      vertex 11.9857 -7.33638 2
      vertex 8.34621 -5.20381 2
    endloop
  endfacet
  facet normal 0 0 1
    outer loop
      vertex 11.9857 -7.33638 2
      vertex 8.1671 -5.63622 2
      vertex 11.69 -7.95636 2
    endloop
  endfacet
  facet normal -0 0 1
    outer loop
      vertex 7.9656 -6.05867 2
      vertex 11.69 -7.95636 2
      vertex 8.1671 -5.63622 2
    endloop
  endfacet
  facet normal 0 0 1
    outer loop
      vertex 11.69 -7.95636 2
      vertex 7.9656 -6.05867 2
      vertex 11.3623 -8.56 2
    endloop
  endfacet
  facet normal -0 0 1
    outer loop
      vertex 7.74227 -6.47 2
      vertex 11.3623 -8.56 2
      vertex 7.9656 -6.05867 2
    endloop
  endfacet
  facet normal 0 0 1
    outer loop
      vertex 11.3623 -8.56 2
      vertex 7.74227 -6.47 2
      vertex 11.0034 -9.14566 2
    endloop
  endfacet
  facet normal -0 0 1
    outer loop
      vertex 7.49771 -6.86907 2
      vertex 11.0034 -9.14566 2
      vertex 7.74227 -6.47 2
    endloop
  endfacet
  facet normal 0 0 1
    outer loop
      vertex 11.0034 -9.14566 2
      vertex 7.49771 -6.86907 2
      vertex 10.6143 -9.71174 2
    endloop
  endfacet
  facet normal -0 0 1
    outer loop
      vertex 7.23261 -7.2548 2
      vertex 10.6143 -9.71174 2
      vertex 7.49771 -6.86907 2
    endloop
  endfacet
  facet normal 0 0 1
    outer loop
      vertex 10.6143 -9.71174 2
      vertex 7.23261 -7.2548 2
      vertex 10.1962 -10.2567 2
    endloop
  endfacet
  facet normal -0 0 1
    outer loop
      vertex 6.94768 -7.62612 2
      vertex 10.1962 -10.2567 2
      vertex 7.23261 -7.2548 2
    endloop
  endfacet
  facet normal 0 0 1
    outer loop
      vertex 10.1962 -10.2567 2
      vertex 6.94768 -7.62612 2
      vertex 9.75006 -10.779 2
    endloop
  endfacet
  facet normal -0 0 1
    outer loop
      vertex 6.64371 -7.98203 2
      vertex 9.75006 -10.779 2
      vertex 6.94768 -7.62612 2
    endloop
  endfacet
  facet normal 0 0 1
    outer loop
      vertex 9.75006 -10.779 2
      vertex 6.64371 -7.98203 2
      vertex 9.27724 -11.2772 2
    endloop
  endfacet
  facet normal -0 0 1
    outer loop
      vertex 6.32153 -8.32153 2
      vertex 9.27724 -11.2772 2
      vertex 6.64371 -7.98203 2
    endloop
  endfacet
  facet normal 0 0 1
    outer loop
      vertex 9.27724 -11.2772 2
      vertex 6.32153 -8.32153 2
      vertex 8.77899 -11.7501 2
    endloop
  endfacet
  facet normal -0 0 1
    outer loop
      vertex 5.98203 -8.64371 2
      vertex 8.77899 -11.7501 2
      vertex 6.32153 -8.32153 2
    endloop
  endfacet
  facet normal 0 0 1
    outer loop
      vertex 8.77899 -11.7501 2
      vertex 5.98203 -8.64371 2
      vertex 8.25668 -12.1962 2
    endloop
  endfacet
  facet normal -0 0 1
    outer loop
      vertex 5.62612 -8.94768 2
      vertex 8.25668 -12.1962 2
      vertex 5.98203 -8.64371 2
    endloop
  endfacet
  facet normal 0 0 1
    outer loop
      vertex 8.25668 -12.1962 2
      vertex 5.62612 -8.94768 2
      vertex 7.71174 -12.6143 2
    endloop
  endfacet
  facet normal -0 0 1
    outer loop
      vertex 5.2548 -9.23261 2
      vertex 7.71174 -12.6143 2
      vertex 5.62612 -8.94768 2
    endloop
  endfacet
  facet normal 0 0 1
    outer loop
      vertex 7.71174 -12.6143 2
      vertex 5.2548 -9.23261 2
      vertex 7.14566 -13.0034 2
    endloop
  endfacet
  facet normal -0 0 1
    outer loop
      vertex 4.86907 -9.49771 2
      vertex 7.14566 -13.0034 2
      vertex 5.2548 -9.23261 2
    endloop
  endfacet
  facet normal 0 0 1
    outer loop
      vertex 7.14566 -13.0034 2
      vertex 4.86907 -9.49771 2
      vertex 6.56 -13.3623 2
    endloop
  endfacet
  facet normal -0 0 1
    outer loop
      vertex 4.47 -9.74227 2
      vertex 6.56 -13.3623 2
      vertex 4.86907 -9.49771 2
    endloop
  endfacet
  facet normal 0 0 1
    outer loop
      vertex 6.56 -13.3623 2
      vertex 4.47 -9.74227 2
      vertex 5.95636 -13.69 2
    endloop
  endfacet
  facet normal -0 0 1
    outer loop
      vertex 4.05867 -9.9656 2
      vertex 5.95636 -13.69 2
      vertex 4.47 -9.74227 2
    endloop
  endfacet
  facet normal 0 0 1
    outer loop
      vertex 5.95636 -13.69 2
      vertex 4.05867 -9.9656 2
      vertex 5.33638 -13.9857 2
    endloop
  endfacet
  facet normal -0 0 1
    outer loop
      vertex 3.63622 -10.1671 2
      vertex 5.33638 -13.9857 2
      vertex 4.05867 -9.9656 2
    endloop
  endfacet
  facet normal 0 0 1
    outer loop
      vertex 5.33638 -13.9857 2
      vertex 3.63622 -10.1671 2
      vertex 4.70179 -14.2486 2
    endloop
  endfacet
  facet normal -0 0 1
    outer loop
      vertex 3.20381 -10.3462 2
      vertex 4.70179 -14.2486 2
      vertex 3.63622 -10.1671 2
    endloop
  endfacet
  facet normal 0 0 1
    outer loop
      vertex 4.70179 -14.2486 2
      vertex 3.20381 -10.3462 2
      vertex 4.0543 -14.4779 2
    endloop
  endfacet
  facet normal -0 0 1
    outer loop
      vertex 2.76261 -10.5024 2
      vertex 4.0543 -14.4779 2
      vertex 3.20381 -10.3462 2
    endloop
  endfacet
  facet normal 0 0 1
    outer loop
      vertex 4.0543 -14.4779 2
      vertex 2.76261 -10.5024 2
      vertex 3.39571 -14.6729 2
    endloop
  endfacet
  facet normal -0 0 1
    outer loop
      vertex 2.31384 -10.6354 2
      vertex 3.39571 -14.6729 2
      vertex 2.76261 -10.5024 2
    endloop
  endfacet
  facet normal 0 0 1
    outer loop
      vertex 3.39571 -14.6729 2
      vertex 2.31384 -10.6354 2
      vertex 2.7278 -14.8333 2
    endloop
  endfacet
  facet normal -0 0 1
    outer loop
      vertex 1.85873 -10.7446 2
      vertex 2.7278 -14.8333 2
      vertex 2.31384 -10.6354 2
    endloop
  endfacet
  facet normal 0 0 1
    outer loop
      vertex 2.7278 -14.8333 2
      vertex 1.85873 -10.7446 2
      vertex 2.05242 -14.9585 2
    endloop
  endfacet
  facet normal -0 0 1
    outer loop
      vertex 1.39852 -10.8299 2
      vertex 2.05242 -14.9585 2
      vertex 1.85873 -10.7446 2
    endloop
  endfacet
  facet normal 0 0 1
    outer loop
      vertex 1.39852 -10.8299 2
      vertex 1.37141 -15.0481 2
      vertex 2.05242 -14.9585 2
    endloop
  endfacet
  facet normal -0 0 1
    outer loop
      vertex 0.934484 -10.891 2
      vertex 1.37141 -15.0481 2
      vertex 1.39852 -10.8299 2
    endloop
  endfacet
  facet normal 0 0 1
    outer loop
      vertex 0.934484 -10.891 2
      vertex 0.686647 -15.102 2
      vertex 1.37141 -15.0481 2
    endloop
  endfacet
  facet normal -0 0 1
    outer loop
      vertex 0.467883 -10.9277 2
      vertex 0.686647 -15.102 2
      vertex 0.934484 -10.891 2
    endloop
  endfacet
  facet normal -0 0 1
    outer loop
      vertex 0 -10.94 2
      vertex 0.686647 -15.102 2
      vertex 0.467883 -10.9277 2
    endloop
  endfacet
  facet normal 0 0 1
    outer loop
      vertex 0 -10.94 2
      vertex 0 -15.12 2
      vertex 0.686647 -15.102 2
    endloop
  endfacet
  facet normal 0 0 1
    outer loop
      vertex -0.467883 -10.9277 2
      vertex 0 -15.12 2
      vertex 0 -10.94 2
    endloop
  endfacet
  facet normal 0 0 1
    outer loop
      vertex -0.467883 -10.9277 2
      vertex -0.686647 -15.102 2
      vertex 0 -15.12 2
    endloop
  endfacet
  facet normal 0 0 1
    outer loop
      vertex -0.934484 -10.891 2
      vertex -0.686647 -15.102 2
      vertex -0.467883 -10.9277 2
    endloop
  endfacet
  facet normal 0 0 1
    outer loop
      vertex -0.934484 -10.891 2
      vertex -1.37141 -15.0481 2
      vertex -0.686647 -15.102 2
    endloop
  endfacet
  facet normal 0 0 1
    outer loop
      vertex -1.39852 -10.8299 2
      vertex -1.37141 -15.0481 2
      vertex -0.934484 -10.891 2
    endloop
  endfacet
  facet normal 0 0 1
    outer loop
      vertex -2.05242 -14.9585 2
      vertex -1.39852 -10.8299 2
      vertex -1.85873 -10.7446 2
    endloop
  endfacet
  facet normal 0 0 1
    outer loop
      vertex -1.39852 -10.8299 2
      vertex -2.05242 -14.9585 2
      vertex -1.37141 -15.0481 2
    endloop
  endfacet
  facet normal 0 0 1
    outer loop
      vertex -2.7278 -14.8333 2
      vertex -1.85873 -10.7446 2
      vertex -2.31384 -10.6354 2
    endloop
  endfacet
  facet normal 0 0 1
    outer loop
      vertex -1.85873 -10.7446 2
      vertex -2.7278 -14.8333 2
      vertex -2.05242 -14.9585 2
    endloop
  endfacet
  facet normal 0 0 1
    outer loop
      vertex -3.39571 -14.6729 2
      vertex -2.31384 -10.6354 2
      vertex -2.76261 -10.5024 2
    endloop
  endfacet
  facet normal 0 0 1
    outer loop
      vertex -4.0543 -14.4779 2
      vertex -2.76261 -10.5024 2
      vertex -3.20381 -10.3462 2
    endloop
  endfacet
  facet normal 0 0 1
    outer loop
      vertex -2.31384 -10.6354 2
      vertex -3.39571 -14.6729 2
      vertex -2.7278 -14.8333 2
    endloop
  endfacet
  facet normal 0 0 1
    outer loop
      vertex -4.70179 -14.2486 2
      vertex -3.20381 -10.3462 2
      vertex -3.63622 -10.1671 2
    endloop
  endfacet
  facet normal 0 0 1
    outer loop
      vertex -2.76261 -10.5024 2
      vertex -4.0543 -14.4779 2
      vertex -3.39571 -14.6729 2
    endloop
  endfacet
  facet normal 0 0 1
    outer loop
      vertex -5.33638 -13.9857 2
      vertex -3.63622 -10.1671 2
      vertex -4.05867 -9.9656 2
    endloop
  endfacet
  facet normal 0 0 1
    outer loop
      vertex -5.95636 -13.69 2
      vertex -4.05867 -9.9656 2
      vertex -4.47 -9.74227 2
    endloop
  endfacet
  facet normal 0 0 1
    outer loop
      vertex -3.20381 -10.3462 2
      vertex -4.70179 -14.2486 2
      vertex -4.0543 -14.4779 2
    endloop
  endfacet
  facet normal 0 0 1
    outer loop
      vertex -6.56 -13.3623 2
      vertex -4.47 -9.74227 2
      vertex -4.86907 -9.49771 2
    endloop
  endfacet
  facet normal 0 0 1
    outer loop
      vertex -7.14566 -13.0034 2
      vertex -4.86907 -9.49771 2
      vertex -5.2548 -9.23261 2
    endloop
  endfacet
  facet normal 0 0 1
    outer loop
      vertex -3.63622 -10.1671 2
      vertex -5.33638 -13.9857 2
      vertex -4.70179 -14.2486 2
    endloop
  endfacet
  facet normal 0 0 1
    outer loop
      vertex -7.71174 -12.6143 2
      vertex -5.2548 -9.23261 2
      vertex -5.62612 -8.94768 2
    endloop
  endfacet
  facet normal 0 0 1
    outer loop
      vertex -4.05867 -9.9656 2
      vertex -5.95636 -13.69 2
      vertex -5.33638 -13.9857 2
    endloop
  endfacet
  facet normal 0 0 1
    outer loop
      vertex -8.25668 -12.1962 2
      vertex -5.62612 -8.94768 2
      vertex -5.98203 -8.64371 2
    endloop
  endfacet
  facet normal 0 0 1
    outer loop
      vertex -8.77899 -11.7501 2
      vertex -5.98203 -8.64371 2
      vertex -6.32153 -8.32153 2
    endloop
  endfacet
  facet normal 0 0 1
    outer loop
      vertex -4.47 -9.74227 2
      vertex -6.56 -13.3623 2
      vertex -5.95636 -13.69 2
    endloop
  endfacet
  facet normal 0 0 1
    outer loop
      vertex -9.27724 -11.2772 2
      vertex -6.32153 -8.32153 2
      vertex -6.64371 -7.98203 2
    endloop
  endfacet
  facet normal 0 0 1
    outer loop
      vertex -9.75006 -10.779 2
      vertex -6.64371 -7.98203 2
      vertex -6.94768 -7.62612 2
    endloop
  endfacet
  facet normal 0 0 1
    outer loop
      vertex -4.86907 -9.49771 2
      vertex -7.14566 -13.0034 2
      vertex -6.56 -13.3623 2
    endloop
  endfacet
  facet normal 0 0 1
    outer loop
      vertex -10.1962 -10.2567 2
      vertex -6.94768 -7.62612 2
      vertex -7.23261 -7.2548 2
    endloop
  endfacet
  facet normal 0 0 1
    outer loop
      vertex -10.6143 -9.71174 2
      vertex -7.23261 -7.2548 2
      vertex -7.49771 -6.86907 2
    endloop
  endfacet
  facet normal 0 0 1
    outer loop
      vertex -5.2548 -9.23261 2
      vertex -7.71174 -12.6143 2
      vertex -7.14566 -13.0034 2
    endloop
  endfacet
  facet normal 0 0 1
    outer loop
      vertex -11.0034 -9.14566 2
      vertex -7.49771 -6.86907 2
      vertex -7.74227 -6.47 2
    endloop
  endfacet
  facet normal 0 0 1
    outer loop
      vertex -11.3623 -8.56 2
      vertex -7.74227 -6.47 2
      vertex -7.9656 -6.05867 2
    endloop
  endfacet
  facet normal 0 0 1
    outer loop
      vertex -11.69 -7.95636 2
      vertex -7.9656 -6.05867 2
      vertex -8.1671 -5.63622 2
    endloop
  endfacet
  facet normal 0 0 1
    outer loop
      vertex -5.62612 -8.94768 2
      vertex -8.25668 -12.1962 2
      vertex -7.71174 -12.6143 2
    endloop
  endfacet
  facet normal 0 0 1
    outer loop
      vertex -11.9857 -7.33638 2
      vertex -8.1671 -5.63622 2
      vertex -8.34621 -5.20381 2
    endloop
  endfacet
  facet normal 0 0 1
    outer loop
      vertex -12.2486 -6.70179 2
      vertex -8.34621 -5.20381 2
      vertex -8.50245 -4.76261 2
    endloop
  endfacet
  facet normal 0 0 1
    outer loop
      vertex -12.4779 -6.0543 2
      vertex -8.50245 -4.76261 2
      vertex -8.63538 -4.31384 2
    endloop
  endfacet
  facet normal 0 0 1
    outer loop
      vertex -12.6729 -5.39571 2
      vertex -8.63538 -4.31384 2
      vertex -8.74464 -3.85873 2
    endloop
  endfacet
  facet normal 0 0 1
    outer loop
      vertex -5.98203 -8.64371 2
      vertex -8.77899 -11.7501 2
      vertex -8.25668 -12.1962 2
    endloop
  endfacet
  facet normal 0 0 1
    outer loop
      vertex -12.8333 -4.7278 2
      vertex -8.74464 -3.85873 2
      vertex -8.82993 -3.39852 2
    endloop
  endfacet
  facet normal 0 0 1
    outer loop
      vertex -12.9585 -4.05242 2
      vertex -8.82993 -3.39852 2
      vertex -8.89103 -2.93448 2
    endloop
  endfacet
  facet normal 0 0 1
    outer loop
      vertex -13.0481 -3.37141 2
      vertex -8.89103 -2.93448 2
      vertex -8.92775 -2.46788 2
    endloop
  endfacet
  facet normal 0 0 1
    outer loop
      vertex -13.102 -2.68665 2
      vertex -8.92775 -2.46788 2
      vertex -8.94 -2 2
    endloop
  endfacet
  facet normal -0 0 1
    outer loop
      vertex -12.2486 2.70179 2
      vertex -8.34621 1.20381 2
      vertex -11.9857 3.33638 2
    endloop
  endfacet
  facet normal 0 0 1
    outer loop
      vertex -6.32153 -8.32153 2
      vertex -9.27724 -11.2772 2
      vertex -8.77899 -11.7501 2
    endloop
  endfacet
  facet normal 0 0 1
    outer loop
      vertex -8.34621 1.20381 2
      vertex -12.2486 2.70179 2
      vertex -8.50245 0.762611 2
    endloop
  endfacet
  facet normal 0 0 1
    outer loop
      vertex -6.64371 -7.98203 2
      vertex -9.75006 -10.779 2
      vertex -9.27724 -11.2772 2
    endloop
  endfacet
  facet normal -0 0 1
    outer loop
      vertex -12.4779 2.0543 2
      vertex -8.50245 0.762611 2
      vertex -12.2486 2.70179 2
    endloop
  endfacet
  facet normal 0 0 1
    outer loop
      vertex -6.94768 -7.62612 2
      vertex -10.1962 -10.2567 2
      vertex -9.75006 -10.779 2
    endloop
  endfacet
  facet normal 0 0 1
    outer loop
      vertex -8.50245 0.762611 2
      vertex -12.4779 2.0543 2
      vertex -8.63538 0.313842 2
    endloop
  endfacet
  facet normal 0 0 1
    outer loop
      vertex -7.23261 -7.2548 2
      vertex -10.6143 -9.71174 2
      vertex -10.1962 -10.2567 2
    endloop
  endfacet
  facet normal -0 0 1
    outer loop
      vertex -12.6729 1.39571 2
      vertex -8.63538 0.313842 2
      vertex -12.4779 2.0543 2
    endloop
  endfacet
  facet normal 0 0 1
    outer loop
      vertex -7.49771 -6.86907 2
      vertex -11.0034 -9.14566 2
      vertex -10.6143 -9.71174 2
    endloop
  endfacet
  facet normal 0 0 1
    outer loop
      vertex -8.63538 0.313842 2
      vertex -12.6729 1.39571 2
      vertex -8.74464 -0.14127 2
    endloop
  endfacet
  facet normal 0 0 1
    outer loop
      vertex -7.74227 -6.47 2
      vertex -11.3623 -8.56 2
      vertex -11.0034 -9.14566 2
    endloop
  endfacet
  facet normal -0 0 1
    outer loop
      vertex -12.8333 0.727801 2
      vertex -8.74464 -0.14127 2
      vertex -12.6729 1.39571 2
    endloop
  endfacet
  facet normal 0 0 1
    outer loop
      vertex -7.9656 -6.05867 2
      vertex -11.69 -7.95636 2
      vertex -11.3623 -8.56 2
    endloop
  endfacet
  facet normal 0 0 1
    outer loop
      vertex -8.74464 -0.14127 2
      vertex -12.8333 0.727801 2
      vertex -8.82993 -0.601477 2
    endloop
  endfacet
  facet normal 0 0 1
    outer loop
      vertex -8.1671 -5.63622 2
      vertex -11.9857 -7.33638 2
      vertex -11.69 -7.95636 2
    endloop
  endfacet
  facet normal -0 0 1
    outer loop
      vertex -12.9585 0.0524197 2
      vertex -8.82993 -0.601477 2
      vertex -12.8333 0.727801 2
    endloop
  endfacet
  facet normal 0 0 1
    outer loop
      vertex -8.34621 -5.20381 2
      vertex -12.2486 -6.70179 2
      vertex -11.9857 -7.33638 2
    endloop
  endfacet
  facet normal 0 0 1
    outer loop
      vertex -8.82993 -0.601477 2
      vertex -12.9585 0.0524197 2
      vertex -8.89103 -1.06552 2
    endloop
  endfacet
  facet normal 0 0 1
    outer loop
      vertex -8.50245 -4.76261 2
      vertex -12.4779 -6.0543 2
      vertex -12.2486 -6.70179 2
    endloop
  endfacet
  facet normal -0 0 1
    outer loop
      vertex -13.0481 -0.628587 2
      vertex -8.89103 -1.06552 2
      vertex -12.9585 0.0524197 2
    endloop
  endfacet
  facet normal 0 0 1
    outer loop
      vertex -8.63538 -4.31384 2
      vertex -12.6729 -5.39571 2
      vertex -12.4779 -6.0543 2
    endloop
  endfacet
  facet normal 0 0 1
    outer loop
      vertex -8.89103 -1.06552 2
      vertex -13.0481 -0.628587 2
      vertex -8.92775 -1.53212 2
    endloop
  endfacet
  facet normal 0 0 1
    outer loop
      vertex -8.74464 -3.85873 2
      vertex -12.8333 -4.7278 2
      vertex -12.6729 -5.39571 2
    endloop
  endfacet
  facet normal -0 0 1
    outer loop
      vertex -13.102 -1.31335 2
      vertex -8.92775 -1.53212 2
      vertex -13.0481 -0.628587 2
    endloop
  endfacet
  facet normal 0 0 1
    outer loop
      vertex -8.82993 -3.39852 2
      vertex -12.9585 -4.05242 2
      vertex -12.8333 -4.7278 2
    endloop
  endfacet
  facet normal 0 0 1
    outer loop
      vertex -8.92775 -1.53212 2
      vertex -13.102 -1.31335 2
      vertex -8.94 -2 2
    endloop
  endfacet
  facet normal 0 0 1
    outer loop
      vertex -8.89103 -2.93448 2
      vertex -13.0481 -3.37141 2
      vertex -12.9585 -4.05242 2
    endloop
  endfacet
  facet normal 0 0 1
    outer loop
      vertex -13.12 -2 2
      vertex -8.94 -2 2
      vertex -13.102 -1.31335 2
    endloop
  endfacet
  facet normal 0 0 1
    outer loop
      vertex -8.92775 -2.46788 2
      vertex -13.102 -2.68665 2
      vertex -13.0481 -3.37141 2
    endloop
  endfacet
  facet normal 0 0 1
    outer loop
      vertex -8.94 -2 2
      vertex -13.12 -2 2
      vertex -13.102 -2.68665 2
    endloop
  endfacet
  facet normal -0.130544 -0.991443 0
    outer loop
      vertex 0.934484 6.89103 -2
      vertex 1.39852 6.82993 2
      vertex 0.934484 6.89103 2
    endloop
  endfacet
  facet normal -0.130544 -0.991443 -0
    outer loop
      vertex 1.39852 6.82993 2
      vertex 0.934484 6.89103 -2
      vertex 1.39852 6.82993 -2
    endloop
  endfacet
  facet normal -0.333736 0.942666 0
    outer loop
      vertex 3.20381 -10.3462 -2
      vertex 2.76261 -10.5024 2
      vertex 3.20381 -10.3462 2
    endloop
  endfacet
  facet normal -0.333736 0.942666 0
    outer loop
      vertex 2.76261 -10.5024 2
      vertex 3.20381 -10.3462 -2
      vertex 2.76261 -10.5024 -2
    endloop
  endfacet
  facet normal -0.991443 0.130543 0
    outer loop
      vertex 8.82993 -3.39852 -2
      vertex 8.89103 -2.93448 2
      vertex 8.89103 -2.93448 -2
    endloop
  endfacet
  facet normal -0.991443 0.130543 0
    outer loop
      vertex 8.89103 -2.93448 2
      vertex 8.82993 -3.39852 -2
      vertex 8.82993 -3.39852 2
    endloop
  endfacet
  facet normal 0.566399 -0.824131 0
    outer loop
      vertex -5.2548 5.23261 -2
      vertex -4.86907 5.49771 2
      vertex -5.2548 5.23261 2
    endloop
  endfacet
  facet normal 0.566399 -0.824131 0
    outer loop
      vertex -4.86907 5.49771 2
      vertex -5.2548 5.23261 -2
      vertex -4.86907 5.49771 -2
    endloop
  endfacet
  facet normal -0.996918 0.0784544 0
    outer loop
      vertex 8.89103 -2.93448 -2
      vertex 8.92775 -2.46788 2
      vertex 8.92775 -2.46788 -2
    endloop
  endfacet
  facet normal -0.996918 0.0784544 0
    outer loop
      vertex 8.92775 -2.46788 2
      vertex 8.89103 -2.93448 -2
      vertex 8.89103 -2.93448 2
    endloop
  endfacet
  facet normal -0.60877 -0.793347 0
    outer loop
      vertex 5.2548 5.23261 -2
      vertex 5.62612 4.94768 2
      vertex 5.2548 5.23261 2
    endloop
  endfacet
  facet normal -0.60877 -0.793347 -0
    outer loop
      vertex 5.62612 4.94768 2
      vertex 5.2548 5.23261 -2
      vertex 5.62612 4.94768 -2
    endloop
  endfacet
  facet normal -0.983257 -0.182227 0
    outer loop
      vertex 8.82993 -0.601477 -2
      vertex 8.74464 -0.14127 2
      vertex 8.74464 -0.14127 -2
    endloop
  endfacet
  facet normal -0.983257 -0.182227 0
    outer loop
      vertex 8.74464 -0.14127 2
      vertex 8.82993 -0.601477 -2
      vertex 8.82993 -0.601477 2
    endloop
  endfacet
  facet normal 0.958821 0.284012 0
    outer loop
      vertex -8.50245 -4.76261 2
      vertex -8.63538 -4.31384 -2
      vertex -8.63538 -4.31384 2
    endloop
  endfacet
  facet normal 0.958821 0.284012 0
    outer loop
      vertex -8.63538 -4.31384 -2
      vertex -8.50245 -4.76261 2
      vertex -8.50245 -4.76261 -2
    endloop
  endfacet
  facet normal 0.0784118 0.996921 -0
    outer loop
      vertex -0.467883 -10.9277 -2
      vertex -0.934484 -10.891 2
      vertex -0.467883 -10.9277 2
    endloop
  endfacet
  facet normal 0.0784118 0.996921 0
    outer loop
      vertex -0.934484 -10.891 2
      vertex -0.467883 -10.9277 -2
      vertex -0.934484 -10.891 -2
    endloop
  endfacet
  facet normal 0.649441 0.760412 -0
    outer loop
      vertex -5.62612 -8.94768 -2
      vertex -5.98203 -8.64371 2
      vertex -5.62612 -8.94768 2
    endloop
  endfacet
  facet normal 0.649441 0.760412 0
    outer loop
      vertex -5.98203 -8.64371 2
      vertex -5.62612 -8.94768 -2
      vertex -5.98203 -8.64371 -2
    endloop
  endfacet
  facet normal -0.182246 0.983253 0
    outer loop
      vertex 1.85873 -10.7446 -2
      vertex 1.39852 -10.8299 2
      vertex 1.85873 -10.7446 2
    endloop
  endfacet
  facet normal -0.182246 0.983253 0
    outer loop
      vertex 1.39852 -10.8299 2
      vertex 1.85873 -10.7446 -2
      vertex 1.39852 -10.8299 -2
    endloop
  endfacet
  facet normal 0.852631 -0.522513 0
    outer loop
      vertex -7.74227 2.47 2
      vertex -7.49771 2.86907 -2
      vertex -7.49771 2.86907 2
    endloop
  endfacet
  facet normal 0.852631 -0.522513 0
    outer loop
      vertex -7.49771 2.86907 -2
      vertex -7.74227 2.47 2
      vertex -7.74227 2.47 -2
    endloop
  endfacet
  facet normal -0.958821 0.284012 0
    outer loop
      vertex 8.50245 -4.76261 -2
      vertex 8.63538 -4.31384 2
      vertex 8.63538 -4.31384 -2
    endloop
  endfacet
  facet normal -0.958821 0.284012 0
    outer loop
      vertex 8.63538 -4.31384 2
      vertex 8.50245 -4.76261 -2
      vertex 8.50245 -4.76261 2
    endloop
  endfacet
  facet normal -0.983257 0.182225 0
    outer loop
      vertex 8.74464 -3.85873 -2
      vertex 8.82993 -3.39852 2
      vertex 8.82993 -3.39852 -2
    endloop
  endfacet
  facet normal -0.983257 0.182225 0
    outer loop
      vertex 8.82993 -3.39852 2
      vertex 8.74464 -3.85873 -2
      vertex 8.74464 -3.85873 2
    endloop
  endfacet
  facet normal -0.649441 -0.760412 0
    outer loop
      vertex 5.62612 4.94768 -2
      vertex 5.98203 4.64371 2
      vertex 5.62612 4.94768 2
    endloop
  endfacet
  facet normal -0.649441 -0.760412 -0
    outer loop
      vertex 5.98203 4.64371 2
      vertex 5.62612 4.94768 -2
      vertex 5.98203 4.64371 -2
    endloop
  endfacet
  facet normal -0.999657 -0.026173 0
    outer loop
      vertex 8.94 -2 -2
      vertex 8.92775 -1.53212 2
      vertex 8.92775 -1.53212 -2
    endloop
  endfacet
  facet normal -0.999657 -0.026173 0
    outer loop
      vertex 8.92775 -1.53212 2
      vertex 8.94 -2 -2
      vertex 8.94 -2 2
    endloop
  endfacet
  facet normal 0.333736 0.942666 -0
    outer loop
      vertex -2.76261 -10.5024 -2
      vertex -3.20381 -10.3462 2
      vertex -2.76261 -10.5024 2
    endloop
  endfacet
  facet normal 0.333736 0.942666 0
    outer loop
      vertex -3.20381 -10.3462 2
      vertex -2.76261 -10.5024 -2
      vertex -3.20381 -10.3462 -2
    endloop
  endfacet
  facet normal -0.852631 -0.522513 0
    outer loop
      vertex 7.74227 2.47 -2
      vertex 7.49771 2.86907 2
      vertex 7.49771 2.86907 -2
    endloop
  endfacet
  facet normal -0.852631 -0.522513 0
    outer loop
      vertex 7.49771 2.86907 2
      vertex 7.74227 2.47 -2
      vertex 7.74227 2.47 2
    endloop
  endfacet
  facet normal 0.878821 -0.477152 0
    outer loop
      vertex -7.9656 2.05867 2
      vertex -7.74227 2.47 -2
      vertex -7.74227 2.47 2
    endloop
  endfacet
  facet normal 0.878821 -0.477152 0
    outer loop
      vertex -7.74227 2.47 -2
      vertex -7.9656 2.05867 2
      vertex -7.9656 2.05867 -2
    endloop
  endfacet
  facet normal -0.522513 0.852631 0
    outer loop
      vertex 4.86907 -9.49771 -2
      vertex 4.47 -9.74227 2
      vertex 4.86907 -9.49771 2
    endloop
  endfacet
  facet normal -0.522513 0.852631 0
    outer loop
      vertex 4.47 -9.74227 2
      vertex 4.86907 -9.49771 -2
      vertex 4.47 -9.74227 -2
    endloop
  endfacet
  facet normal 0.878821 0.477152 0
    outer loop
      vertex -7.74227 -6.47 2
      vertex -7.9656 -6.05867 -2
      vertex -7.9656 -6.05867 2
    endloop
  endfacet
  facet normal 0.878821 0.477152 0
    outer loop
      vertex -7.9656 -6.05867 -2
      vertex -7.74227 -6.47 2
      vertex -7.74227 -6.47 -2
    endloop
  endfacet
  facet normal 0.522513 0.852631 -0
    outer loop
      vertex -4.47 -9.74227 -2
      vertex -4.86907 -9.49771 2
      vertex -4.47 -9.74227 2
    endloop
  endfacet
  facet normal 0.522513 0.852631 0
    outer loop
      vertex -4.86907 -9.49771 2
      vertex -4.47 -9.74227 -2
      vertex -4.86907 -9.49771 -2
    endloop
  endfacet
  facet normal -0.999657 0.026173 0
    outer loop
      vertex 8.92775 -2.46788 -2
      vertex 8.94 -2 2
      vertex 8.94 -2 -2
    endloop
  endfacet
  facet normal -0.999657 0.026173 0
    outer loop
      vertex 8.94 -2 2
      vertex 8.92775 -2.46788 -2
      vertex 8.92775 -2.46788 2
    endloop
  endfacet
  facet normal -0.60877 0.793347 0
    outer loop
      vertex 5.62612 -8.94768 -2
      vertex 5.2548 -9.23261 2
      vertex 5.62612 -8.94768 2
    endloop
  endfacet
  facet normal -0.60877 0.793347 0
    outer loop
      vertex 5.2548 -9.23261 2
      vertex 5.62612 -8.94768 -2
      vertex 5.2548 -9.23261 -2
    endloop
  endfacet
  facet normal 0.130544 -0.991443 0
    outer loop
      vertex -1.39852 6.82993 -2
      vertex -0.934484 6.89103 2
      vertex -1.39852 6.82993 2
    endloop
  endfacet
  facet normal 0.130544 -0.991443 0
    outer loop
      vertex -0.934484 6.89103 2
      vertex -1.39852 6.82993 -2
      vertex -0.934484 6.89103 -2
    endloop
  endfacet
  facet normal 0.23332 0.9724 -0
    outer loop
      vertex -1.85873 -10.7446 -2
      vertex -2.31384 -10.6354 2
      vertex -1.85873 -10.7446 2
    endloop
  endfacet
  facet normal 0.23332 0.9724 0
    outer loop
      vertex -2.31384 -10.6354 2
      vertex -1.85873 -10.7446 -2
      vertex -2.31384 -10.6354 -2
    endloop
  endfacet
  facet normal -0.382665 0.923887 0
    outer loop
      vertex 3.63622 -10.1671 -2
      vertex 3.20381 -10.3462 2
      vertex 3.63622 -10.1671 2
    endloop
  endfacet
  facet normal -0.382665 0.923887 0
    outer loop
      vertex 3.20381 -10.3462 2
      vertex 3.63622 -10.1671 -2
      vertex 3.20381 -10.3462 -2
    endloop
  endfacet
  facet normal -0.566399 -0.824131 0
    outer loop
      vertex 4.86907 5.49771 -2
      vertex 5.2548 5.23261 2
      vertex 4.86907 5.49771 2
    endloop
  endfacet
  facet normal -0.566399 -0.824131 -0
    outer loop
      vertex 5.2548 5.23261 2
      vertex 4.86907 5.49771 -2
      vertex 5.2548 5.23261 -2
    endloop
  endfacet
  facet normal -0.824131 0.566399 0
    outer loop
      vertex 7.23261 -7.2548 -2
      vertex 7.49771 -6.86907 2
      vertex 7.49771 -6.86907 -2
    endloop
  endfacet
  facet normal -0.824131 0.566399 0
    outer loop
      vertex 7.49771 -6.86907 2
      vertex 7.23261 -7.2548 -2
      vertex 7.23261 -7.2548 2
    endloop
  endfacet
  facet normal 0.725367 -0.688362 0
    outer loop
      vertex -6.64371 3.98203 2
      vertex -6.32153 4.32153 -2
      vertex -6.32153 4.32153 2
    endloop
  endfacet
  facet normal 0.725367 -0.688362 0
    outer loop
      vertex -6.32153 4.32153 -2
      vertex -6.64371 3.98203 2
      vertex -6.64371 3.98203 -2
    endloop
  endfacet
  facet normal -0.92388 -0.382683 0
    outer loop
      vertex 8.34621 1.20381 -2
      vertex 8.1671 1.63622 2
      vertex 8.1671 1.63622 -2
    endloop
  endfacet
  facet normal -0.92388 -0.382683 0
    outer loop
      vertex 8.1671 1.63622 2
      vertex 8.34621 1.20381 -2
      vertex 8.34621 1.20381 2
    endloop
  endfacet
  facet normal 0.991443 0.130543 0
    outer loop
      vertex -8.82993 -3.39852 2
      vertex -8.89103 -2.93448 -2
      vertex -8.89103 -2.93448 2
    endloop
  endfacet
  facet normal 0.991443 0.130543 0
    outer loop
      vertex -8.89103 -2.93448 -2
      vertex -8.82993 -3.39852 2
      vertex -8.82993 -3.39852 -2
    endloop
  endfacet
  facet normal -0.0262795 0.999655 0
    outer loop
      vertex 0.467883 -10.9277 -2
      vertex 0 -10.94 2
      vertex 0.467883 -10.9277 2
    endloop
  endfacet
  facet normal -0.0262795 0.999655 0
    outer loop
      vertex 0 -10.94 2
      vertex 0.467883 -10.9277 -2
      vertex 0 -10.94 -2
    endloop
  endfacet
  facet normal 0.983257 -0.182227 0
    outer loop
      vertex -8.82993 -0.601477 2
      vertex -8.74464 -0.14127 -2
      vertex -8.74464 -0.14127 2
    endloop
  endfacet
  facet normal 0.983257 -0.182227 0
    outer loop
      vertex -8.74464 -0.14127 -2
      vertex -8.82993 -0.601477 2
      vertex -8.82993 -0.601477 -2
    endloop
  endfacet
  facet normal 0.902584 0.430514 0
    outer loop
      vertex -7.9656 -6.05867 2
      vertex -8.1671 -5.63622 -2
      vertex -8.1671 -5.63622 2
    endloop
  endfacet
  facet normal 0.902584 0.430514 0
    outer loop
      vertex -8.1671 -5.63622 -2
      vertex -7.9656 -6.05867 2
      vertex -7.9656 -6.05867 -2
    endloop
  endfacet
  facet normal -0.991443 -0.130542 0
    outer loop
      vertex 8.89103 -1.06552 -2
      vertex 8.82993 -0.601477 2
      vertex 8.82993 -0.601477 -2
    endloop
  endfacet
  facet normal -0.991443 -0.130542 0
    outer loop
      vertex 8.82993 -0.601477 2
      vertex 8.89103 -1.06552 -2
      vertex 8.89103 -1.06552 2
    endloop
  endfacet
  facet normal -0.0784542 -0.996918 0
    outer loop
      vertex 0.467883 6.92775 -2
      vertex 0.934484 6.89103 2
      vertex 0.467883 6.92775 2
    endloop
  endfacet
  facet normal -0.0784542 -0.996918 -0
    outer loop
      vertex 0.934484 6.89103 2
      vertex 0.467883 6.92775 -2
      vertex 0.934484 6.89103 -2
    endloop
  endfacet
  facet normal 0.233441 -0.972371 0
    outer loop
      vertex -2.31384 6.63538 -2
      vertex -1.85873 6.74464 2
      vertex -2.31384 6.63538 2
    endloop
  endfacet
  facet normal 0.233441 -0.972371 0
    outer loop
      vertex -1.85873 6.74464 2
      vertex -2.31384 6.63538 -2
      vertex -1.85873 6.74464 -2
    endloop
  endfacet
  facet normal -0.725367 -0.688362 0
    outer loop
      vertex 6.64371 3.98203 -2
      vertex 6.32153 4.32153 2
      vertex 6.32153 4.32153 -2
    endloop
  endfacet
  facet normal -0.725367 -0.688362 0
    outer loop
      vertex 6.32153 4.32153 2
      vertex 6.64371 3.98203 -2
      vertex 6.64371 3.98203 2
    endloop
  endfacet
  facet normal -0.477152 -0.878821 0
    outer loop
      vertex 4.05867 5.9656 -2
      vertex 4.47 5.74227 2
      vertex 4.05867 5.9656 2
    endloop
  endfacet
  facet normal -0.477152 -0.878821 -0
    outer loop
      vertex 4.47 5.74227 2
      vertex 4.05867 5.9656 -2
      vertex 4.47 5.74227 -2
    endloop
  endfacet
  facet normal -0.649441 0.760412 0
    outer loop
      vertex 5.98203 -8.64371 -2
      vertex 5.62612 -8.94768 2
      vertex 5.98203 -8.64371 2
    endloop
  endfacet
  facet normal -0.649441 0.760412 0
    outer loop
      vertex 5.62612 -8.94768 2
      vertex 5.98203 -8.64371 -2
      vertex 5.62612 -8.94768 -2
    endloop
  endfacet
  facet normal -0.878821 0.477152 0
    outer loop
      vertex 7.74227 -6.47 -2
      vertex 7.9656 -6.05867 2
      vertex 7.9656 -6.05867 -2
    endloop
  endfacet
  facet normal -0.878821 0.477152 0
    outer loop
      vertex 7.9656 -6.05867 2
      vertex 7.74227 -6.47 -2
      vertex 7.74227 -6.47 2
    endloop
  endfacet
  facet normal -0.996918 -0.0784544 0
    outer loop
      vertex 8.92775 -1.53212 -2
      vertex 8.89103 -1.06552 2
      vertex 8.89103 -1.06552 -2
    endloop
  endfacet
  facet normal -0.996918 -0.0784544 0
    outer loop
      vertex 8.89103 -1.06552 2
      vertex 8.92775 -1.53212 -2
      vertex 8.92775 -1.53212 2
    endloop
  endfacet
  facet normal 0.942639 -0.333813 0
    outer loop
      vertex -8.50245 0.762611 2
      vertex -8.34621 1.20381 -2
      vertex -8.34621 1.20381 2
    endloop
  endfacet
  facet normal 0.942639 -0.333813 0
    outer loop
      vertex -8.34621 1.20381 -2
      vertex -8.50245 0.762611 2
      vertex -8.50245 0.762611 -2
    endloop
  endfacet
  facet normal 0.333812 -0.94264 0
    outer loop
      vertex -3.20381 6.34621 -2
      vertex -2.76261 6.50245 2
      vertex -3.20381 6.34621 2
    endloop
  endfacet
  facet normal 0.333812 -0.94264 0
    outer loop
      vertex -2.76261 6.50245 2
      vertex -3.20381 6.34621 -2
      vertex -2.76261 6.50245 -2
    endloop
  endfacet
  facet normal 0.824131 -0.566399 0
    outer loop
      vertex -7.49771 2.86907 2
      vertex -7.23261 3.2548 -2
      vertex -7.23261 3.2548 2
    endloop
  endfacet
  facet normal 0.824131 -0.566399 0
    outer loop
      vertex -7.23261 3.2548 -2
      vertex -7.49771 2.86907 2
      vertex -7.49771 2.86907 -2
    endloop
  endfacet
  facet normal 0.92388 0.382683 0
    outer loop
      vertex -8.1671 -5.63622 2
      vertex -8.34621 -5.20381 -2
      vertex -8.34621 -5.20381 2
    endloop
  endfacet
  facet normal 0.92388 0.382683 0
    outer loop
      vertex -8.34621 -5.20381 -2
      vertex -8.1671 -5.63622 2
      vertex -8.1671 -5.63622 -2
    endloop
  endfacet
  facet normal 0.688362 0.725367 -0
    outer loop
      vertex -5.98203 -8.64371 -2
      vertex -6.32153 -8.32153 2
      vertex -5.98203 -8.64371 2
    endloop
  endfacet
  facet normal 0.688362 0.725367 0
    outer loop
      vertex -6.32153 -8.32153 2
      vertex -5.98203 -8.64371 -2
      vertex -6.32153 -8.32153 -2
    endloop
  endfacet
  facet normal 0.182225 -0.983257 0
    outer loop
      vertex -1.85873 6.74464 -2
      vertex -1.39852 6.82993 2
      vertex -1.85873 6.74464 2
    endloop
  endfacet
  facet normal 0.182225 -0.983257 0
    outer loop
      vertex -1.39852 6.82993 2
      vertex -1.85873 6.74464 -2
      vertex -1.39852 6.82993 -2
    endloop
  endfacet
  facet normal 0.182246 0.983253 -0
    outer loop
      vertex -1.39852 -10.8299 -2
      vertex -1.85873 -10.7446 2
      vertex -1.39852 -10.8299 2
    endloop
  endfacet
  facet normal 0.182246 0.983253 0
    outer loop
      vertex -1.85873 -10.7446 2
      vertex -1.39852 -10.8299 -2
      vertex -1.85873 -10.7446 -2
    endloop
  endfacet
  facet normal -0.972371 0.233441 0
    outer loop
      vertex 8.63538 -4.31384 -2
      vertex 8.74464 -3.85873 2
      vertex 8.74464 -3.85873 -2
    endloop
  endfacet
  facet normal -0.972371 0.233441 0
    outer loop
      vertex 8.74464 -3.85873 2
      vertex 8.63538 -4.31384 -2
      vertex 8.63538 -4.31384 2
    endloop
  endfacet
  facet normal -0.0784118 0.996921 0
    outer loop
      vertex 0.934484 -10.891 -2
      vertex 0.467883 -10.9277 2
      vertex 0.934484 -10.891 2
    endloop
  endfacet
  facet normal -0.0784118 0.996921 0
    outer loop
      vertex 0.467883 -10.9277 2
      vertex 0.934484 -10.891 -2
      vertex 0.467883 -10.9277 -2
    endloop
  endfacet
  facet normal -0.94264 0.333812 0
    outer loop
      vertex 8.34621 -5.20381 -2
      vertex 8.50245 -4.76261 2
      vertex 8.50245 -4.76261 -2
    endloop
  endfacet
  facet normal -0.94264 0.333812 0
    outer loop
      vertex 8.50245 -4.76261 2
      vertex 8.34621 -5.20381 -2
      vertex 8.34621 -5.20381 2
    endloop
  endfacet
  facet normal 0.760412 -0.649441 0
    outer loop
      vertex -6.94768 3.62612 2
      vertex -6.64371 3.98203 -2
      vertex -6.64371 3.98203 2
    endloop
  endfacet
  facet normal 0.760412 -0.649441 0
    outer loop
      vertex -6.64371 3.98203 -2
      vertex -6.94768 3.62612 2
      vertex -6.94768 3.62612 -2
    endloop
  endfacet
  facet normal 0.793347 0.60877 0
    outer loop
      vertex -6.94768 -7.62612 2
      vertex -7.23261 -7.2548 -2
      vertex -7.23261 -7.2548 2
    endloop
  endfacet
  facet normal 0.793347 0.60877 0
    outer loop
      vertex -7.23261 -7.2548 -2
      vertex -6.94768 -7.62612 2
      vertex -6.94768 -7.62612 -2
    endloop
  endfacet
  facet normal -0.333812 -0.94264 0
    outer loop
      vertex 2.76261 6.50245 -2
      vertex 3.20381 6.34621 2
      vertex 2.76261 6.50245 2
    endloop
  endfacet
  facet normal -0.333812 -0.94264 -0
    outer loop
      vertex 3.20381 6.34621 2
      vertex 2.76261 6.50245 -2
      vertex 3.20381 6.34621 -2
    endloop
  endfacet
  facet normal -0.566399 0.824131 0
    outer loop
      vertex 5.2548 -9.23261 -2
      vertex 4.86907 -9.49771 2
      vertex 5.2548 -9.23261 2
    endloop
  endfacet
  facet normal -0.566399 0.824131 0
    outer loop
      vertex 4.86907 -9.49771 2
      vertex 5.2548 -9.23261 -2
      vertex 4.86907 -9.49771 -2
    endloop
  endfacet
  facet normal 0.94264 0.333812 0
    outer loop
      vertex -8.34621 -5.20381 2
      vertex -8.50245 -4.76261 -2
      vertex -8.50245 -4.76261 2
    endloop
  endfacet
  facet normal 0.94264 0.333812 0
    outer loop
      vertex -8.50245 -4.76261 -2
      vertex -8.34621 -5.20381 2
      vertex -8.34621 -5.20381 -2
    endloop
  endfacet
  facet normal 0.996918 0.0784544 0
    outer loop
      vertex -8.89103 -2.93448 2
      vertex -8.92775 -2.46788 -2
      vertex -8.92775 -2.46788 2
    endloop
  endfacet
  facet normal 0.996918 0.0784544 0
    outer loop
      vertex -8.92775 -2.46788 -2
      vertex -8.89103 -2.93448 2
      vertex -8.89103 -2.93448 -2
    endloop
  endfacet
  facet normal -0.760412 -0.649441 0
    outer loop
      vertex 6.94768 3.62612 -2
      vertex 6.64371 3.98203 2
      vertex 6.64371 3.98203 -2
    endloop
  endfacet
  facet normal -0.760412 -0.649441 0
    outer loop
      vertex 6.64371 3.98203 2
      vertex 6.94768 3.62612 -2
      vertex 6.94768 3.62612 2
    endloop
  endfacet
  facet normal -0.902584 -0.430514 0
    outer loop
      vertex 8.1671 1.63622 -2
      vertex 7.9656 2.05867 2
      vertex 7.9656 2.05867 -2
    endloop
  endfacet
  facet normal -0.902584 -0.430514 0
    outer loop
      vertex 7.9656 2.05867 2
      vertex 8.1671 1.63622 -2
      vertex 8.1671 1.63622 2
    endloop
  endfacet
  facet normal -0.23332 0.9724 0
    outer loop
      vertex 2.31384 -10.6354 -2
      vertex 1.85873 -10.7446 2
      vertex 2.31384 -10.6354 2
    endloop
  endfacet
  facet normal -0.23332 0.9724 0
    outer loop
      vertex 1.85873 -10.7446 2
      vertex 2.31384 -10.6354 -2
      vertex 1.85873 -10.7446 -2
    endloop
  endfacet
  facet normal -0.942639 -0.333813 0
    outer loop
      vertex 8.50245 0.762611 -2
      vertex 8.34621 1.20381 2
      vertex 8.34621 1.20381 -2
    endloop
  endfacet
  facet normal -0.942639 -0.333813 0
    outer loop
      vertex 8.34621 1.20381 2
      vertex 8.50245 0.762611 -2
      vertex 8.50245 0.762611 2
    endloop
  endfacet
  facet normal -0.430514 -0.902584 0
    outer loop
      vertex 3.63622 6.1671 -2
      vertex 4.05867 5.9656 2
      vertex 3.63622 6.1671 2
    endloop
  endfacet
  facet normal -0.430514 -0.902584 -0
    outer loop
      vertex 4.05867 5.9656 2
      vertex 3.63622 6.1671 -2
      vertex 4.05867 5.9656 -2
    endloop
  endfacet
  facet normal -0.902584 0.430514 0
    outer loop
      vertex 7.9656 -6.05867 -2
      vertex 8.1671 -5.63622 2
      vertex 8.1671 -5.63622 -2
    endloop
  endfacet
  facet normal -0.902584 0.430514 0
    outer loop
      vertex 8.1671 -5.63622 2
      vertex 7.9656 -6.05867 -2
      vertex 7.9656 -6.05867 2
    endloop
  endfacet
  facet normal -0.725367 0.688362 0
    outer loop
      vertex 6.32153 -8.32153 -2
      vertex 6.64371 -7.98203 2
      vertex 6.64371 -7.98203 -2
    endloop
  endfacet
  facet normal -0.725367 0.688362 0
    outer loop
      vertex 6.64371 -7.98203 2
      vertex 6.32153 -8.32153 -2
      vertex 6.32153 -8.32153 2
    endloop
  endfacet
  facet normal 0.284012 -0.958821 0
    outer loop
      vertex -2.76261 6.50245 -2
      vertex -2.31384 6.63538 2
      vertex -2.76261 6.50245 2
    endloop
  endfacet
  facet normal 0.284012 -0.958821 0
    outer loop
      vertex -2.31384 6.63538 2
      vertex -2.76261 6.50245 -2
      vertex -2.31384 6.63538 -2
    endloop
  endfacet
  facet normal 0.902584 -0.430514 0
    outer loop
      vertex -8.1671 1.63622 2
      vertex -7.9656 2.05867 -2
      vertex -7.9656 2.05867 2
    endloop
  endfacet
  facet normal 0.902584 -0.430514 0
    outer loop
      vertex -7.9656 2.05867 -2
      vertex -8.1671 1.63622 2
      vertex -8.1671 1.63622 -2
    endloop
  endfacet
  facet normal 0.60877 -0.793347 0
    outer loop
      vertex -5.62612 4.94768 -2
      vertex -5.2548 5.23261 2
      vertex -5.62612 4.94768 2
    endloop
  endfacet
  facet normal 0.60877 -0.793347 0
    outer loop
      vertex -5.2548 5.23261 2
      vertex -5.62612 4.94768 -2
      vertex -5.2548 5.23261 -2
    endloop
  endfacet
  facet normal -0.852631 0.522513 0
    outer loop
      vertex 7.49771 -6.86907 -2
      vertex 7.74227 -6.47 2
      vertex 7.74227 -6.47 -2
    endloop
  endfacet
  facet normal -0.852631 0.522513 0
    outer loop
      vertex 7.74227 -6.47 2
      vertex 7.49771 -6.86907 -2
      vertex 7.49771 -6.86907 2
    endloop
  endfacet
  facet normal -0.182225 -0.983257 0
    outer loop
      vertex 1.39852 6.82993 -2
      vertex 1.85873 6.74464 2
      vertex 1.39852 6.82993 2
    endloop
  endfacet
  facet normal -0.182225 -0.983257 -0
    outer loop
      vertex 1.85873 6.74464 2
      vertex 1.39852 6.82993 -2
      vertex 1.85873 6.74464 -2
    endloop
  endfacet
  facet normal -0.878821 -0.477152 0
    outer loop
      vertex 7.9656 2.05867 -2
      vertex 7.74227 2.47 2
      vertex 7.74227 2.47 -2
    endloop
  endfacet
  facet normal -0.878821 -0.477152 0
    outer loop
      vertex 7.74227 2.47 2
      vertex 7.9656 2.05867 -2
      vertex 7.9656 2.05867 2
    endloop
  endfacet
  facet normal -0.430514 0.902584 0
    outer loop
      vertex 4.05867 -9.9656 -2
      vertex 3.63622 -10.1671 2
      vertex 4.05867 -9.9656 2
    endloop
  endfacet
  facet normal -0.430514 0.902584 0
    outer loop
      vertex 3.63622 -10.1671 2
      vertex 4.05867 -9.9656 -2
      vertex 3.63622 -10.1671 -2
    endloop
  endfacet
  facet normal 0.991443 -0.130542 0
    outer loop
      vertex -8.89103 -1.06552 2
      vertex -8.82993 -0.601477 -2
      vertex -8.82993 -0.601477 2
    endloop
  endfacet
  facet normal 0.991443 -0.130542 0
    outer loop
      vertex -8.82993 -0.601477 -2
      vertex -8.89103 -1.06552 2
      vertex -8.89103 -1.06552 -2
    endloop
  endfacet
  facet normal 0.92388 -0.382683 0
    outer loop
      vertex -8.34621 1.20381 2
      vertex -8.1671 1.63622 -2
      vertex -8.1671 1.63622 2
    endloop
  endfacet
  facet normal 0.92388 -0.382683 0
    outer loop
      vertex -8.1671 1.63622 -2
      vertex -8.34621 1.20381 2
      vertex -8.34621 1.20381 -2
    endloop
  endfacet
  facet normal 0.852631 0.522513 0
    outer loop
      vertex -7.49771 -6.86907 2
      vertex -7.74227 -6.47 -2
      vertex -7.74227 -6.47 2
    endloop
  endfacet
  facet normal 0.852631 0.522513 0
    outer loop
      vertex -7.74227 -6.47 -2
      vertex -7.49771 -6.86907 2
      vertex -7.49771 -6.86907 -2
    endloop
  endfacet
  facet normal 0.725367 0.688362 0
    outer loop
      vertex -6.32153 -8.32153 2
      vertex -6.64371 -7.98203 -2
      vertex -6.64371 -7.98203 2
    endloop
  endfacet
  facet normal 0.725367 0.688362 0
    outer loop
      vertex -6.64371 -7.98203 -2
      vertex -6.32153 -8.32153 2
      vertex -6.32153 -8.32153 -2
    endloop
  endfacet
  facet normal -0.972371 -0.23344 0
    outer loop
      vertex 8.74464 -0.14127 -2
      vertex 8.63538 0.313842 2
      vertex 8.63538 0.313842 -2
    endloop
  endfacet
  facet normal -0.972371 -0.23344 0
    outer loop
      vertex 8.63538 0.313842 2
      vertex 8.74464 -0.14127 -2
      vertex 8.74464 -0.14127 2
    endloop
  endfacet
  facet normal -0.477152 0.878821 0
    outer loop
      vertex 4.47 -9.74227 -2
      vertex 4.05867 -9.9656 2
      vertex 4.47 -9.74227 2
    endloop
  endfacet
  facet normal -0.477152 0.878821 0
    outer loop
      vertex 4.05867 -9.9656 2
      vertex 4.47 -9.74227 -2
      vertex 4.05867 -9.9656 -2
    endloop
  endfacet
  facet normal 0.793347 -0.60877 0
    outer loop
      vertex -7.23261 3.2548 2
      vertex -6.94768 3.62612 -2
      vertex -6.94768 3.62612 2
    endloop
  endfacet
  facet normal 0.793347 -0.60877 0
    outer loop
      vertex -6.94768 3.62612 -2
      vertex -7.23261 3.2548 2
      vertex -7.23261 3.2548 -2
    endloop
  endfacet
  facet normal -0.284149 0.95878 0
    outer loop
      vertex 2.76261 -10.5024 -2
      vertex 2.31384 -10.6354 2
      vertex 2.76261 -10.5024 2
    endloop
  endfacet
  facet normal -0.284149 0.95878 0
    outer loop
      vertex 2.31384 -10.6354 2
      vertex 2.76261 -10.5024 -2
      vertex 2.31384 -10.6354 -2
    endloop
  endfacet
  facet normal 0.0262795 0.999655 -0
    outer loop
      vertex 0 -10.94 -2
      vertex -0.467883 -10.9277 2
      vertex 0 -10.94 2
    endloop
  endfacet
  facet normal 0.0262795 0.999655 0
    outer loop
      vertex -0.467883 -10.9277 2
      vertex 0 -10.94 -2
      vertex -0.467883 -10.9277 -2
    endloop
  endfacet
  facet normal -0.760412 0.649441 0
    outer loop
      vertex 6.64371 -7.98203 -2
      vertex 6.94768 -7.62612 2
      vertex 6.94768 -7.62612 -2
    endloop
  endfacet
  facet normal -0.760412 0.649441 0
    outer loop
      vertex 6.94768 -7.62612 2
      vertex 6.64371 -7.98203 -2
      vertex 6.64371 -7.98203 2
    endloop
  endfacet
  facet normal 0.999657 0.026173 0
    outer loop
      vertex -8.92775 -2.46788 2
      vertex -8.94 -2 -2
      vertex -8.94 -2 2
    endloop
  endfacet
  facet normal 0.999657 0.026173 0
    outer loop
      vertex -8.94 -2 -2
      vertex -8.92775 -2.46788 2
      vertex -8.92775 -2.46788 -2
    endloop
  endfacet
  facet normal 0.649441 -0.760412 0
    outer loop
      vertex -5.98203 4.64371 -2
      vertex -5.62612 4.94768 2
      vertex -5.98203 4.64371 2
    endloop
  endfacet
  facet normal 0.649441 -0.760412 0
    outer loop
      vertex -5.62612 4.94768 2
      vertex -5.98203 4.64371 -2
      vertex -5.62612 4.94768 -2
    endloop
  endfacet
  facet normal 0.130544 0.991443 -0
    outer loop
      vertex -0.934484 -10.891 -2
      vertex -1.39852 -10.8299 2
      vertex -0.934484 -10.891 2
    endloop
  endfacet
  facet normal 0.130544 0.991443 0
    outer loop
      vertex -1.39852 -10.8299 2
      vertex -0.934484 -10.891 -2
      vertex -1.39852 -10.8299 -2
    endloop
  endfacet
  facet normal -0.92388 0.382683 0
    outer loop
      vertex 8.1671 -5.63622 -2
      vertex 8.34621 -5.20381 2
      vertex 8.34621 -5.20381 -2
    endloop
  endfacet
  facet normal -0.92388 0.382683 0
    outer loop
      vertex 8.34621 -5.20381 2
      vertex 8.1671 -5.63622 -2
      vertex 8.1671 -5.63622 2
    endloop
  endfacet
  facet normal -0.0261728 -0.999657 0
    outer loop
      vertex 0 6.94 -2
      vertex 0.467883 6.92775 2
      vertex 0 6.94 2
    endloop
  endfacet
  facet normal -0.0261728 -0.999657 -0
    outer loop
      vertex 0.467883 6.92775 2
      vertex 0 6.94 -2
      vertex 0.467883 6.92775 -2
    endloop
  endfacet
  facet normal 0.566399 0.824131 -0
    outer loop
      vertex -4.86907 -9.49771 -2
      vertex -5.2548 -9.23261 2
      vertex -4.86907 -9.49771 2
    endloop
  endfacet
  facet normal 0.566399 0.824131 0
    outer loop
      vertex -5.2548 -9.23261 2
      vertex -4.86907 -9.49771 -2
      vertex -5.2548 -9.23261 -2
    endloop
  endfacet
  facet normal -0.793347 -0.60877 0
    outer loop
      vertex 7.23261 3.2548 -2
      vertex 6.94768 3.62612 2
      vertex 6.94768 3.62612 -2
    endloop
  endfacet
  facet normal -0.793347 -0.60877 0
    outer loop
      vertex 6.94768 3.62612 2
      vertex 7.23261 3.2548 -2
      vertex 7.23261 3.2548 2
    endloop
  endfacet
  facet normal 0.382665 0.923887 -0
    outer loop
      vertex -3.20381 -10.3462 -2
      vertex -3.63622 -10.1671 2
      vertex -3.20381 -10.3462 2
    endloop
  endfacet
  facet normal 0.382665 0.923887 0
    outer loop
      vertex -3.63622 -10.1671 2
      vertex -3.20381 -10.3462 -2
      vertex -3.63622 -10.1671 -2
    endloop
  endfacet
  facet normal -0.958821 -0.284013 0
    outer loop
      vertex 8.63538 0.313842 -2
      vertex 8.50245 0.762611 2
      vertex 8.50245 0.762611 -2
    endloop
  endfacet
  facet normal -0.958821 -0.284013 0
    outer loop
      vertex 8.50245 0.762611 2
      vertex 8.63538 0.313842 -2
      vertex 8.63538 0.313842 2
    endloop
  endfacet
  facet normal 0.996918 -0.0784544 0
    outer loop
      vertex -8.92775 -1.53212 2
      vertex -8.89103 -1.06552 -2
      vertex -8.89103 -1.06552 2
    endloop
  endfacet
  facet normal 0.996918 -0.0784544 0
    outer loop
      vertex -8.89103 -1.06552 -2
      vertex -8.92775 -1.53212 2
      vertex -8.92775 -1.53212 -2
    endloop
  endfacet
  facet normal 0.0784542 -0.996918 0
    outer loop
      vertex -0.934484 6.89103 -2
      vertex -0.467883 6.92775 2
      vertex -0.934484 6.89103 2
    endloop
  endfacet
  facet normal 0.0784542 -0.996918 0
    outer loop
      vertex -0.467883 6.92775 2
      vertex -0.934484 6.89103 -2
      vertex -0.467883 6.92775 -2
    endloop
  endfacet
  facet normal -0.688362 0.725367 0
    outer loop
      vertex 6.32153 -8.32153 -2
      vertex 5.98203 -8.64371 2
      vertex 6.32153 -8.32153 2
    endloop
  endfacet
  facet normal -0.688362 0.725367 0
    outer loop
      vertex 5.98203 -8.64371 2
      vertex 6.32153 -8.32153 -2
      vertex 5.98203 -8.64371 -2
    endloop
  endfacet
  facet normal 0.999657 -0.026173 0
    outer loop
      vertex -8.94 -2 2
      vertex -8.92775 -1.53212 -2
      vertex -8.92775 -1.53212 2
    endloop
  endfacet
  facet normal 0.999657 -0.026173 0
    outer loop
      vertex -8.92775 -1.53212 -2
      vertex -8.94 -2 2
      vertex -8.94 -2 -2
    endloop
  endfacet
  facet normal -0.382683 -0.92388 0
    outer loop
      vertex 3.20381 6.34621 -2
      vertex 3.63622 6.1671 2
      vertex 3.20381 6.34621 2
    endloop
  endfacet
  facet normal -0.382683 -0.92388 -0
    outer loop
      vertex 3.63622 6.1671 2
      vertex 3.20381 6.34621 -2
      vertex 3.63622 6.1671 -2
    endloop
  endfacet
  facet normal -0.522513 -0.852631 0
    outer loop
      vertex 4.47 5.74227 -2
      vertex 4.86907 5.49771 2
      vertex 4.47 5.74227 2
    endloop
  endfacet
  facet normal -0.522513 -0.852631 -0
    outer loop
      vertex 4.86907 5.49771 2
      vertex 4.47 5.74227 -2
      vertex 4.86907 5.49771 -2
    endloop
  endfacet
  facet normal -0.793347 0.60877 0
    outer loop
      vertex 6.94768 -7.62612 -2
      vertex 7.23261 -7.2548 2
      vertex 7.23261 -7.2548 -2
    endloop
  endfacet
  facet normal -0.793347 0.60877 0
    outer loop
      vertex 7.23261 -7.2548 2
      vertex 6.94768 -7.62612 -2
      vertex 6.94768 -7.62612 2
    endloop
  endfacet
  facet normal 0.430514 0.902584 -0
    outer loop
      vertex -3.63622 -10.1671 -2
      vertex -4.05867 -9.9656 2
      vertex -3.63622 -10.1671 2
    endloop
  endfacet
  facet normal 0.430514 0.902584 0
    outer loop
      vertex -4.05867 -9.9656 2
      vertex -3.63622 -10.1671 -2
      vertex -4.05867 -9.9656 -2
    endloop
  endfacet
  facet normal 0.983257 0.182225 0
    outer loop
      vertex -8.74464 -3.85873 2
      vertex -8.82993 -3.39852 -2
      vertex -8.82993 -3.39852 2
    endloop
  endfacet
  facet normal 0.983257 0.182225 0
    outer loop
      vertex -8.82993 -3.39852 -2
      vertex -8.74464 -3.85873 2
      vertex -8.74464 -3.85873 -2
    endloop
  endfacet
  facet normal 0.477152 -0.878821 0
    outer loop
      vertex -4.47 5.74227 -2
      vertex -4.05867 5.9656 2
      vertex -4.47 5.74227 2
    endloop
  endfacet
  facet normal 0.477152 -0.878821 0
    outer loop
      vertex -4.05867 5.9656 2
      vertex -4.47 5.74227 -2
      vertex -4.05867 5.9656 -2
    endloop
  endfacet
  facet normal -0.824131 -0.566399 0
    outer loop
      vertex 7.49771 2.86907 -2
      vertex 7.23261 3.2548 2
      vertex 7.23261 3.2548 -2
    endloop
  endfacet
  facet normal -0.824131 -0.566399 0
    outer loop
      vertex 7.23261 3.2548 2
      vertex 7.49771 2.86907 -2
      vertex 7.49771 2.86907 2
    endloop
  endfacet
  facet normal 0.522513 -0.852631 0
    outer loop
      vertex -4.86907 5.49771 -2
      vertex -4.47 5.74227 2
      vertex -4.86907 5.49771 2
    endloop
  endfacet
  facet normal 0.522513 -0.852631 0
    outer loop
      vertex -4.47 5.74227 2
      vertex -4.86907 5.49771 -2
      vertex -4.47 5.74227 -2
    endloop
  endfacet
  facet normal -0.688362 -0.725367 0
    outer loop
      vertex 5.98203 4.64371 -2
      vertex 6.32153 4.32153 2
      vertex 5.98203 4.64371 2
    endloop
  endfacet
  facet normal -0.688362 -0.725367 -0
    outer loop
      vertex 6.32153 4.32153 2
      vertex 5.98203 4.64371 -2
      vertex 6.32153 4.32153 -2
    endloop
  endfacet
  facet normal -0.284012 -0.958821 0
    outer loop
      vertex 2.31384 6.63538 -2
      vertex 2.76261 6.50245 2
      vertex 2.31384 6.63538 2
    endloop
  endfacet
  facet normal -0.284012 -0.958821 -0
    outer loop
      vertex 2.76261 6.50245 2
      vertex 2.31384 6.63538 -2
      vertex 2.76261 6.50245 -2
    endloop
  endfacet
  facet normal 0.60877 0.793347 -0
    outer loop
      vertex -5.2548 -9.23261 -2
      vertex -5.62612 -8.94768 2
      vertex -5.2548 -9.23261 2
    endloop
  endfacet
  facet normal 0.60877 0.793347 0
    outer loop
      vertex -5.62612 -8.94768 2
      vertex -5.2548 -9.23261 -2
      vertex -5.62612 -8.94768 -2
    endloop
  endfacet
  facet normal 0.284149 0.95878 -0
    outer loop
      vertex -2.31384 -10.6354 -2
      vertex -2.76261 -10.5024 2
      vertex -2.31384 -10.6354 2
    endloop
  endfacet
  facet normal 0.284149 0.95878 0
    outer loop
      vertex -2.76261 -10.5024 2
      vertex -2.31384 -10.6354 -2
      vertex -2.76261 -10.5024 -2
    endloop
  endfacet
  facet normal -0.233441 -0.972371 0
    outer loop
      vertex 1.85873 6.74464 -2
      vertex 2.31384 6.63538 2
      vertex 1.85873 6.74464 2
    endloop
  endfacet
  facet normal -0.233441 -0.972371 -0
    outer loop
      vertex 2.31384 6.63538 2
      vertex 1.85873 6.74464 -2
      vertex 2.31384 6.63538 -2
    endloop
  endfacet
  facet normal 0.382683 -0.92388 0
    outer loop
      vertex -3.63622 6.1671 -2
      vertex -3.20381 6.34621 2
      vertex -3.63622 6.1671 2
    endloop
  endfacet
  facet normal 0.382683 -0.92388 0
    outer loop
      vertex -3.20381 6.34621 2
      vertex -3.63622 6.1671 -2
      vertex -3.20381 6.34621 -2
    endloop
  endfacet
  facet normal 0.760412 0.649441 0
    outer loop
      vertex -6.64371 -7.98203 2
      vertex -6.94768 -7.62612 -2
      vertex -6.94768 -7.62612 2
    endloop
  endfacet
  facet normal 0.760412 0.649441 0
    outer loop
      vertex -6.94768 -7.62612 -2
      vertex -6.64371 -7.98203 2
      vertex -6.64371 -7.98203 -2
    endloop
  endfacet
  facet normal 0.0261728 -0.999657 0
    outer loop
      vertex -0.467883 6.92775 -2
      vertex 0 6.94 2
      vertex -0.467883 6.92775 2
    endloop
  endfacet
  facet normal 0.0261728 -0.999657 0
    outer loop
      vertex 0 6.94 2
      vertex -0.467883 6.92775 -2
      vertex 0 6.94 -2
    endloop
  endfacet
  facet normal 0.688362 -0.725367 0
    outer loop
      vertex -6.32153 4.32153 -2
      vertex -5.98203 4.64371 2
      vertex -6.32153 4.32153 2
    endloop
  endfacet
  facet normal 0.688362 -0.725367 0
    outer loop
      vertex -5.98203 4.64371 2
      vertex -6.32153 4.32153 -2
      vertex -5.98203 4.64371 -2
    endloop
  endfacet
  facet normal 0.477152 0.878821 -0
    outer loop
      vertex -4.05867 -9.9656 -2
      vertex -4.47 -9.74227 2
      vertex -4.05867 -9.9656 2
    endloop
  endfacet
  facet normal 0.477152 0.878821 0
    outer loop
      vertex -4.47 -9.74227 2
      vertex -4.05867 -9.9656 -2
      vertex -4.47 -9.74227 -2
    endloop
  endfacet
  facet normal 0.958821 -0.284013 0
    outer loop
      vertex -8.63538 0.313842 2
      vertex -8.50245 0.762611 -2
      vertex -8.50245 0.762611 2
    endloop
  endfacet
  facet normal 0.958821 -0.284013 0
    outer loop
      vertex -8.50245 0.762611 -2
      vertex -8.63538 0.313842 2
      vertex -8.63538 0.313842 -2
    endloop
  endfacet
  facet normal 0.972371 -0.23344 0
    outer loop
      vertex -8.74464 -0.14127 2
      vertex -8.63538 0.313842 -2
      vertex -8.63538 0.313842 2
    endloop
  endfacet
  facet normal 0.972371 -0.23344 0
    outer loop
      vertex -8.63538 0.313842 -2
      vertex -8.74464 -0.14127 2
      vertex -8.74464 -0.14127 -2
    endloop
  endfacet
  facet normal -0.130544 0.991443 0
    outer loop
      vertex 1.39852 -10.8299 -2
      vertex 0.934484 -10.891 2
      vertex 1.39852 -10.8299 2
    endloop
  endfacet
  facet normal -0.130544 0.991443 0
    outer loop
      vertex 0.934484 -10.891 2
      vertex 1.39852 -10.8299 -2
      vertex 0.934484 -10.891 -2
    endloop
  endfacet
  facet normal 0.972371 0.233441 0
    outer loop
      vertex -8.63538 -4.31384 2
      vertex -8.74464 -3.85873 -2
      vertex -8.74464 -3.85873 2
    endloop
  endfacet
  facet normal 0.972371 0.233441 0
    outer loop
      vertex -8.74464 -3.85873 -2
      vertex -8.63538 -4.31384 2
      vertex -8.63538 -4.31384 -2
    endloop
  endfacet
  facet normal 0.824131 0.566399 0
    outer loop
      vertex -7.23261 -7.2548 2
      vertex -7.49771 -6.86907 -2
      vertex -7.49771 -6.86907 2
    endloop
  endfacet
  facet normal 0.824131 0.566399 0
    outer loop
      vertex -7.49771 -6.86907 -2
      vertex -7.23261 -7.2548 2
      vertex -7.23261 -7.2548 -2
    endloop
  endfacet
  facet normal 0.430514 -0.902584 0
    outer loop
      vertex -4.05867 5.9656 -2
      vertex -3.63622 6.1671 2
      vertex -4.05867 5.9656 2
    endloop
  endfacet
  facet normal 0.430514 -0.902584 0
    outer loop
      vertex -3.63622 6.1671 2
      vertex -4.05867 5.9656 -2
      vertex -3.63622 6.1671 -2
    endloop
  endfacet
endsolid OpenSCAD_Model
