solid OpenSCAD_Model
  facet normal 0.233452 0.972368 -0
    outer loop
      vertex 2.32937 8.69333 0
      vertex 1.8712 8.80333 4
      vertex 2.32937 8.69333 4
    endloop
  endfacet
  facet normal 0.233452 0.972368 0
    outer loop
      vertex 1.8712 8.80333 4
      vertex 2.32937 8.69333 0
      vertex 1.8712 8.80333 0
    endloop
  endfacet
  facet normal -0.942638 -0.333816 0
    outer loop
      vertex -8.40222 -3.22531 0
      vertex -8.55951 -2.78115 4
      vertex -8.55951 -2.78115 0
    endloop
  endfacet
  facet normal -0.942638 -0.333816 0
    outer loop
      vertex -8.55951 -2.78115 4
      vertex -8.40222 -3.22531 0
      vertex -8.40222 -3.22531 4
    endloop
  endfacet
  facet normal 0.996917 0.0784618 0
    outer loop
      vertex 8.98767 0.471024 4
      vertex 8.9507 0.940756 0
      vertex 8.9507 0.940756 4
    endloop
  endfacet
  facet normal 0.996917 0.0784618 0
    outer loop
      vertex 8.9507 0.940756 0
      vertex 8.98767 0.471024 4
      vertex 8.98767 0.471024 0
    endloop
  endfacet
  facet normal 0.999658 0.026168 0
    outer loop
      vertex 9 0 4
      vertex 8.98767 0.471024 0
      vertex 8.98767 0.471024 4
    endloop
  endfacet
  facet normal 0.999658 0.026168 0
    outer loop
      vertex 8.98767 0.471024 0
      vertex 9 0 4
      vertex 9 0 0
    endloop
  endfacet
  facet normal 0.991443 0.130543 0
    outer loop
      vertex 8.9507 0.940756 4
      vertex 8.88919 1.40791 0
      vertex 8.88919 1.40791 4
    endloop
  endfacet
  facet normal 0.991443 0.130543 0
    outer loop
      vertex 8.88919 1.40791 0
      vertex 8.9507 0.940756 4
      vertex 8.9507 0.940756 0
    endloop
  endfacet
  facet normal -0.430514 0.902584 0
    outer loop
      vertex -3.66063 8.22191 0
      vertex -4.08591 8.01906 4
      vertex -3.66063 8.22191 4
    endloop
  endfacet
  facet normal -0.430514 0.902584 0
    outer loop
      vertex -4.08591 8.01906 4
      vertex -3.66063 8.22191 0
      vertex -4.08591 8.01906 0
    endloop
  endfacet
  facet normal -0.566399 -0.824131 0
    outer loop
      vertex -5.29007 -7.28115 0
      vertex -4.90175 -7.54803 4
      vertex -5.29007 -7.28115 4
    endloop
  endfacet
  facet normal -0.566399 -0.824131 -0
    outer loop
      vertex -4.90175 -7.54803 4
      vertex -5.29007 -7.28115 0
      vertex -4.90175 -7.54803 0
    endloop
  endfacet
  facet normal 0.902584 -0.430514 0
    outer loop
      vertex 8.01906 -4.08591 4
      vertex 8.22191 -3.66063 0
      vertex 8.22191 -3.66063 4
    endloop
  endfacet
  facet normal 0.902584 -0.430514 0
    outer loop
      vertex 8.22191 -3.66063 0
      vertex 8.01906 -4.08591 4
      vertex 8.01906 -4.08591 0
    endloop
  endfacet
  facet normal -0.942638 0.333816 0
    outer loop
      vertex -8.55951 2.78115 0
      vertex -8.40222 3.22531 4
      vertex -8.40222 3.22531 0
    endloop
  endfacet
  facet normal -0.942638 0.333816 0
    outer loop
      vertex -8.40222 3.22531 4
      vertex -8.55951 2.78115 0
      vertex -8.55951 2.78115 4
    endloop
  endfacet
  facet normal 0.942638 0.333816 0
    outer loop
      vertex 8.55951 2.78115 4
      vertex 8.40222 3.22531 0
      vertex 8.40222 3.22531 4
    endloop
  endfacet
  facet normal 0.942638 0.333816 0
    outer loop
      vertex 8.40222 3.22531 0
      vertex 8.55951 2.78115 4
      vertex 8.55951 2.78115 0
    endloop
  endfacet
  facet normal -0.972368 0.233452 0
    outer loop
      vertex -8.80333 1.8712 0
      vertex -8.69333 2.32937 4
      vertex -8.69333 2.32937 0
    endloop
  endfacet
  facet normal -0.972368 0.233452 0
    outer loop
      vertex -8.69333 2.32937 4
      vertex -8.80333 1.8712 0
      vertex -8.80333 1.8712 4
    endloop
  endfacet
  facet normal 0.852633 -0.52251 0
    outer loop
      vertex 7.54803 -4.90175 4
      vertex 7.79423 -4.5 0
      vertex 7.79423 -4.5 4
    endloop
  endfacet
  facet normal 0.852633 -0.52251 0
    outer loop
      vertex 7.79423 -4.5 0
      vertex 7.54803 -4.90175 4
      vertex 7.54803 -4.90175 0
    endloop
  endfacet
  facet normal -0.760404 -0.64945 0
    outer loop
      vertex -6.6883 -6.02217 0
      vertex -6.99431 -5.66388 4
      vertex -6.99431 -5.66388 0
    endloop
  endfacet
  facet normal -0.760404 -0.64945 0
    outer loop
      vertex -6.99431 -5.66388 4
      vertex -6.6883 -6.02217 0
      vertex -6.6883 -6.02217 4
    endloop
  endfacet
  facet normal 0.130543 0.991443 -0
    outer loop
      vertex 1.40791 8.88919 0
      vertex 0.940756 8.9507 4
      vertex 1.40791 8.88919 4
    endloop
  endfacet
  facet normal 0.130543 0.991443 0
    outer loop
      vertex 0.940756 8.9507 4
      vertex 1.40791 8.88919 0
      vertex 0.940756 8.9507 0
    endloop
  endfacet
  facet normal -0.958822 -0.284009 0
    outer loop
      vertex -8.55951 -2.78115 0
      vertex -8.69333 -2.32937 4
      vertex -8.69333 -2.32937 0
    endloop
  endfacet
  facet normal -0.958822 -0.284009 0
    outer loop
      vertex -8.69333 -2.32937 4
      vertex -8.55951 -2.78115 0
      vertex -8.55951 -2.78115 4
    endloop
  endfacet
  facet normal 0.793348 -0.608769 0
    outer loop
      vertex 6.99431 -5.66388 4
      vertex 7.28115 -5.29007 0
      vertex 7.28115 -5.29007 4
    endloop
  endfacet
  facet normal 0.793348 -0.608769 0
    outer loop
      vertex 7.28115 -5.29007 0
      vertex 6.99431 -5.66388 4
      vertex 6.99431 -5.66388 0
    endloop
  endfacet
  facet normal 0.972368 -0.233452 0
    outer loop
      vertex 8.69333 -2.32937 4
      vertex 8.80333 -1.8712 0
      vertex 8.80333 -1.8712 4
    endloop
  endfacet
  facet normal 0.972368 -0.233452 0
    outer loop
      vertex 8.80333 -1.8712 0
      vertex 8.69333 -2.32937 4
      vertex 8.69333 -2.32937 0
    endloop
  endfacet
  facet normal -0.026168 0.999658 0
    outer loop
      vertex 0 9 0
      vertex -0.471024 8.98767 4
      vertex 0 9 4
    endloop
  endfacet
  facet normal -0.026168 0.999658 0
    outer loop
      vertex -0.471024 8.98767 4
      vertex 0 9 0
      vertex -0.471024 8.98767 0
    endloop
  endfacet
  facet normal 0.64945 0.760404 -0
    outer loop
      vertex 6.02217 6.6883 0
      vertex 5.66388 6.99431 4
      vertex 6.02217 6.6883 4
    endloop
  endfacet
  facet normal 0.64945 0.760404 0
    outer loop
      vertex 5.66388 6.99431 4
      vertex 6.02217 6.6883 0
      vertex 5.66388 6.99431 0
    endloop
  endfacet
  facet normal -0.182224 0.983257 0
    outer loop
      vertex -1.40791 8.88919 0
      vertex -1.8712 8.80333 4
      vertex -1.40791 8.88919 4
    endloop
  endfacet
  facet normal -0.182224 0.983257 0
    outer loop
      vertex -1.8712 8.80333 4
      vertex -1.40791 8.88919 0
      vertex -1.8712 8.80333 0
    endloop
  endfacet
  facet normal 0.0784618 -0.996917 0
    outer loop
      vertex 0.471024 -8.98767 0
      vertex 0.940756 -8.9507 4
      vertex 0.471024 -8.98767 4
    endloop
  endfacet
  facet normal 0.0784618 -0.996917 0
    outer loop
      vertex 0.940756 -8.9507 4
      vertex 0.471024 -8.98767 0
      vertex 0.940756 -8.9507 0
    endloop
  endfacet
  facet normal -0.824131 -0.566399 0
    outer loop
      vertex -7.28115 -5.29007 0
      vertex -7.54803 -4.90175 4
      vertex -7.54803 -4.90175 0
    endloop
  endfacet
  facet normal -0.824131 -0.566399 0
    outer loop
      vertex -7.54803 -4.90175 4
      vertex -7.28115 -5.29007 0
      vertex -7.28115 -5.29007 4
    endloop
  endfacet
  facet normal 0.923884 0.382674 0
    outer loop
      vertex 8.40222 3.22531 4
      vertex 8.22191 3.66063 0
      vertex 8.22191 3.66063 4
    endloop
  endfacet
  facet normal 0.923884 0.382674 0
    outer loop
      vertex 8.22191 3.66063 0
      vertex 8.40222 3.22531 4
      vertex 8.40222 3.22531 0
    endloop
  endfacet
  facet normal -0.991443 -0.130543 0
    outer loop
      vertex -8.88919 -1.40791 0
      vertex -8.9507 -0.940756 4
      vertex -8.9507 -0.940756 0
    endloop
  endfacet
  facet normal -0.991443 -0.130543 0
    outer loop
      vertex -8.9507 -0.940756 4
      vertex -8.88919 -1.40791 0
      vertex -8.88919 -1.40791 4
    endloop
  endfacet
  facet normal 0.608769 -0.793348 0
    outer loop
      vertex 5.29007 -7.28115 0
      vertex 5.66388 -6.99431 4
      vertex 5.29007 -7.28115 4
    endloop
  endfacet
  facet normal 0.608769 -0.793348 0
    outer loop
      vertex 5.66388 -6.99431 4
      vertex 5.29007 -7.28115 0
      vertex 5.66388 -6.99431 0
    endloop
  endfacet
  facet normal 0.608769 0.793348 -0
    outer loop
      vertex 5.66388 6.99431 0
      vertex 5.29007 7.28115 4
      vertex 5.66388 6.99431 4
    endloop
  endfacet
  facet normal 0.608769 0.793348 0
    outer loop
      vertex 5.29007 7.28115 4
      vertex 5.66388 6.99431 0
      vertex 5.29007 7.28115 0
    endloop
  endfacet
  facet normal 0.958822 0.284009 0
    outer loop
      vertex 8.69333 2.32937 4
      vertex 8.55951 2.78115 0
      vertex 8.55951 2.78115 4
    endloop
  endfacet
  facet normal 0.958822 0.284009 0
    outer loop
      vertex 8.55951 2.78115 0
      vertex 8.69333 2.32937 4
      vertex 8.69333 2.32937 0
    endloop
  endfacet
  facet normal 0.824131 0.566399 0
    outer loop
      vertex 7.54803 4.90175 4
      vertex 7.28115 5.29007 0
      vertex 7.28115 5.29007 4
    endloop
  endfacet
  facet normal 0.824131 0.566399 0
    outer loop
      vertex 7.28115 5.29007 0
      vertex 7.54803 4.90175 4
      vertex 7.54803 4.90175 0
    endloop
  endfacet
  facet normal 0.725381 -0.688347 0
    outer loop
      vertex 6.36396 -6.36396 4
      vertex 6.6883 -6.02217 0
      vertex 6.6883 -6.02217 4
    endloop
  endfacet
  facet normal 0.725381 -0.688347 0
    outer loop
      vertex 6.6883 -6.02217 0
      vertex 6.36396 -6.36396 4
      vertex 6.36396 -6.36396 0
    endloop
  endfacet
  facet normal -0.333816 0.942638 0
    outer loop
      vertex -2.78115 8.55951 0
      vertex -3.22531 8.40222 4
      vertex -2.78115 8.55951 4
    endloop
  endfacet
  facet normal -0.333816 0.942638 0
    outer loop
      vertex -3.22531 8.40222 4
      vertex -2.78115 8.55951 0
      vertex -3.22531 8.40222 0
    endloop
  endfacet
  facet normal 0.026168 -0.999658 0
    outer loop
      vertex 0 -9 0
      vertex 0.471024 -8.98767 4
      vertex 0 -9 4
    endloop
  endfacet
  facet normal 0.026168 -0.999658 0
    outer loop
      vertex 0.471024 -8.98767 4
      vertex 0 -9 0
      vertex 0.471024 -8.98767 0
    endloop
  endfacet
  facet normal 0.942638 -0.333816 0
    outer loop
      vertex 8.40222 -3.22531 4
      vertex 8.55951 -2.78115 0
      vertex 8.55951 -2.78115 4
    endloop
  endfacet
  facet normal 0.942638 -0.333816 0
    outer loop
      vertex 8.55951 -2.78115 0
      vertex 8.40222 -3.22531 4
      vertex 8.40222 -3.22531 0
    endloop
  endfacet
  facet normal 0.852633 0.52251 0
    outer loop
      vertex 7.79423 4.5 4
      vertex 7.54803 4.90175 0
      vertex 7.54803 4.90175 4
    endloop
  endfacet
  facet normal 0.852633 0.52251 0
    outer loop
      vertex 7.54803 4.90175 0
      vertex 7.79423 4.5 4
      vertex 7.79423 4.5 0
    endloop
  endfacet
  facet normal 0.824131 -0.566399 0
    outer loop
      vertex 7.28115 -5.29007 4
      vertex 7.54803 -4.90175 0
      vertex 7.54803 -4.90175 4
    endloop
  endfacet
  facet normal 0.824131 -0.566399 0
    outer loop
      vertex 7.54803 -4.90175 0
      vertex 7.28115 -5.29007 4
      vertex 7.28115 -5.29007 0
    endloop
  endfacet
  facet normal -0.902584 0.430514 0
    outer loop
      vertex -8.22191 3.66063 0
      vertex -8.01906 4.08591 4
      vertex -8.01906 4.08591 0
    endloop
  endfacet
  facet normal -0.902584 0.430514 0
    outer loop
      vertex -8.01906 4.08591 4
      vertex -8.22191 3.66063 0
      vertex -8.22191 3.66063 4
    endloop
  endfacet
  facet normal 0.52251 0.852633 -0
    outer loop
      vertex 4.90175 7.54803 0
      vertex 4.5 7.79423 4
      vertex 4.90175 7.54803 4
    endloop
  endfacet
  facet normal 0.52251 0.852633 0
    outer loop
      vertex 4.5 7.79423 4
      vertex 4.90175 7.54803 0
      vertex 4.5 7.79423 0
    endloop
  endfacet
  facet normal 0.566399 0.824131 -0
    outer loop
      vertex 5.29007 7.28115 0
      vertex 4.90175 7.54803 4
      vertex 5.29007 7.28115 4
    endloop
  endfacet
  facet normal 0.566399 0.824131 0
    outer loop
      vertex 4.90175 7.54803 4
      vertex 5.29007 7.28115 0
      vertex 4.90175 7.54803 0
    endloop
  endfacet
  facet normal 0.958822 -0.284009 0
    outer loop
      vertex 8.55951 -2.78115 4
      vertex 8.69333 -2.32937 0
      vertex 8.69333 -2.32937 4
    endloop
  endfacet
  facet normal 0.958822 -0.284009 0
    outer loop
      vertex 8.69333 -2.32937 0
      vertex 8.55951 -2.78115 4
      vertex 8.55951 -2.78115 0
    endloop
  endfacet
  facet normal 0.382674 0.923884 -0
    outer loop
      vertex 3.66063 8.22191 0
      vertex 3.22531 8.40222 4
      vertex 3.66063 8.22191 4
    endloop
  endfacet
  facet normal 0.382674 0.923884 0
    outer loop
      vertex 3.22531 8.40222 4
      vertex 3.66063 8.22191 0
      vertex 3.22531 8.40222 0
    endloop
  endfacet
  facet normal -0.64945 0.760404 0
    outer loop
      vertex -5.66388 6.99431 0
      vertex -6.02217 6.6883 4
      vertex -5.66388 6.99431 4
    endloop
  endfacet
  facet normal -0.64945 0.760404 0
    outer loop
      vertex -6.02217 6.6883 4
      vertex -5.66388 6.99431 0
      vertex -6.02217 6.6883 0
    endloop
  endfacet
  facet normal 0.182224 -0.983257 0
    outer loop
      vertex 1.40791 -8.88919 0
      vertex 1.8712 -8.80333 4
      vertex 1.40791 -8.88919 4
    endloop
  endfacet
  facet normal 0.182224 -0.983257 0
    outer loop
      vertex 1.8712 -8.80333 4
      vertex 1.40791 -8.88919 0
      vertex 1.8712 -8.80333 0
    endloop
  endfacet
  facet normal 0.284009 0.958822 -0
    outer loop
      vertex 2.78115 8.55951 0
      vertex 2.32937 8.69333 4
      vertex 2.78115 8.55951 4
    endloop
  endfacet
  facet normal 0.284009 0.958822 0
    outer loop
      vertex 2.32937 8.69333 4
      vertex 2.78115 8.55951 0
      vertex 2.32937 8.69333 0
    endloop
  endfacet
  facet normal -0.852633 0.52251 0
    outer loop
      vertex -7.79423 4.5 0
      vertex -7.54803 4.90175 4
      vertex -7.54803 4.90175 0
    endloop
  endfacet
  facet normal -0.852633 0.52251 0
    outer loop
      vertex -7.54803 4.90175 4
      vertex -7.79423 4.5 0
      vertex -7.79423 4.5 4
    endloop
  endfacet
  facet normal 0.996917 -0.0784618 0
    outer loop
      vertex 8.9507 -0.940756 4
      vertex 8.98767 -0.471024 0
      vertex 8.98767 -0.471024 4
    endloop
  endfacet
  facet normal 0.996917 -0.0784618 0
    outer loop
      vertex 8.98767 -0.471024 0
      vertex 8.9507 -0.940756 4
      vertex 8.9507 -0.940756 0
    endloop
  endfacet
  facet normal -0.382674 -0.923884 0
    outer loop
      vertex -3.66063 -8.22191 0
      vertex -3.22531 -8.40222 4
      vertex -3.66063 -8.22191 4
    endloop
  endfacet
  facet normal -0.382674 -0.923884 -0
    outer loop
      vertex -3.22531 -8.40222 4
      vertex -3.66063 -8.22191 0
      vertex -3.22531 -8.40222 0
    endloop
  endfacet
  facet normal 0.991443 -0.130543 0
    outer loop
      vertex 8.88919 -1.40791 4
      vertex 8.9507 -0.940756 0
      vertex 8.9507 -0.940756 4
    endloop
  endfacet
  facet normal 0.991443 -0.130543 0
    outer loop
      vertex 8.9507 -0.940756 0
      vertex 8.88919 -1.40791 4
      vertex 8.88919 -1.40791 0
    endloop
  endfacet
  facet normal -0.725381 -0.688347 0
    outer loop
      vertex -6.36396 -6.36396 0
      vertex -6.6883 -6.02217 4
      vertex -6.6883 -6.02217 0
    endloop
  endfacet
  facet normal -0.725381 -0.688347 0
    outer loop
      vertex -6.6883 -6.02217 4
      vertex -6.36396 -6.36396 0
      vertex -6.36396 -6.36396 4
    endloop
  endfacet
  facet normal -0.0784618 0.996917 0
    outer loop
      vertex -0.471024 8.98767 0
      vertex -0.940756 8.9507 4
      vertex -0.471024 8.98767 4
    endloop
  endfacet
  facet normal -0.0784618 0.996917 0
    outer loop
      vertex -0.940756 8.9507 4
      vertex -0.471024 8.98767 0
      vertex -0.940756 8.9507 0
    endloop
  endfacet
  facet normal -0.958822 0.284009 0
    outer loop
      vertex -8.69333 2.32937 0
      vertex -8.55951 2.78115 4
      vertex -8.55951 2.78115 0
    endloop
  endfacet
  facet normal -0.958822 0.284009 0
    outer loop
      vertex -8.55951 2.78115 4
      vertex -8.69333 2.32937 0
      vertex -8.69333 2.32937 4
    endloop
  endfacet
  facet normal 0.878819 0.477155 0
    outer loop
      vertex 8.01906 4.08591 4
      vertex 7.79423 4.5 0
      vertex 7.79423 4.5 4
    endloop
  endfacet
  facet normal 0.878819 0.477155 0
    outer loop
      vertex 7.79423 4.5 0
      vertex 8.01906 4.08591 4
      vertex 8.01906 4.08591 0
    endloop
  endfacet
  facet normal 0.382674 -0.923884 0
    outer loop
      vertex 3.22531 -8.40222 0
      vertex 3.66063 -8.22191 4
      vertex 3.22531 -8.40222 4
    endloop
  endfacet
  facet normal 0.382674 -0.923884 0
    outer loop
      vertex 3.66063 -8.22191 4
      vertex 3.22531 -8.40222 0
      vertex 3.66063 -8.22191 0
    endloop
  endfacet
  facet normal -0.284009 -0.958822 0
    outer loop
      vertex -2.78115 -8.55951 0
      vertex -2.32937 -8.69333 4
      vertex -2.78115 -8.55951 4
    endloop
  endfacet
  facet normal -0.284009 -0.958822 -0
    outer loop
      vertex -2.32937 -8.69333 4
      vertex -2.78115 -8.55951 0
      vertex -2.32937 -8.69333 0
    endloop
  endfacet
  facet normal 0.333816 0.942638 -0
    outer loop
      vertex 3.22531 8.40222 0
      vertex 2.78115 8.55951 4
      vertex 3.22531 8.40222 4
    endloop
  endfacet
  facet normal 0.333816 0.942638 0
    outer loop
      vertex 2.78115 8.55951 4
      vertex 3.22531 8.40222 0
      vertex 2.78115 8.55951 0
    endloop
  endfacet
  facet normal 0.026168 0.999658 -0
    outer loop
      vertex 0.471024 8.98767 0
      vertex 0 9 4
      vertex 0.471024 8.98767 4
    endloop
  endfacet
  facet normal 0.026168 0.999658 0
    outer loop
      vertex 0 9 4
      vertex 0.471024 8.98767 0
      vertex 0 9 0
    endloop
  endfacet
  facet normal 0.430514 0.902584 -0
    outer loop
      vertex 4.08591 8.01906 0
      vertex 3.66063 8.22191 4
      vertex 4.08591 8.01906 4
    endloop
  endfacet
  facet normal 0.430514 0.902584 0
    outer loop
      vertex 3.66063 8.22191 4
      vertex 4.08591 8.01906 0
      vertex 3.66063 8.22191 0
    endloop
  endfacet
  facet normal 0.688347 0.725381 -0
    outer loop
      vertex 6.36396 6.36396 0
      vertex 6.02217 6.6883 4
      vertex 6.36396 6.36396 4
    endloop
  endfacet
  facet normal 0.688347 0.725381 0
    outer loop
      vertex 6.02217 6.6883 4
      vertex 6.36396 6.36396 0
      vertex 6.02217 6.6883 0
    endloop
  endfacet
  facet normal 0.64945 -0.760404 0
    outer loop
      vertex 5.66388 -6.99431 0
      vertex 6.02217 -6.6883 4
      vertex 5.66388 -6.99431 4
    endloop
  endfacet
  facet normal 0.64945 -0.760404 0
    outer loop
      vertex 6.02217 -6.6883 4
      vertex 5.66388 -6.99431 0
      vertex 6.02217 -6.6883 0
    endloop
  endfacet
  facet normal -0.996917 -0.0784618 0
    outer loop
      vertex -8.9507 -0.940756 0
      vertex -8.98767 -0.471024 4
      vertex -8.98767 -0.471024 0
    endloop
  endfacet
  facet normal -0.996917 -0.0784618 0
    outer loop
      vertex -8.98767 -0.471024 4
      vertex -8.9507 -0.940756 0
      vertex -8.9507 -0.940756 4
    endloop
  endfacet
  facet normal -0.182224 -0.983257 0
    outer loop
      vertex -1.8712 -8.80333 0
      vertex -1.40791 -8.88919 4
      vertex -1.8712 -8.80333 4
    endloop
  endfacet
  facet normal -0.182224 -0.983257 -0
    outer loop
      vertex -1.40791 -8.88919 4
      vertex -1.8712 -8.80333 0
      vertex -1.40791 -8.88919 0
    endloop
  endfacet
  facet normal 0.999658 -0.026168 0
    outer loop
      vertex 8.98767 -0.471024 4
      vertex 9 0 0
      vertex 9 0 4
    endloop
  endfacet
  facet normal 0.999658 -0.026168 0
    outer loop
      vertex 9 0 0
      vertex 8.98767 -0.471024 4
      vertex 8.98767 -0.471024 0
    endloop
  endfacet
  facet normal 0.760404 -0.64945 0
    outer loop
      vertex 6.6883 -6.02217 4
      vertex 6.99431 -5.66388 0
      vertex 6.99431 -5.66388 4
    endloop
  endfacet
  facet normal 0.760404 -0.64945 0
    outer loop
      vertex 6.99431 -5.66388 0
      vertex 6.6883 -6.02217 4
      vertex 6.6883 -6.02217 0
    endloop
  endfacet
  facet normal -0.284009 0.958822 0
    outer loop
      vertex -2.32937 8.69333 0
      vertex -2.78115 8.55951 4
      vertex -2.32937 8.69333 4
    endloop
  endfacet
  facet normal -0.284009 0.958822 0
    outer loop
      vertex -2.78115 8.55951 4
      vertex -2.32937 8.69333 0
      vertex -2.78115 8.55951 0
    endloop
  endfacet
  facet normal -0.130543 0.991443 0
    outer loop
      vertex -0.940756 8.9507 0
      vertex -1.40791 8.88919 4
      vertex -0.940756 8.9507 4
    endloop
  endfacet
  facet normal -0.130543 0.991443 0
    outer loop
      vertex -1.40791 8.88919 4
      vertex -0.940756 8.9507 0
      vertex -1.40791 8.88919 0
    endloop
  endfacet
  facet normal -0.130543 -0.991443 0
    outer loop
      vertex -1.40791 -8.88919 0
      vertex -0.940756 -8.9507 4
      vertex -1.40791 -8.88919 4
    endloop
  endfacet
  facet normal -0.130543 -0.991443 -0
    outer loop
      vertex -0.940756 -8.9507 4
      vertex -1.40791 -8.88919 0
      vertex -0.940756 -8.9507 0
    endloop
  endfacet
  facet normal -0.608769 -0.793348 0
    outer loop
      vertex -5.66388 -6.99431 0
      vertex -5.29007 -7.28115 4
      vertex -5.66388 -6.99431 4
    endloop
  endfacet
  facet normal -0.608769 -0.793348 -0
    outer loop
      vertex -5.29007 -7.28115 4
      vertex -5.66388 -6.99431 0
      vertex -5.29007 -7.28115 0
    endloop
  endfacet
  facet normal 0.52251 -0.852633 0
    outer loop
      vertex 4.5 -7.79423 0
      vertex 4.90175 -7.54803 4
      vertex 4.5 -7.79423 4
    endloop
  endfacet
  facet normal 0.52251 -0.852633 0
    outer loop
      vertex 4.90175 -7.54803 4
      vertex 4.5 -7.79423 0
      vertex 4.90175 -7.54803 0
    endloop
  endfacet
  facet normal 0.0784618 0.996917 -0
    outer loop
      vertex 0.940756 8.9507 0
      vertex 0.471024 8.98767 4
      vertex 0.940756 8.9507 4
    endloop
  endfacet
  facet normal 0.0784618 0.996917 0
    outer loop
      vertex 0.471024 8.98767 4
      vertex 0.940756 8.9507 0
      vertex 0.471024 8.98767 0
    endloop
  endfacet
  facet normal -0.983257 -0.182224 0
    outer loop
      vertex -8.80333 -1.8712 0
      vertex -8.88919 -1.40791 4
      vertex -8.88919 -1.40791 0
    endloop
  endfacet
  facet normal -0.983257 -0.182224 0
    outer loop
      vertex -8.88919 -1.40791 4
      vertex -8.80333 -1.8712 0
      vertex -8.80333 -1.8712 4
    endloop
  endfacet
  facet normal 0.233452 -0.972368 0
    outer loop
      vertex 1.8712 -8.80333 0
      vertex 2.32937 -8.69333 4
      vertex 1.8712 -8.80333 4
    endloop
  endfacet
  facet normal 0.233452 -0.972368 0
    outer loop
      vertex 2.32937 -8.69333 4
      vertex 1.8712 -8.80333 0
      vertex 2.32937 -8.69333 0
    endloop
  endfacet
  facet normal 0.983257 0.182224 0
    outer loop
      vertex 8.88919 1.40791 4
      vertex 8.80333 1.8712 0
      vertex 8.80333 1.8712 4
    endloop
  endfacet
  facet normal 0.983257 0.182224 0
    outer loop
      vertex 8.80333 1.8712 0
      vertex 8.88919 1.40791 4
      vertex 8.88919 1.40791 0
    endloop
  endfacet
  facet normal 0.902584 0.430514 0
    outer loop
      vertex 8.22191 3.66063 4
      vertex 8.01906 4.08591 0
      vertex 8.01906 4.08591 4
    endloop
  endfacet
  facet normal 0.902584 0.430514 0
    outer loop
      vertex 8.01906 4.08591 0
      vertex 8.22191 3.66063 4
      vertex 8.22191 3.66063 0
    endloop
  endfacet
  facet normal 0.878819 -0.477155 0
    outer loop
      vertex 7.79423 -4.5 4
      vertex 8.01906 -4.08591 0
      vertex 8.01906 -4.08591 4
    endloop
  endfacet
  facet normal 0.878819 -0.477155 0
    outer loop
      vertex 8.01906 -4.08591 0
      vertex 7.79423 -4.5 4
      vertex 7.79423 -4.5 0
    endloop
  endfacet
  facet normal 0.923884 -0.382674 0
    outer loop
      vertex 8.22191 -3.66063 4
      vertex 8.40222 -3.22531 0
      vertex 8.40222 -3.22531 4
    endloop
  endfacet
  facet normal 0.923884 -0.382674 0
    outer loop
      vertex 8.40222 -3.22531 0
      vertex 8.22191 -3.66063 4
      vertex 8.22191 -3.66063 0
    endloop
  endfacet
  facet normal -0.688347 0.725381 0
    outer loop
      vertex -6.02217 6.6883 0
      vertex -6.36396 6.36396 4
      vertex -6.02217 6.6883 4
    endloop
  endfacet
  facet normal -0.688347 0.725381 0
    outer loop
      vertex -6.36396 6.36396 4
      vertex -6.02217 6.6883 0
      vertex -6.36396 6.36396 0
    endloop
  endfacet
  facet normal -0.608769 0.793348 0
    outer loop
      vertex -5.29007 7.28115 0
      vertex -5.66388 6.99431 4
      vertex -5.29007 7.28115 4
    endloop
  endfacet
  facet normal -0.608769 0.793348 0
    outer loop
      vertex -5.66388 6.99431 4
      vertex -5.29007 7.28115 0
      vertex -5.66388 6.99431 0
    endloop
  endfacet
  facet normal -0.999658 -0.026168 0
    outer loop
      vertex -8.98767 -0.471024 0
      vertex -9 0 4
      vertex -9 0 0
    endloop
  endfacet
  facet normal -0.999658 -0.026168 0
    outer loop
      vertex -9 0 4
      vertex -8.98767 -0.471024 0
      vertex -8.98767 -0.471024 4
    endloop
  endfacet
  facet normal -0.999658 0.026168 0
    outer loop
      vertex -9 0 0
      vertex -8.98767 0.471024 4
      vertex -8.98767 0.471024 0
    endloop
  endfacet
  facet normal -0.999658 0.026168 0
    outer loop
      vertex -8.98767 0.471024 4
      vertex -9 0 0
      vertex -9 0 4
    endloop
  endfacet
  facet normal 0.972368 0.233452 0
    outer loop
      vertex 8.80333 1.8712 4
      vertex 8.69333 2.32937 0
      vertex 8.69333 2.32937 4
    endloop
  endfacet
  facet normal 0.972368 0.233452 0
    outer loop
      vertex 8.69333 2.32937 0
      vertex 8.80333 1.8712 4
      vertex 8.80333 1.8712 0
    endloop
  endfacet
  facet normal -0.991443 0.130543 0
    outer loop
      vertex -8.9507 0.940756 0
      vertex -8.88919 1.40791 4
      vertex -8.88919 1.40791 0
    endloop
  endfacet
  facet normal -0.991443 0.130543 0
    outer loop
      vertex -8.88919 1.40791 4
      vertex -8.9507 0.940756 0
      vertex -8.9507 0.940756 4
    endloop
  endfacet
  facet normal 0.284009 -0.958822 0
    outer loop
      vertex 2.32937 -8.69333 0
      vertex 2.78115 -8.55951 4
      vertex 2.32937 -8.69333 4
    endloop
  endfacet
  facet normal 0.284009 -0.958822 0
    outer loop
      vertex 2.78115 -8.55951 4
      vertex 2.32937 -8.69333 0
      vertex 2.78115 -8.55951 0
    endloop
  endfacet
  facet normal 0.566399 -0.824131 0
    outer loop
      vertex 4.90175 -7.54803 0
      vertex 5.29007 -7.28115 4
      vertex 4.90175 -7.54803 4
    endloop
  endfacet
  facet normal 0.566399 -0.824131 0
    outer loop
      vertex 5.29007 -7.28115 4
      vertex 4.90175 -7.54803 0
      vertex 5.29007 -7.28115 0
    endloop
  endfacet
  facet normal -0.566399 0.824131 0
    outer loop
      vertex -4.90175 7.54803 0
      vertex -5.29007 7.28115 4
      vertex -4.90175 7.54803 4
    endloop
  endfacet
  facet normal -0.566399 0.824131 0
    outer loop
      vertex -5.29007 7.28115 4
      vertex -4.90175 7.54803 0
      vertex -5.29007 7.28115 0
    endloop
  endfacet
  facet normal -0.477155 -0.878819 0
    outer loop
      vertex -4.5 -7.79423 0
      vertex -4.08591 -8.01906 4
      vertex -4.5 -7.79423 4
    endloop
  endfacet
  facet normal -0.477155 -0.878819 -0
    outer loop
      vertex -4.08591 -8.01906 4
      vertex -4.5 -7.79423 0
      vertex -4.08591 -8.01906 0
    endloop
  endfacet
  facet normal -0.878819 0.477155 0
    outer loop
      vertex -8.01906 4.08591 0
      vertex -7.79423 4.5 4
      vertex -7.79423 4.5 0
    endloop
  endfacet
  facet normal -0.878819 0.477155 0
    outer loop
      vertex -7.79423 4.5 4
      vertex -8.01906 4.08591 0
      vertex -8.01906 4.08591 4
    endloop
  endfacet
  facet normal -0.688347 -0.725381 0
    outer loop
      vertex -6.36396 -6.36396 0
      vertex -6.02217 -6.6883 4
      vertex -6.36396 -6.36396 4
    endloop
  endfacet
  facet normal -0.688347 -0.725381 -0
    outer loop
      vertex -6.02217 -6.6883 4
      vertex -6.36396 -6.36396 0
      vertex -6.02217 -6.6883 0
    endloop
  endfacet
  facet normal -0.233452 -0.972368 0
    outer loop
      vertex -2.32937 -8.69333 0
      vertex -1.8712 -8.80333 4
      vertex -2.32937 -8.69333 4
    endloop
  endfacet
  facet normal -0.233452 -0.972368 -0
    outer loop
      vertex -1.8712 -8.80333 4
      vertex -2.32937 -8.69333 0
      vertex -1.8712 -8.80333 0
    endloop
  endfacet
  facet normal -0.923884 0.382674 0
    outer loop
      vertex -8.40222 3.22531 0
      vertex -8.22191 3.66063 4
      vertex -8.22191 3.66063 0
    endloop
  endfacet
  facet normal -0.923884 0.382674 0
    outer loop
      vertex -8.22191 3.66063 4
      vertex -8.40222 3.22531 0
      vertex -8.40222 3.22531 4
    endloop
  endfacet
  facet normal 0.477155 0.878819 -0
    outer loop
      vertex 4.5 7.79423 0
      vertex 4.08591 8.01906 4
      vertex 4.5 7.79423 4
    endloop
  endfacet
  facet normal 0.477155 0.878819 0
    outer loop
      vertex 4.08591 8.01906 4
      vertex 4.5 7.79423 0
      vertex 4.08591 8.01906 0
    endloop
  endfacet
  facet normal 0 0 1
    outer loop
      vertex 7 0 4
      vertex 9 0 4
      vertex 8.98767 0.471024 4
    endloop
  endfacet
  facet normal 0 0 1
    outer loop
      vertex 6.99041 0.366351 4
      vertex 8.98767 0.471024 4
      vertex 8.9507 0.940756 4
    endloop
  endfacet
  facet normal 0 0 1
    outer loop
      vertex 9 0 4
      vertex 7 0 4
      vertex 8.98767 -0.471024 4
    endloop
  endfacet
  facet normal 0 0 1
    outer loop
      vertex 6.96165 0.731699 4
      vertex 8.9507 0.940756 4
      vertex 8.88919 1.40791 4
    endloop
  endfacet
  facet normal -0 0 1
    outer loop
      vertex 6.99041 -0.366351 4
      vertex 8.98767 -0.471024 4
      vertex 7 0 4
    endloop
  endfacet
  facet normal 0 0 1
    outer loop
      vertex 6.91382 1.09504 4
      vertex 8.88919 1.40791 4
      vertex 8.80333 1.8712 4
    endloop
  endfacet
  facet normal 0 0 1
    outer loop
      vertex 8.98767 -0.471024 4
      vertex 6.99041 -0.366351 4
      vertex 8.9507 -0.940756 4
    endloop
  endfacet
  facet normal 0 0 1
    outer loop
      vertex 6.84703 1.45538 4
      vertex 8.80333 1.8712 4
      vertex 8.69333 2.32937 4
    endloop
  endfacet
  facet normal -0 0 1
    outer loop
      vertex 6.96165 -0.731699 4
      vertex 8.9507 -0.940756 4
      vertex 6.99041 -0.366351 4
    endloop
  endfacet
  facet normal 0 0 1
    outer loop
      vertex 6.76148 1.81173 4
      vertex 8.69333 2.32937 4
      vertex 8.55951 2.78115 4
    endloop
  endfacet
  facet normal 0 0 1
    outer loop
      vertex 8.9507 -0.940756 4
      vertex 6.96165 -0.731699 4
      vertex 8.88919 -1.40791 4
    endloop
  endfacet
  facet normal 0 0 1
    outer loop
      vertex 6.6574 2.16312 4
      vertex 8.55951 2.78115 4
      vertex 8.40222 3.22531 4
    endloop
  endfacet
  facet normal -0 0 1
    outer loop
      vertex 6.91382 -1.09504 4
      vertex 8.88919 -1.40791 4
      vertex 6.96165 -0.731699 4
    endloop
  endfacet
  facet normal 0 0 1
    outer loop
      vertex 6.53506 2.50858 4
      vertex 8.40222 3.22531 4
      vertex 8.22191 3.66063 4
    endloop
  endfacet
  facet normal 0 0 1
    outer loop
      vertex 8.88919 -1.40791 4
      vertex 6.91382 -1.09504 4
      vertex 8.80333 -1.8712 4
    endloop
  endfacet
  facet normal 0 0 1
    outer loop
      vertex 6.39482 2.84716 4
      vertex 8.22191 3.66063 4
      vertex 8.01906 4.08591 4
    endloop
  endfacet
  facet normal -0 0 1
    outer loop
      vertex 6.84703 -1.45538 4
      vertex 8.80333 -1.8712 4
      vertex 6.91382 -1.09504 4
    endloop
  endfacet
  facet normal 0 0 1
    outer loop
      vertex 6.23705 3.17793 4
      vertex 8.01906 4.08591 4
      vertex 7.79423 4.5 4
    endloop
  endfacet
  facet normal 0 0 1
    outer loop
      vertex 8.80333 -1.8712 4
      vertex 6.84703 -1.45538 4
      vertex 8.69333 -2.32937 4
    endloop
  endfacet
  facet normal 0 0 1
    outer loop
      vertex 6.06218 3.5 4
      vertex 7.79423 4.5 4
      vertex 7.54803 4.90175 4
    endloop
  endfacet
  facet normal -0 0 1
    outer loop
      vertex 6.76148 -1.81173 4
      vertex 8.69333 -2.32937 4
      vertex 6.84703 -1.45538 4
    endloop
  endfacet
  facet normal 0 0 1
    outer loop
      vertex 5.87069 3.81247 4
      vertex 7.54803 4.90175 4
      vertex 7.28115 5.29007 4
    endloop
  endfacet
  facet normal 0 0 1
    outer loop
      vertex 8.69333 -2.32937 4
      vertex 6.76148 -1.81173 4
      vertex 8.55951 -2.78115 4
    endloop
  endfacet
  facet normal -0 0 1
    outer loop
      vertex 6.6574 -2.16312 4
      vertex 8.55951 -2.78115 4
      vertex 6.76148 -1.81173 4
    endloop
  endfacet
  facet normal 0 0 1
    outer loop
      vertex 5.66312 4.1145 4
      vertex 7.28115 5.29007 4
      vertex 6.99431 5.66388 4
    endloop
  endfacet
  facet normal 0 0 1
    outer loop
      vertex 8.98767 0.471024 4
      vertex 6.99041 0.366351 4
      vertex 7 0 4
    endloop
  endfacet
  facet normal 0 0 1
    outer loop
      vertex 8.9507 0.940756 4
      vertex 6.96165 0.731699 4
      vertex 6.99041 0.366351 4
    endloop
  endfacet
  facet normal 0 0 1
    outer loop
      vertex 8.88919 1.40791 4
      vertex 6.91382 1.09504 4
      vertex 6.96165 0.731699 4
    endloop
  endfacet
  facet normal 0 0 1
    outer loop
      vertex 8.80333 1.8712 4
      vertex 6.84703 1.45538 4
      vertex 6.91382 1.09504 4
    endloop
  endfacet
  facet normal 0 0 1
    outer loop
      vertex 8.69333 2.32937 4
      vertex 6.76148 1.81173 4
      vertex 6.84703 1.45538 4
    endloop
  endfacet
  facet normal 0 0 1
    outer loop
      vertex 5.44002 4.40524 4
      vertex 6.99431 5.66388 4
      vertex 6.6883 6.02217 4
    endloop
  endfacet
  facet normal 0 0 1
    outer loop
      vertex 8.55951 2.78115 4
      vertex 6.6574 2.16312 4
      vertex 6.76148 1.81173 4
    endloop
  endfacet
  facet normal 0 0 1
    outer loop
      vertex 8.40222 3.22531 4
      vertex 6.53506 2.50858 4
      vertex 6.6574 2.16312 4
    endloop
  endfacet
  facet normal 0 0 1
    outer loop
      vertex 8.22191 3.66063 4
      vertex 6.39482 2.84716 4
      vertex 6.53506 2.50858 4
    endloop
  endfacet
  facet normal 0 0 1
    outer loop
      vertex 5.20201 4.68391 4
      vertex 6.6883 6.02217 4
      vertex 6.36396 6.36396 4
    endloop
  endfacet
  facet normal 0 0 1
    outer loop
      vertex 8.01906 4.08591 4
      vertex 6.23705 3.17793 4
      vertex 6.39482 2.84716 4
    endloop
  endfacet
  facet normal 0 0 1
    outer loop
      vertex 7.79423 4.5 4
      vertex 6.06218 3.5 4
      vertex 6.23705 3.17793 4
    endloop
  endfacet
  facet normal 0 0 1
    outer loop
      vertex 4.94975 4.94975 4
      vertex 6.36396 6.36396 4
      vertex 6.02217 6.6883 4
    endloop
  endfacet
  facet normal 0 0 1
    outer loop
      vertex 7.54803 4.90175 4
      vertex 5.87069 3.81247 4
      vertex 6.06218 3.5 4
    endloop
  endfacet
  facet normal 0 0 1
    outer loop
      vertex 4.68391 5.20201 4
      vertex 6.02217 6.6883 4
      vertex 5.66388 6.99431 4
    endloop
  endfacet
  facet normal 0 0 1
    outer loop
      vertex 7.28115 5.29007 4
      vertex 5.66312 4.1145 4
      vertex 5.87069 3.81247 4
    endloop
  endfacet
  facet normal 0 0 1
    outer loop
      vertex 6.99431 5.66388 4
      vertex 5.44002 4.40524 4
      vertex 5.66312 4.1145 4
    endloop
  endfacet
  facet normal 0 0 1
    outer loop
      vertex 4.40524 5.44002 4
      vertex 5.66388 6.99431 4
      vertex 5.29007 7.28115 4
    endloop
  endfacet
  facet normal 0 0 1
    outer loop
      vertex 6.6883 6.02217 4
      vertex 5.20201 4.68391 4
      vertex 5.44002 4.40524 4
    endloop
  endfacet
  facet normal 0 0 1
    outer loop
      vertex 6.36396 6.36396 4
      vertex 4.94975 4.94975 4
      vertex 5.20201 4.68391 4
    endloop
  endfacet
  facet normal 0 0 1
    outer loop
      vertex 4.1145 5.66312 4
      vertex 5.29007 7.28115 4
      vertex 4.90175 7.54803 4
    endloop
  endfacet
  facet normal 0 0 1
    outer loop
      vertex 6.02217 6.6883 4
      vertex 4.68391 5.20201 4
      vertex 4.94975 4.94975 4
    endloop
  endfacet
  facet normal 0 0 1
    outer loop
      vertex 3.81247 5.87069 4
      vertex 4.90175 7.54803 4
      vertex 4.5 7.79423 4
    endloop
  endfacet
  facet normal 0 0 1
    outer loop
      vertex 5.66388 6.99431 4
      vertex 4.40524 5.44002 4
      vertex 4.68391 5.20201 4
    endloop
  endfacet
  facet normal 0 0 1
    outer loop
      vertex 5.29007 7.28115 4
      vertex 4.1145 5.66312 4
      vertex 4.40524 5.44002 4
    endloop
  endfacet
  facet normal 0 0 1
    outer loop
      vertex 3.5 6.06218 4
      vertex 4.5 7.79423 4
      vertex 4.08591 8.01906 4
    endloop
  endfacet
  facet normal 0 0 1
    outer loop
      vertex 4.90175 7.54803 4
      vertex 3.81247 5.87069 4
      vertex 4.1145 5.66312 4
    endloop
  endfacet
  facet normal 0 0 1
    outer loop
      vertex 3.17793 6.23705 4
      vertex 4.08591 8.01906 4
      vertex 3.66063 8.22191 4
    endloop
  endfacet
  facet normal 0 0 1
    outer loop
      vertex 4.5 7.79423 4
      vertex 3.5 6.06218 4
      vertex 3.81247 5.87069 4
    endloop
  endfacet
  facet normal 0 0 1
    outer loop
      vertex 2.84716 6.39482 4
      vertex 3.66063 8.22191 4
      vertex 3.22531 8.40222 4
    endloop
  endfacet
  facet normal 0 0 1
    outer loop
      vertex 4.08591 8.01906 4
      vertex 3.17793 6.23705 4
      vertex 3.5 6.06218 4
    endloop
  endfacet
  facet normal 0 0 1
    outer loop
      vertex 3.66063 8.22191 4
      vertex 2.84716 6.39482 4
      vertex 3.17793 6.23705 4
    endloop
  endfacet
  facet normal 0 0 1
    outer loop
      vertex 2.50858 6.53506 4
      vertex 3.22531 8.40222 4
      vertex 2.78115 8.55951 4
    endloop
  endfacet
  facet normal 0 0 1
    outer loop
      vertex 3.22531 8.40222 4
      vertex 2.50858 6.53506 4
      vertex 2.84716 6.39482 4
    endloop
  endfacet
  facet normal 0 0 1
    outer loop
      vertex 2.16312 6.6574 4
      vertex 2.78115 8.55951 4
      vertex 2.32937 8.69333 4
    endloop
  endfacet
  facet normal 0 0 1
    outer loop
      vertex 2.78115 8.55951 4
      vertex 2.16312 6.6574 4
      vertex 2.50858 6.53506 4
    endloop
  endfacet
  facet normal 0 0 1
    outer loop
      vertex 1.81173 6.76148 4
      vertex 2.32937 8.69333 4
      vertex 1.8712 8.80333 4
    endloop
  endfacet
  facet normal 0 0 1
    outer loop
      vertex 2.32937 8.69333 4
      vertex 1.81173 6.76148 4
      vertex 2.16312 6.6574 4
    endloop
  endfacet
  facet normal 0 0 1
    outer loop
      vertex 1.8712 8.80333 4
      vertex 1.45538 6.84703 4
      vertex 1.81173 6.76148 4
    endloop
  endfacet
  facet normal 0 0 1
    outer loop
      vertex 1.40791 8.88919 4
      vertex 1.45538 6.84703 4
      vertex 1.8712 8.80333 4
    endloop
  endfacet
  facet normal 0 0 1
    outer loop
      vertex 1.40791 8.88919 4
      vertex 1.09504 6.91382 4
      vertex 1.45538 6.84703 4
    endloop
  endfacet
  facet normal 0 0 1
    outer loop
      vertex 0.940756 8.9507 4
      vertex 1.09504 6.91382 4
      vertex 1.40791 8.88919 4
    endloop
  endfacet
  facet normal 0 0 1
    outer loop
      vertex 0.940756 8.9507 4
      vertex 0.731699 6.96165 4
      vertex 1.09504 6.91382 4
    endloop
  endfacet
  facet normal 0 0 1
    outer loop
      vertex 0.471024 8.98767 4
      vertex 0.731699 6.96165 4
      vertex 0.940756 8.9507 4
    endloop
  endfacet
  facet normal 0 0 1
    outer loop
      vertex 0.471024 8.98767 4
      vertex 0.366351 6.99041 4
      vertex 0.731699 6.96165 4
    endloop
  endfacet
  facet normal 0 0 1
    outer loop
      vertex 0 9 4
      vertex 0.366351 6.99041 4
      vertex 0.471024 8.98767 4
    endloop
  endfacet
  facet normal 0 0 1
    outer loop
      vertex 0 9 4
      vertex 0 7 4
      vertex 0.366351 6.99041 4
    endloop
  endfacet
  facet normal 0 0 1
    outer loop
      vertex 0 9 4
      vertex -0.366351 6.99041 4
      vertex 0 7 4
    endloop
  endfacet
  facet normal -0 0 1
    outer loop
      vertex -0.471024 8.98767 4
      vertex -0.366351 6.99041 4
      vertex 0 9 4
    endloop
  endfacet
  facet normal 0 0 1
    outer loop
      vertex -0.471024 8.98767 4
      vertex -0.731699 6.96165 4
      vertex -0.366351 6.99041 4
    endloop
  endfacet
  facet normal -0 0 1
    outer loop
      vertex -0.940756 8.9507 4
      vertex -0.731699 6.96165 4
      vertex -0.471024 8.98767 4
    endloop
  endfacet
  facet normal 0 0 1
    outer loop
      vertex -0.940756 8.9507 4
      vertex -1.09504 6.91382 4
      vertex -0.731699 6.96165 4
    endloop
  endfacet
  facet normal -0 0 1
    outer loop
      vertex -1.40791 8.88919 4
      vertex -1.09504 6.91382 4
      vertex -0.940756 8.9507 4
    endloop
  endfacet
  facet normal 0 0 1
    outer loop
      vertex -1.40791 8.88919 4
      vertex -1.45538 6.84703 4
      vertex -1.09504 6.91382 4
    endloop
  endfacet
  facet normal -0 0 1
    outer loop
      vertex -1.8712 8.80333 4
      vertex -1.45538 6.84703 4
      vertex -1.40791 8.88919 4
    endloop
  endfacet
  facet normal 0 0 1
    outer loop
      vertex -1.45538 6.84703 4
      vertex -1.8712 8.80333 4
      vertex -1.81173 6.76148 4
    endloop
  endfacet
  facet normal -0 0 1
    outer loop
      vertex -2.32937 8.69333 4
      vertex -1.81173 6.76148 4
      vertex -1.8712 8.80333 4
    endloop
  endfacet
  facet normal 0 0 1
    outer loop
      vertex -1.81173 6.76148 4
      vertex -2.32937 8.69333 4
      vertex -2.16312 6.6574 4
    endloop
  endfacet
  facet normal -0 0 1
    outer loop
      vertex -2.78115 8.55951 4
      vertex -2.16312 6.6574 4
      vertex -2.32937 8.69333 4
    endloop
  endfacet
  facet normal 0 0 1
    outer loop
      vertex -2.16312 6.6574 4
      vertex -2.78115 8.55951 4
      vertex -2.50858 6.53506 4
    endloop
  endfacet
  facet normal -0 0 1
    outer loop
      vertex -3.22531 8.40222 4
      vertex -2.50858 6.53506 4
      vertex -2.78115 8.55951 4
    endloop
  endfacet
  facet normal 0 0 1
    outer loop
      vertex -2.50858 6.53506 4
      vertex -3.22531 8.40222 4
      vertex -2.84716 6.39482 4
    endloop
  endfacet
  facet normal -0 0 1
    outer loop
      vertex -3.66063 8.22191 4
      vertex -2.84716 6.39482 4
      vertex -3.22531 8.40222 4
    endloop
  endfacet
  facet normal 0 0 1
    outer loop
      vertex -2.84716 6.39482 4
      vertex -3.66063 8.22191 4
      vertex -3.17793 6.23705 4
    endloop
  endfacet
  facet normal -0 0 1
    outer loop
      vertex -4.08591 8.01906 4
      vertex -3.17793 6.23705 4
      vertex -3.66063 8.22191 4
    endloop
  endfacet
  facet normal 0 0 1
    outer loop
      vertex -3.17793 6.23705 4
      vertex -4.08591 8.01906 4
      vertex -3.5 6.06218 4
    endloop
  endfacet
  facet normal -0 0 1
    outer loop
      vertex -4.5 7.79423 4
      vertex -3.5 6.06218 4
      vertex -4.08591 8.01906 4
    endloop
  endfacet
  facet normal 0 0 1
    outer loop
      vertex -3.5 6.06218 4
      vertex -4.5 7.79423 4
      vertex -3.81247 5.87069 4
    endloop
  endfacet
  facet normal -0 0 1
    outer loop
      vertex -4.90175 7.54803 4
      vertex -3.81247 5.87069 4
      vertex -4.5 7.79423 4
    endloop
  endfacet
  facet normal 0 0 1
    outer loop
      vertex -3.81247 5.87069 4
      vertex -4.90175 7.54803 4
      vertex -4.1145 5.66312 4
    endloop
  endfacet
  facet normal -0 0 1
    outer loop
      vertex -5.29007 7.28115 4
      vertex -4.1145 5.66312 4
      vertex -4.90175 7.54803 4
    endloop
  endfacet
  facet normal 0 0 1
    outer loop
      vertex -4.1145 5.66312 4
      vertex -5.29007 7.28115 4
      vertex -4.40524 5.44002 4
    endloop
  endfacet
  facet normal -0 0 1
    outer loop
      vertex -5.66388 6.99431 4
      vertex -4.40524 5.44002 4
      vertex -5.29007 7.28115 4
    endloop
  endfacet
  facet normal 0 0 1
    outer loop
      vertex -4.40524 5.44002 4
      vertex -5.66388 6.99431 4
      vertex -4.68391 5.20201 4
    endloop
  endfacet
  facet normal -0 0 1
    outer loop
      vertex -6.02217 6.6883 4
      vertex -4.68391 5.20201 4
      vertex -5.66388 6.99431 4
    endloop
  endfacet
  facet normal 0 0 1
    outer loop
      vertex -4.68391 5.20201 4
      vertex -6.02217 6.6883 4
      vertex -4.94975 4.94975 4
    endloop
  endfacet
  facet normal -0 0 1
    outer loop
      vertex -6.36396 6.36396 4
      vertex -4.94975 4.94975 4
      vertex -6.02217 6.6883 4
    endloop
  endfacet
  facet normal 0 0 1
    outer loop
      vertex -4.94975 4.94975 4
      vertex -6.36396 6.36396 4
      vertex -5.20201 4.68391 4
    endloop
  endfacet
  facet normal -0 0 1
    outer loop
      vertex -6.6883 6.02217 4
      vertex -5.20201 4.68391 4
      vertex -6.36396 6.36396 4
    endloop
  endfacet
  facet normal 0 0 1
    outer loop
      vertex -5.20201 4.68391 4
      vertex -6.6883 6.02217 4
      vertex -5.44002 4.40524 4
    endloop
  endfacet
  facet normal -0 0 1
    outer loop
      vertex -6.99431 5.66388 4
      vertex -5.44002 4.40524 4
      vertex -6.6883 6.02217 4
    endloop
  endfacet
  facet normal 0 0 1
    outer loop
      vertex -5.44002 4.40524 4
      vertex -6.99431 5.66388 4
      vertex -5.66312 4.1145 4
    endloop
  endfacet
  facet normal -0 0 1
    outer loop
      vertex -7.28115 5.29007 4
      vertex -5.66312 4.1145 4
      vertex -6.99431 5.66388 4
    endloop
  endfacet
  facet normal 0 0 1
    outer loop
      vertex -5.66312 4.1145 4
      vertex -7.28115 5.29007 4
      vertex -5.87069 3.81247 4
    endloop
  endfacet
  facet normal -0 0 1
    outer loop
      vertex -7.54803 4.90175 4
      vertex -5.87069 3.81247 4
      vertex -7.28115 5.29007 4
    endloop
  endfacet
  facet normal 0 0 1
    outer loop
      vertex -5.87069 3.81247 4
      vertex -7.54803 4.90175 4
      vertex -6.06218 3.5 4
    endloop
  endfacet
  facet normal -0 0 1
    outer loop
      vertex -7.79423 4.5 4
      vertex -6.06218 3.5 4
      vertex -7.54803 4.90175 4
    endloop
  endfacet
  facet normal 0 0 1
    outer loop
      vertex -6.06218 3.5 4
      vertex -7.79423 4.5 4
      vertex -6.23705 3.17793 4
    endloop
  endfacet
  facet normal -0 0 1
    outer loop
      vertex -8.01906 4.08591 4
      vertex -6.23705 3.17793 4
      vertex -7.79423 4.5 4
    endloop
  endfacet
  facet normal 0 0 1
    outer loop
      vertex -6.23705 3.17793 4
      vertex -8.01906 4.08591 4
      vertex -6.39482 2.84716 4
    endloop
  endfacet
  facet normal -0 0 1
    outer loop
      vertex -8.22191 3.66063 4
      vertex -6.39482 2.84716 4
      vertex -8.01906 4.08591 4
    endloop
  endfacet
  facet normal 0 0 1
    outer loop
      vertex -6.39482 2.84716 4
      vertex -8.22191 3.66063 4
      vertex -6.53506 2.50858 4
    endloop
  endfacet
  facet normal -0 0 1
    outer loop
      vertex -8.40222 3.22531 4
      vertex -6.53506 2.50858 4
      vertex -8.22191 3.66063 4
    endloop
  endfacet
  facet normal 0 0 1
    outer loop
      vertex -6.53506 2.50858 4
      vertex -8.40222 3.22531 4
      vertex -6.6574 2.16312 4
    endloop
  endfacet
  facet normal -0 0 1
    outer loop
      vertex -8.55951 2.78115 4
      vertex -6.6574 2.16312 4
      vertex -8.40222 3.22531 4
    endloop
  endfacet
  facet normal 0 0 1
    outer loop
      vertex 8.55951 -2.78115 4
      vertex 6.6574 -2.16312 4
      vertex 8.40222 -3.22531 4
    endloop
  endfacet
  facet normal -0 0 1
    outer loop
      vertex 6.53506 -2.50858 4
      vertex 8.40222 -3.22531 4
      vertex 6.6574 -2.16312 4
    endloop
  endfacet
  facet normal 0 0 1
    outer loop
      vertex 8.40222 -3.22531 4
      vertex 6.53506 -2.50858 4
      vertex 8.22191 -3.66063 4
    endloop
  endfacet
  facet normal -0 0 1
    outer loop
      vertex 6.39482 -2.84716 4
      vertex 8.22191 -3.66063 4
      vertex 6.53506 -2.50858 4
    endloop
  endfacet
  facet normal 0 0 1
    outer loop
      vertex 8.22191 -3.66063 4
      vertex 6.39482 -2.84716 4
      vertex 8.01906 -4.08591 4
    endloop
  endfacet
  facet normal -0 0 1
    outer loop
      vertex 6.23705 -3.17793 4
      vertex 8.01906 -4.08591 4
      vertex 6.39482 -2.84716 4
    endloop
  endfacet
  facet normal 0 0 1
    outer loop
      vertex 8.01906 -4.08591 4
      vertex 6.23705 -3.17793 4
      vertex 7.79423 -4.5 4
    endloop
  endfacet
  facet normal -0 0 1
    outer loop
      vertex 6.06218 -3.5 4
      vertex 7.79423 -4.5 4
      vertex 6.23705 -3.17793 4
    endloop
  endfacet
  facet normal 0 0 1
    outer loop
      vertex 7.79423 -4.5 4
      vertex 6.06218 -3.5 4
      vertex 7.54803 -4.90175 4
    endloop
  endfacet
  facet normal -0 0 1
    outer loop
      vertex 5.87069 -3.81247 4
      vertex 7.54803 -4.90175 4
      vertex 6.06218 -3.5 4
    endloop
  endfacet
  facet normal 0 0 1
    outer loop
      vertex 7.54803 -4.90175 4
      vertex 5.87069 -3.81247 4
      vertex 7.28115 -5.29007 4
    endloop
  endfacet
  facet normal -0 0 1
    outer loop
      vertex 5.66312 -4.1145 4
      vertex 7.28115 -5.29007 4
      vertex 5.87069 -3.81247 4
    endloop
  endfacet
  facet normal 0 0 1
    outer loop
      vertex 7.28115 -5.29007 4
      vertex 5.66312 -4.1145 4
      vertex 6.99431 -5.66388 4
    endloop
  endfacet
  facet normal -0 0 1
    outer loop
      vertex 5.44002 -4.40524 4
      vertex 6.99431 -5.66388 4
      vertex 5.66312 -4.1145 4
    endloop
  endfacet
  facet normal 0 0 1
    outer loop
      vertex 6.99431 -5.66388 4
      vertex 5.44002 -4.40524 4
      vertex 6.6883 -6.02217 4
    endloop
  endfacet
  facet normal -0 0 1
    outer loop
      vertex 5.20201 -4.68391 4
      vertex 6.6883 -6.02217 4
      vertex 5.44002 -4.40524 4
    endloop
  endfacet
  facet normal 0 0 1
    outer loop
      vertex 6.6883 -6.02217 4
      vertex 5.20201 -4.68391 4
      vertex 6.36396 -6.36396 4
    endloop
  endfacet
  facet normal -0 0 1
    outer loop
      vertex 4.94975 -4.94975 4
      vertex 6.36396 -6.36396 4
      vertex 5.20201 -4.68391 4
    endloop
  endfacet
  facet normal 0 0 1
    outer loop
      vertex 6.36396 -6.36396 4
      vertex 4.94975 -4.94975 4
      vertex 6.02217 -6.6883 4
    endloop
  endfacet
  facet normal -0 0 1
    outer loop
      vertex 4.68391 -5.20201 4
      vertex 6.02217 -6.6883 4
      vertex 4.94975 -4.94975 4
    endloop
  endfacet
  facet normal 0 0 1
    outer loop
      vertex 6.02217 -6.6883 4
      vertex 4.68391 -5.20201 4
      vertex 5.66388 -6.99431 4
    endloop
  endfacet
  facet normal -0 0 1
    outer loop
      vertex 4.40524 -5.44002 4
      vertex 5.66388 -6.99431 4
      vertex 4.68391 -5.20201 4
    endloop
  endfacet
  facet normal 0 0 1
    outer loop
      vertex 5.66388 -6.99431 4
      vertex 4.40524 -5.44002 4
      vertex 5.29007 -7.28115 4
    endloop
  endfacet
  facet normal -0 0 1
    outer loop
      vertex 4.1145 -5.66312 4
      vertex 5.29007 -7.28115 4
      vertex 4.40524 -5.44002 4
    endloop
  endfacet
  facet normal 0 0 1
    outer loop
      vertex 5.29007 -7.28115 4
      vertex 4.1145 -5.66312 4
      vertex 4.90175 -7.54803 4
    endloop
  endfacet
  facet normal -0 0 1
    outer loop
      vertex 3.81247 -5.87069 4
      vertex 4.90175 -7.54803 4
      vertex 4.1145 -5.66312 4
    endloop
  endfacet
  facet normal 0 0 1
    outer loop
      vertex 4.90175 -7.54803 4
      vertex 3.81247 -5.87069 4
      vertex 4.5 -7.79423 4
    endloop
  endfacet
  facet normal -0 0 1
    outer loop
      vertex 3.5 -6.06218 4
      vertex 4.5 -7.79423 4
      vertex 3.81247 -5.87069 4
    endloop
  endfacet
  facet normal 0 0 1
    outer loop
      vertex 4.5 -7.79423 4
      vertex 3.5 -6.06218 4
      vertex 4.08591 -8.01906 4
    endloop
  endfacet
  facet normal -0 0 1
    outer loop
      vertex 3.17793 -6.23705 4
      vertex 4.08591 -8.01906 4
      vertex 3.5 -6.06218 4
    endloop
  endfacet
  facet normal 0 0 1
    outer loop
      vertex 4.08591 -8.01906 4
      vertex 3.17793 -6.23705 4
      vertex 3.66063 -8.22191 4
    endloop
  endfacet
  facet normal -0 0 1
    outer loop
      vertex 2.84716 -6.39482 4
      vertex 3.66063 -8.22191 4
      vertex 3.17793 -6.23705 4
    endloop
  endfacet
  facet normal 0 0 1
    outer loop
      vertex 3.66063 -8.22191 4
      vertex 2.84716 -6.39482 4
      vertex 3.22531 -8.40222 4
    endloop
  endfacet
  facet normal -0 0 1
    outer loop
      vertex 2.50858 -6.53506 4
      vertex 3.22531 -8.40222 4
      vertex 2.84716 -6.39482 4
    endloop
  endfacet
  facet normal 0 0 1
    outer loop
      vertex 3.22531 -8.40222 4
      vertex 2.50858 -6.53506 4
      vertex 2.78115 -8.55951 4
    endloop
  endfacet
  facet normal -0 0 1
    outer loop
      vertex 2.16312 -6.6574 4
      vertex 2.78115 -8.55951 4
      vertex 2.50858 -6.53506 4
    endloop
  endfacet
  facet normal 0 0 1
    outer loop
      vertex 2.78115 -8.55951 4
      vertex 2.16312 -6.6574 4
      vertex 2.32937 -8.69333 4
    endloop
  endfacet
  facet normal -0 0 1
    outer loop
      vertex 1.81173 -6.76148 4
      vertex 2.32937 -8.69333 4
      vertex 2.16312 -6.6574 4
    endloop
  endfacet
  facet normal 0 0 1
    outer loop
      vertex 2.32937 -8.69333 4
      vertex 1.81173 -6.76148 4
      vertex 1.8712 -8.80333 4
    endloop
  endfacet
  facet normal -0 0 1
    outer loop
      vertex 1.45538 -6.84703 4
      vertex 1.8712 -8.80333 4
      vertex 1.81173 -6.76148 4
    endloop
  endfacet
  facet normal 0 0 1
    outer loop
      vertex 1.45538 -6.84703 4
      vertex 1.40791 -8.88919 4
      vertex 1.8712 -8.80333 4
    endloop
  endfacet
  facet normal -0 0 1
    outer loop
      vertex 1.09504 -6.91382 4
      vertex 1.40791 -8.88919 4
      vertex 1.45538 -6.84703 4
    endloop
  endfacet
  facet normal 0 0 1
    outer loop
      vertex 1.09504 -6.91382 4
      vertex 0.940756 -8.9507 4
      vertex 1.40791 -8.88919 4
    endloop
  endfacet
  facet normal -0 0 1
    outer loop
      vertex 0.731699 -6.96165 4
      vertex 0.940756 -8.9507 4
      vertex 1.09504 -6.91382 4
    endloop
  endfacet
  facet normal 0 0 1
    outer loop
      vertex 0.731699 -6.96165 4
      vertex 0.471024 -8.98767 4
      vertex 0.940756 -8.9507 4
    endloop
  endfacet
  facet normal -0 0 1
    outer loop
      vertex 0.366351 -6.99041 4
      vertex 0.471024 -8.98767 4
      vertex 0.731699 -6.96165 4
    endloop
  endfacet
  facet normal -0 0 1
    outer loop
      vertex 0 -7 4
      vertex 0.471024 -8.98767 4
      vertex 0.366351 -6.99041 4
    endloop
  endfacet
  facet normal 0 0 1
    outer loop
      vertex 0 -7 4
      vertex 0 -9 4
      vertex 0.471024 -8.98767 4
    endloop
  endfacet
  facet normal 0 0 1
    outer loop
      vertex -0.366351 -6.99041 4
      vertex 0 -9 4
      vertex 0 -7 4
    endloop
  endfacet
  facet normal 0 0 1
    outer loop
      vertex -0.366351 -6.99041 4
      vertex -0.471024 -8.98767 4
      vertex 0 -9 4
    endloop
  endfacet
  facet normal 0 0 1
    outer loop
      vertex -0.731699 -6.96165 4
      vertex -0.471024 -8.98767 4
      vertex -0.366351 -6.99041 4
    endloop
  endfacet
  facet normal 0 0 1
    outer loop
      vertex -0.731699 -6.96165 4
      vertex -0.940756 -8.9507 4
      vertex -0.471024 -8.98767 4
    endloop
  endfacet
  facet normal 0 0 1
    outer loop
      vertex -1.09504 -6.91382 4
      vertex -0.940756 -8.9507 4
      vertex -0.731699 -6.96165 4
    endloop
  endfacet
  facet normal 0 0 1
    outer loop
      vertex -1.09504 -6.91382 4
      vertex -1.40791 -8.88919 4
      vertex -0.940756 -8.9507 4
    endloop
  endfacet
  facet normal 0 0 1
    outer loop
      vertex -1.45538 -6.84703 4
      vertex -1.40791 -8.88919 4
      vertex -1.09504 -6.91382 4
    endloop
  endfacet
  facet normal 0 0 1
    outer loop
      vertex -1.8712 -8.80333 4
      vertex -1.45538 -6.84703 4
      vertex -1.81173 -6.76148 4
    endloop
  endfacet
  facet normal 0 0 1
    outer loop
      vertex -1.45538 -6.84703 4
      vertex -1.8712 -8.80333 4
      vertex -1.40791 -8.88919 4
    endloop
  endfacet
  facet normal 0 0 1
    outer loop
      vertex -2.32937 -8.69333 4
      vertex -1.81173 -6.76148 4
      vertex -2.16312 -6.6574 4
    endloop
  endfacet
  facet normal 0 0 1
    outer loop
      vertex -1.81173 -6.76148 4
      vertex -2.32937 -8.69333 4
      vertex -1.8712 -8.80333 4
    endloop
  endfacet
  facet normal 0 0 1
    outer loop
      vertex -2.78115 -8.55951 4
      vertex -2.16312 -6.6574 4
      vertex -2.50858 -6.53506 4
    endloop
  endfacet
  facet normal 0 0 1
    outer loop
      vertex -2.16312 -6.6574 4
      vertex -2.78115 -8.55951 4
      vertex -2.32937 -8.69333 4
    endloop
  endfacet
  facet normal 0 0 1
    outer loop
      vertex -3.22531 -8.40222 4
      vertex -2.50858 -6.53506 4
      vertex -2.84716 -6.39482 4
    endloop
  endfacet
  facet normal 0 0 1
    outer loop
      vertex -3.66063 -8.22191 4
      vertex -2.84716 -6.39482 4
      vertex -3.17793 -6.23705 4
    endloop
  endfacet
  facet normal 0 0 1
    outer loop
      vertex -2.50858 -6.53506 4
      vertex -3.22531 -8.40222 4
      vertex -2.78115 -8.55951 4
    endloop
  endfacet
  facet normal 0 0 1
    outer loop
      vertex -4.08591 -8.01906 4
      vertex -3.17793 -6.23705 4
      vertex -3.5 -6.06218 4
    endloop
  endfacet
  facet normal 0 0 1
    outer loop
      vertex -2.84716 -6.39482 4
      vertex -3.66063 -8.22191 4
      vertex -3.22531 -8.40222 4
    endloop
  endfacet
  facet normal 0 0 1
    outer loop
      vertex -4.5 -7.79423 4
      vertex -3.5 -6.06218 4
      vertex -3.81247 -5.87069 4
    endloop
  endfacet
  facet normal 0 0 1
    outer loop
      vertex -3.17793 -6.23705 4
      vertex -4.08591 -8.01906 4
      vertex -3.66063 -8.22191 4
    endloop
  endfacet
  facet normal 0 0 1
    outer loop
      vertex -4.90175 -7.54803 4
      vertex -3.81247 -5.87069 4
      vertex -4.1145 -5.66312 4
    endloop
  endfacet
  facet normal 0 0 1
    outer loop
      vertex -5.29007 -7.28115 4
      vertex -4.1145 -5.66312 4
      vertex -4.40524 -5.44002 4
    endloop
  endfacet
  facet normal 0 0 1
    outer loop
      vertex -3.5 -6.06218 4
      vertex -4.5 -7.79423 4
      vertex -4.08591 -8.01906 4
    endloop
  endfacet
  facet normal 0 0 1
    outer loop
      vertex -5.66388 -6.99431 4
      vertex -4.40524 -5.44002 4
      vertex -4.68391 -5.20201 4
    endloop
  endfacet
  facet normal 0 0 1
    outer loop
      vertex -3.81247 -5.87069 4
      vertex -4.90175 -7.54803 4
      vertex -4.5 -7.79423 4
    endloop
  endfacet
  facet normal 0 0 1
    outer loop
      vertex -6.02217 -6.6883 4
      vertex -4.68391 -5.20201 4
      vertex -4.94975 -4.94975 4
    endloop
  endfacet
  facet normal 0 0 1
    outer loop
      vertex -6.36396 -6.36396 4
      vertex -4.94975 -4.94975 4
      vertex -5.20201 -4.68391 4
    endloop
  endfacet
  facet normal 0 0 1
    outer loop
      vertex -4.1145 -5.66312 4
      vertex -5.29007 -7.28115 4
      vertex -4.90175 -7.54803 4
    endloop
  endfacet
  facet normal 0 0 1
    outer loop
      vertex -6.6883 -6.02217 4
      vertex -5.20201 -4.68391 4
      vertex -5.44002 -4.40524 4
    endloop
  endfacet
  facet normal 0 0 1
    outer loop
      vertex -6.99431 -5.66388 4
      vertex -5.44002 -4.40524 4
      vertex -5.66312 -4.1145 4
    endloop
  endfacet
  facet normal 0 0 1
    outer loop
      vertex -4.40524 -5.44002 4
      vertex -5.66388 -6.99431 4
      vertex -5.29007 -7.28115 4
    endloop
  endfacet
  facet normal 0 0 1
    outer loop
      vertex -7.28115 -5.29007 4
      vertex -5.66312 -4.1145 4
      vertex -5.87069 -3.81247 4
    endloop
  endfacet
  facet normal 0 0 1
    outer loop
      vertex -4.68391 -5.20201 4
      vertex -6.02217 -6.6883 4
      vertex -5.66388 -6.99431 4
    endloop
  endfacet
  facet normal 0 0 1
    outer loop
      vertex -7.54803 -4.90175 4
      vertex -5.87069 -3.81247 4
      vertex -6.06218 -3.5 4
    endloop
  endfacet
  facet normal 0 0 1
    outer loop
      vertex -7.79423 -4.5 4
      vertex -6.06218 -3.5 4
      vertex -6.23705 -3.17793 4
    endloop
  endfacet
  facet normal 0 0 1
    outer loop
      vertex -4.94975 -4.94975 4
      vertex -6.36396 -6.36396 4
      vertex -6.02217 -6.6883 4
    endloop
  endfacet
  facet normal 0 0 1
    outer loop
      vertex -8.01906 -4.08591 4
      vertex -6.23705 -3.17793 4
      vertex -6.39482 -2.84716 4
    endloop
  endfacet
  facet normal 0 0 1
    outer loop
      vertex -8.22191 -3.66063 4
      vertex -6.39482 -2.84716 4
      vertex -6.53506 -2.50858 4
    endloop
  endfacet
  facet normal 0 0 1
    outer loop
      vertex -8.40222 -3.22531 4
      vertex -6.53506 -2.50858 4
      vertex -6.6574 -2.16312 4
    endloop
  endfacet
  facet normal 0 0 1
    outer loop
      vertex -5.20201 -4.68391 4
      vertex -6.6883 -6.02217 4
      vertex -6.36396 -6.36396 4
    endloop
  endfacet
  facet normal 0 0 1
    outer loop
      vertex -8.55951 -2.78115 4
      vertex -6.6574 -2.16312 4
      vertex -6.76148 -1.81173 4
    endloop
  endfacet
  facet normal 0 0 1
    outer loop
      vertex -8.69333 -2.32937 4
      vertex -6.76148 -1.81173 4
      vertex -6.84703 -1.45538 4
    endloop
  endfacet
  facet normal 0 0 1
    outer loop
      vertex -8.80333 -1.8712 4
      vertex -6.84703 -1.45538 4
      vertex -6.91382 -1.09504 4
    endloop
  endfacet
  facet normal 0 0 1
    outer loop
      vertex -8.88919 -1.40791 4
      vertex -6.91382 -1.09504 4
      vertex -6.96165 -0.731699 4
    endloop
  endfacet
  facet normal 0 0 1
    outer loop
      vertex -8.9507 -0.940756 4
      vertex -6.96165 -0.731699 4
      vertex -6.99041 -0.366351 4
    endloop
  endfacet
  facet normal 0 0 1
    outer loop
      vertex -5.44002 -4.40524 4
      vertex -6.99431 -5.66388 4
      vertex -6.6883 -6.02217 4
    endloop
  endfacet
  facet normal 0 0 1
    outer loop
      vertex -8.98767 -0.471024 4
      vertex -6.99041 -0.366351 4
      vertex -7 0 4
    endloop
  endfacet
  facet normal 0 0 1
    outer loop
      vertex -6.6574 2.16312 4
      vertex -8.55951 2.78115 4
      vertex -6.76148 1.81173 4
    endloop
  endfacet
  facet normal 0 0 1
    outer loop
      vertex -5.66312 -4.1145 4
      vertex -7.28115 -5.29007 4
      vertex -6.99431 -5.66388 4
    endloop
  endfacet
  facet normal -0 0 1
    outer loop
      vertex -8.69333 2.32937 4
      vertex -6.76148 1.81173 4
      vertex -8.55951 2.78115 4
    endloop
  endfacet
  facet normal 0 0 1
    outer loop
      vertex -5.87069 -3.81247 4
      vertex -7.54803 -4.90175 4
      vertex -7.28115 -5.29007 4
    endloop
  endfacet
  facet normal 0 0 1
    outer loop
      vertex -6.76148 1.81173 4
      vertex -8.69333 2.32937 4
      vertex -6.84703 1.45538 4
    endloop
  endfacet
  facet normal 0 0 1
    outer loop
      vertex -6.06218 -3.5 4
      vertex -7.79423 -4.5 4
      vertex -7.54803 -4.90175 4
    endloop
  endfacet
  facet normal -0 0 1
    outer loop
      vertex -8.80333 1.8712 4
      vertex -6.84703 1.45538 4
      vertex -8.69333 2.32937 4
    endloop
  endfacet
  facet normal 0 0 1
    outer loop
      vertex -6.23705 -3.17793 4
      vertex -8.01906 -4.08591 4
      vertex -7.79423 -4.5 4
    endloop
  endfacet
  facet normal 0 0 1
    outer loop
      vertex -6.84703 1.45538 4
      vertex -8.80333 1.8712 4
      vertex -6.91382 1.09504 4
    endloop
  endfacet
  facet normal 0 0 1
    outer loop
      vertex -6.39482 -2.84716 4
      vertex -8.22191 -3.66063 4
      vertex -8.01906 -4.08591 4
    endloop
  endfacet
  facet normal -0 0 1
    outer loop
      vertex -8.88919 1.40791 4
      vertex -6.91382 1.09504 4
      vertex -8.80333 1.8712 4
    endloop
  endfacet
  facet normal 0 0 1
    outer loop
      vertex -6.53506 -2.50858 4
      vertex -8.40222 -3.22531 4
      vertex -8.22191 -3.66063 4
    endloop
  endfacet
  facet normal 0 0 1
    outer loop
      vertex -6.91382 1.09504 4
      vertex -8.88919 1.40791 4
      vertex -6.96165 0.731699 4
    endloop
  endfacet
  facet normal 0 0 1
    outer loop
      vertex -6.6574 -2.16312 4
      vertex -8.55951 -2.78115 4
      vertex -8.40222 -3.22531 4
    endloop
  endfacet
  facet normal -0 0 1
    outer loop
      vertex -8.9507 0.940756 4
      vertex -6.96165 0.731699 4
      vertex -8.88919 1.40791 4
    endloop
  endfacet
  facet normal 0 0 1
    outer loop
      vertex -6.76148 -1.81173 4
      vertex -8.69333 -2.32937 4
      vertex -8.55951 -2.78115 4
    endloop
  endfacet
  facet normal 0 0 1
    outer loop
      vertex -6.96165 0.731699 4
      vertex -8.9507 0.940756 4
      vertex -6.99041 0.366351 4
    endloop
  endfacet
  facet normal 0 0 1
    outer loop
      vertex -6.84703 -1.45538 4
      vertex -8.80333 -1.8712 4
      vertex -8.69333 -2.32937 4
    endloop
  endfacet
  facet normal -0 0 1
    outer loop
      vertex -8.98767 0.471024 4
      vertex -6.99041 0.366351 4
      vertex -8.9507 0.940756 4
    endloop
  endfacet
  facet normal 0 0 1
    outer loop
      vertex -6.91382 -1.09504 4
      vertex -8.88919 -1.40791 4
      vertex -8.80333 -1.8712 4
    endloop
  endfacet
  facet normal 0 0 1
    outer loop
      vertex -6.99041 0.366351 4
      vertex -8.98767 0.471024 4
      vertex -7 0 4
    endloop
  endfacet
  facet normal 0 0 1
    outer loop
      vertex -6.96165 -0.731699 4
      vertex -8.9507 -0.940756 4
      vertex -8.88919 -1.40791 4
    endloop
  endfacet
  facet normal 0 0 1
    outer loop
      vertex -9 0 4
      vertex -7 0 4
      vertex -8.98767 0.471024 4
    endloop
  endfacet
  facet normal 0 0 1
    outer loop
      vertex -6.99041 -0.366351 4
      vertex -8.98767 -0.471024 4
      vertex -8.9507 -0.940756 4
    endloop
  endfacet
  facet normal 0 0 1
    outer loop
      vertex -7 0 4
      vertex -9 0 4
      vertex -8.98767 -0.471024 4
    endloop
  endfacet
  facet normal -0.333816 -0.942638 0
    outer loop
      vertex -3.22531 -8.40222 0
      vertex -2.78115 -8.55951 4
      vertex -3.22531 -8.40222 4
    endloop
  endfacet
  facet normal -0.333816 -0.942638 -0
    outer loop
      vertex -2.78115 -8.55951 4
      vertex -3.22531 -8.40222 0
      vertex -2.78115 -8.55951 0
    endloop
  endfacet
  facet normal -0.824131 0.566399 0
    outer loop
      vertex -7.54803 4.90175 0
      vertex -7.28115 5.29007 4
      vertex -7.28115 5.29007 0
    endloop
  endfacet
  facet normal -0.824131 0.566399 0
    outer loop
      vertex -7.28115 5.29007 4
      vertex -7.54803 4.90175 0
      vertex -7.54803 4.90175 4
    endloop
  endfacet
  facet normal 0.430514 -0.902584 0
    outer loop
      vertex 3.66063 -8.22191 0
      vertex 4.08591 -8.01906 4
      vertex 3.66063 -8.22191 4
    endloop
  endfacet
  facet normal 0.430514 -0.902584 0
    outer loop
      vertex 4.08591 -8.01906 4
      vertex 3.66063 -8.22191 0
      vertex 4.08591 -8.01906 0
    endloop
  endfacet
  facet normal 0.477155 -0.878819 0
    outer loop
      vertex 4.08591 -8.01906 0
      vertex 4.5 -7.79423 4
      vertex 4.08591 -8.01906 4
    endloop
  endfacet
  facet normal 0.477155 -0.878819 0
    outer loop
      vertex 4.5 -7.79423 4
      vertex 4.08591 -8.01906 0
      vertex 4.5 -7.79423 0
    endloop
  endfacet
  facet normal 0.725381 0.688347 0
    outer loop
      vertex 6.6883 6.02217 4
      vertex 6.36396 6.36396 0
      vertex 6.36396 6.36396 4
    endloop
  endfacet
  facet normal 0.725381 0.688347 0
    outer loop
      vertex 6.36396 6.36396 0
      vertex 6.6883 6.02217 4
      vertex 6.6883 6.02217 0
    endloop
  endfacet
  facet normal 0.130543 -0.991443 0
    outer loop
      vertex 0.940756 -8.9507 0
      vertex 1.40791 -8.88919 4
      vertex 0.940756 -8.9507 4
    endloop
  endfacet
  facet normal 0.130543 -0.991443 0
    outer loop
      vertex 1.40791 -8.88919 4
      vertex 0.940756 -8.9507 0
      vertex 1.40791 -8.88919 0
    endloop
  endfacet
  facet normal -0.52251 0.852633 0
    outer loop
      vertex -4.5 7.79423 0
      vertex -4.90175 7.54803 4
      vertex -4.5 7.79423 4
    endloop
  endfacet
  facet normal -0.52251 0.852633 0
    outer loop
      vertex -4.90175 7.54803 4
      vertex -4.5 7.79423 0
      vertex -4.90175 7.54803 0
    endloop
  endfacet
  facet normal -0.430514 -0.902584 0
    outer loop
      vertex -4.08591 -8.01906 0
      vertex -3.66063 -8.22191 4
      vertex -4.08591 -8.01906 4
    endloop
  endfacet
  facet normal -0.430514 -0.902584 -0
    outer loop
      vertex -3.66063 -8.22191 4
      vertex -4.08591 -8.01906 0
      vertex -3.66063 -8.22191 0
    endloop
  endfacet
  facet normal 0.760404 0.64945 0
    outer loop
      vertex 6.99431 5.66388 4
      vertex 6.6883 6.02217 0
      vertex 6.6883 6.02217 4
    endloop
  endfacet
  facet normal 0.760404 0.64945 0
    outer loop
      vertex 6.6883 6.02217 0
      vertex 6.99431 5.66388 4
      vertex 6.99431 5.66388 0
    endloop
  endfacet
  facet normal 0 0 -1
    outer loop
      vertex 8.98767 -0.471024 0
      vertex 8.98767 0.471024 0
      vertex 9 0 0
    endloop
  endfacet
  facet normal 0 0 -1
    outer loop
      vertex 8.9507 -0.940756 0
      vertex 8.98767 0.471024 0
      vertex 8.98767 -0.471024 0
    endloop
  endfacet
  facet normal 0 0 -1
    outer loop
      vertex 8.9507 -0.940756 0
      vertex 8.9507 0.940756 0
      vertex 8.98767 0.471024 0
    endloop
  endfacet
  facet normal 0 0 -1
    outer loop
      vertex 8.88919 -1.40791 0
      vertex 8.9507 0.940756 0
      vertex 8.9507 -0.940756 0
    endloop
  endfacet
  facet normal 0 0 -1
    outer loop
      vertex 8.88919 -1.40791 0
      vertex 8.88919 1.40791 0
      vertex 8.9507 0.940756 0
    endloop
  endfacet
  facet normal 0 0 -1
    outer loop
      vertex 8.80333 -1.8712 0
      vertex 8.88919 1.40791 0
      vertex 8.88919 -1.40791 0
    endloop
  endfacet
  facet normal 0 0 -1
    outer loop
      vertex 8.80333 -1.8712 0
      vertex 8.80333 1.8712 0
      vertex 8.88919 1.40791 0
    endloop
  endfacet
  facet normal 0 0 -1
    outer loop
      vertex 8.69333 -2.32937 0
      vertex 8.80333 1.8712 0
      vertex 8.80333 -1.8712 0
    endloop
  endfacet
  facet normal 0 0 -1
    outer loop
      vertex 8.69333 -2.32937 0
      vertex 8.69333 2.32937 0
      vertex 8.80333 1.8712 0
    endloop
  endfacet
  facet normal 0 0 -1
    outer loop
      vertex 8.55951 -2.78115 0
      vertex 8.69333 2.32937 0
      vertex 8.69333 -2.32937 0
    endloop
  endfacet
  facet normal 0 0 -1
    outer loop
      vertex 8.55951 -2.78115 0
      vertex 8.55951 2.78115 0
      vertex 8.69333 2.32937 0
    endloop
  endfacet
  facet normal 0 0 -1
    outer loop
      vertex 8.40222 -3.22531 0
      vertex 8.55951 2.78115 0
      vertex 8.55951 -2.78115 0
    endloop
  endfacet
  facet normal 0 0 -1
    outer loop
      vertex 8.40222 -3.22531 0
      vertex 8.40222 3.22531 0
      vertex 8.55951 2.78115 0
    endloop
  endfacet
  facet normal 0 0 -1
    outer loop
      vertex 8.22191 -3.66063 0
      vertex 8.40222 3.22531 0
      vertex 8.40222 -3.22531 0
    endloop
  endfacet
  facet normal 0 0 -1
    outer loop
      vertex 8.22191 -3.66063 0
      vertex 8.22191 3.66063 0
      vertex 8.40222 3.22531 0
    endloop
  endfacet
  facet normal 0 0 -1
    outer loop
      vertex 8.01906 -4.08591 0
      vertex 8.22191 3.66063 0
      vertex 8.22191 -3.66063 0
    endloop
  endfacet
  facet normal 0 0 -1
    outer loop
      vertex 8.01906 -4.08591 0
      vertex 8.01906 4.08591 0
      vertex 8.22191 3.66063 0
    endloop
  endfacet
  facet normal 0 0 -1
    outer loop
      vertex 7.79423 -4.5 0
      vertex 8.01906 4.08591 0
      vertex 8.01906 -4.08591 0
    endloop
  endfacet
  facet normal 0 0 -1
    outer loop
      vertex 7.79423 -4.5 0
      vertex 7.79423 4.5 0
      vertex 8.01906 4.08591 0
    endloop
  endfacet
  facet normal 0 0 -1
    outer loop
      vertex 7.54803 -4.90175 0
      vertex 7.79423 4.5 0
      vertex 7.79423 -4.5 0
    endloop
  endfacet
  facet normal 0 0 -1
    outer loop
      vertex 7.54803 -4.90175 0
      vertex 7.54803 4.90175 0
      vertex 7.79423 4.5 0
    endloop
  endfacet
  facet normal 0 0 -1
    outer loop
      vertex 7.28115 -5.29007 0
      vertex 7.54803 4.90175 0
      vertex 7.54803 -4.90175 0
    endloop
  endfacet
  facet normal 0 0 -1
    outer loop
      vertex 7.28115 -5.29007 0
      vertex 7.28115 5.29007 0
      vertex 7.54803 4.90175 0
    endloop
  endfacet
  facet normal 0 0 -1
    outer loop
      vertex 6.99431 -5.66388 0
      vertex 7.28115 5.29007 0
      vertex 7.28115 -5.29007 0
    endloop
  endfacet
  facet normal 0 0 -1
    outer loop
      vertex 6.99431 -5.66388 0
      vertex 6.99431 5.66388 0
      vertex 7.28115 5.29007 0
    endloop
  endfacet
  facet normal 0 0 -1
    outer loop
      vertex 6.6883 -6.02217 0
      vertex 6.99431 5.66388 0
      vertex 6.99431 -5.66388 0
    endloop
  endfacet
  facet normal 0 0 -1
    outer loop
      vertex 6.6883 -6.02217 0
      vertex 6.6883 6.02217 0
      vertex 6.99431 5.66388 0
    endloop
  endfacet
  facet normal 0 0 -1
    outer loop
      vertex 6.36396 -6.36396 0
      vertex 6.6883 6.02217 0
      vertex 6.6883 -6.02217 0
    endloop
  endfacet
  facet normal 0 0 -1
    outer loop
      vertex 6.36396 -6.36396 0
      vertex 6.36396 6.36396 0
      vertex 6.6883 6.02217 0
    endloop
  endfacet
  facet normal 0 0 -1
    outer loop
      vertex 6.02217 -6.6883 0
      vertex 6.36396 6.36396 0
      vertex 6.36396 -6.36396 0
    endloop
  endfacet
  facet normal 0 0 -1
    outer loop
      vertex 6.02217 -6.6883 0
      vertex 6.02217 6.6883 0
      vertex 6.36396 6.36396 0
    endloop
  endfacet
  facet normal 0 0 -1
    outer loop
      vertex 5.66388 -6.99431 0
      vertex 6.02217 6.6883 0
      vertex 6.02217 -6.6883 0
    endloop
  endfacet
  facet normal 0 0 -1
    outer loop
      vertex 5.66388 -6.99431 0
      vertex 5.66388 6.99431 0
      vertex 6.02217 6.6883 0
    endloop
  endfacet
  facet normal 0 0 -1
    outer loop
      vertex 5.29007 -7.28115 0
      vertex 5.66388 6.99431 0
      vertex 5.66388 -6.99431 0
    endloop
  endfacet
  facet normal 0 0 -1
    outer loop
      vertex 5.29007 -7.28115 0
      vertex 5.29007 7.28115 0
      vertex 5.66388 6.99431 0
    endloop
  endfacet
  facet normal 0 0 -1
    outer loop
      vertex 4.90175 -7.54803 0
      vertex 5.29007 7.28115 0
      vertex 5.29007 -7.28115 0
    endloop
  endfacet
  facet normal 0 0 -1
    outer loop
      vertex 4.90175 -7.54803 0
      vertex 4.90175 7.54803 0
      vertex 5.29007 7.28115 0
    endloop
  endfacet
  facet normal 0 0 -1
    outer loop
      vertex 4.5 -7.79423 0
      vertex 4.90175 7.54803 0
      vertex 4.90175 -7.54803 0
    endloop
  endfacet
  facet normal 0 0 -1
    outer loop
      vertex 4.5 -7.79423 0
      vertex 4.5 7.79423 0
      vertex 4.90175 7.54803 0
    endloop
  endfacet
  facet normal 0 0 -1
    outer loop
      vertex 4.08591 -8.01906 0
      vertex 4.5 7.79423 0
      vertex 4.5 -7.79423 0
    endloop
  endfacet
  facet normal 0 0 -1
    outer loop
      vertex 4.08591 -8.01906 0
      vertex 4.08591 8.01906 0
      vertex 4.5 7.79423 0
    endloop
  endfacet
  facet normal 0 0 -1
    outer loop
      vertex 3.66063 -8.22191 0
      vertex 4.08591 8.01906 0
      vertex 4.08591 -8.01906 0
    endloop
  endfacet
  facet normal 0 0 -1
    outer loop
      vertex 3.66063 -8.22191 0
      vertex 3.66063 8.22191 0
      vertex 4.08591 8.01906 0
    endloop
  endfacet
  facet normal 0 0 -1
    outer loop
      vertex 3.22531 -8.40222 0
      vertex 3.66063 8.22191 0
      vertex 3.66063 -8.22191 0
    endloop
  endfacet
  facet normal 0 0 -1
    outer loop
      vertex 3.22531 -8.40222 0
      vertex 3.22531 8.40222 0
      vertex 3.66063 8.22191 0
    endloop
  endfacet
  facet normal 0 0 -1
    outer loop
      vertex 2.78115 -8.55951 0
      vertex 3.22531 8.40222 0
      vertex 3.22531 -8.40222 0
    endloop
  endfacet
  facet normal 0 0 -1
    outer loop
      vertex 2.78115 -8.55951 0
      vertex 2.78115 8.55951 0
      vertex 3.22531 8.40222 0
    endloop
  endfacet
  facet normal 0 0 -1
    outer loop
      vertex 2.32937 -8.69333 0
      vertex 2.78115 8.55951 0
      vertex 2.78115 -8.55951 0
    endloop
  endfacet
  facet normal 0 0 -1
    outer loop
      vertex 2.32937 -8.69333 0
      vertex 2.32937 8.69333 0
      vertex 2.78115 8.55951 0
    endloop
  endfacet
  facet normal 0 0 -1
    outer loop
      vertex 1.8712 -8.80333 0
      vertex 2.32937 8.69333 0
      vertex 2.32937 -8.69333 0
    endloop
  endfacet
  facet normal 0 0 -1
    outer loop
      vertex 1.8712 -8.80333 0
      vertex 1.8712 8.80333 0
      vertex 2.32937 8.69333 0
    endloop
  endfacet
  facet normal 0 0 -1
    outer loop
      vertex 1.40791 -8.88919 0
      vertex 1.8712 8.80333 0
      vertex 1.8712 -8.80333 0
    endloop
  endfacet
  facet normal 0 0 -1
    outer loop
      vertex 1.40791 -8.88919 0
      vertex 1.40791 8.88919 0
      vertex 1.8712 8.80333 0
    endloop
  endfacet
  facet normal 0 0 -1
    outer loop
      vertex 0.940756 -8.9507 0
      vertex 1.40791 8.88919 0
      vertex 1.40791 -8.88919 0
    endloop
  endfacet
  facet normal 0 0 -1
    outer loop
      vertex 0.940756 -8.9507 0
      vertex 0.940756 8.9507 0
      vertex 1.40791 8.88919 0
    endloop
  endfacet
  facet normal 0 0 -1
    outer loop
      vertex 0.471024 -8.98767 0
      vertex 0.940756 8.9507 0
      vertex 0.940756 -8.9507 0
    endloop
  endfacet
  facet normal 0 0 -1
    outer loop
      vertex 0.471024 -8.98767 0
      vertex 0.471024 8.98767 0
      vertex 0.940756 8.9507 0
    endloop
  endfacet
  facet normal 0 0 -1
    outer loop
      vertex 0 -9 0
      vertex 0.471024 8.98767 0
      vertex 0.471024 -8.98767 0
    endloop
  endfacet
  facet normal 0 0 -1
    outer loop
      vertex 0 -9 0
      vertex 0 9 0
      vertex 0.471024 8.98767 0
    endloop
  endfacet
  facet normal 0 0 -1
    outer loop
      vertex -0.471024 -8.98767 0
      vertex 0 9 0
      vertex 0 -9 0
    endloop
  endfacet
  facet normal 0 0 -1
    outer loop
      vertex -0.471024 -8.98767 0
      vertex -0.471024 8.98767 0
      vertex 0 9 0
    endloop
  endfacet
  facet normal 0 0 -1
    outer loop
      vertex -0.940756 -8.9507 0
      vertex -0.471024 8.98767 0
      vertex -0.471024 -8.98767 0
    endloop
  endfacet
  facet normal 0 0 -1
    outer loop
      vertex -0.940756 -8.9507 0
      vertex -0.940756 8.9507 0
      vertex -0.471024 8.98767 0
    endloop
  endfacet
  facet normal 0 0 -1
    outer loop
      vertex -1.40791 -8.88919 0
      vertex -0.940756 8.9507 0
      vertex -0.940756 -8.9507 0
    endloop
  endfacet
  facet normal 0 0 -1
    outer loop
      vertex -1.40791 -8.88919 0
      vertex -1.40791 8.88919 0
      vertex -0.940756 8.9507 0
    endloop
  endfacet
  facet normal 0 0 -1
    outer loop
      vertex -1.8712 -8.80333 0
      vertex -1.40791 8.88919 0
      vertex -1.40791 -8.88919 0
    endloop
  endfacet
  facet normal 0 0 -1
    outer loop
      vertex -1.8712 -8.80333 0
      vertex -1.8712 8.80333 0
      vertex -1.40791 8.88919 0
    endloop
  endfacet
  facet normal 0 0 -1
    outer loop
      vertex -2.32937 -8.69333 0
      vertex -1.8712 8.80333 0
      vertex -1.8712 -8.80333 0
    endloop
  endfacet
  facet normal 0 0 -1
    outer loop
      vertex -2.32937 -8.69333 0
      vertex -2.32937 8.69333 0
      vertex -1.8712 8.80333 0
    endloop
  endfacet
  facet normal 0 0 -1
    outer loop
      vertex -2.78115 -8.55951 0
      vertex -2.32937 8.69333 0
      vertex -2.32937 -8.69333 0
    endloop
  endfacet
  facet normal 0 0 -1
    outer loop
      vertex -2.78115 -8.55951 0
      vertex -2.78115 8.55951 0
      vertex -2.32937 8.69333 0
    endloop
  endfacet
  facet normal 0 0 -1
    outer loop
      vertex -3.22531 -8.40222 0
      vertex -2.78115 8.55951 0
      vertex -2.78115 -8.55951 0
    endloop
  endfacet
  facet normal 0 0 -1
    outer loop
      vertex -3.22531 -8.40222 0
      vertex -3.22531 8.40222 0
      vertex -2.78115 8.55951 0
    endloop
  endfacet
  facet normal 0 0 -1
    outer loop
      vertex -3.66063 -8.22191 0
      vertex -3.22531 8.40222 0
      vertex -3.22531 -8.40222 0
    endloop
  endfacet
  facet normal 0 0 -1
    outer loop
      vertex -3.66063 -8.22191 0
      vertex -3.66063 8.22191 0
      vertex -3.22531 8.40222 0
    endloop
  endfacet
  facet normal 0 0 -1
    outer loop
      vertex -4.08591 -8.01906 0
      vertex -3.66063 8.22191 0
      vertex -3.66063 -8.22191 0
    endloop
  endfacet
  facet normal 0 0 -1
    outer loop
      vertex -4.08591 -8.01906 0
      vertex -4.08591 8.01906 0
      vertex -3.66063 8.22191 0
    endloop
  endfacet
  facet normal 0 0 -1
    outer loop
      vertex -4.5 -7.79423 0
      vertex -4.08591 8.01906 0
      vertex -4.08591 -8.01906 0
    endloop
  endfacet
  facet normal 0 0 -1
    outer loop
      vertex -4.5 -7.79423 0
      vertex -4.5 7.79423 0
      vertex -4.08591 8.01906 0
    endloop
  endfacet
  facet normal 0 0 -1
    outer loop
      vertex -4.90175 -7.54803 0
      vertex -4.5 7.79423 0
      vertex -4.5 -7.79423 0
    endloop
  endfacet
  facet normal 0 0 -1
    outer loop
      vertex -4.90175 -7.54803 0
      vertex -4.90175 7.54803 0
      vertex -4.5 7.79423 0
    endloop
  endfacet
  facet normal 0 0 -1
    outer loop
      vertex -5.29007 -7.28115 0
      vertex -4.90175 7.54803 0
      vertex -4.90175 -7.54803 0
    endloop
  endfacet
  facet normal 0 0 -1
    outer loop
      vertex -5.29007 -7.28115 0
      vertex -5.29007 7.28115 0
      vertex -4.90175 7.54803 0
    endloop
  endfacet
  facet normal 0 0 -1
    outer loop
      vertex -5.66388 -6.99431 0
      vertex -5.29007 7.28115 0
      vertex -5.29007 -7.28115 0
    endloop
  endfacet
  facet normal 0 0 -1
    outer loop
      vertex -5.66388 -6.99431 0
      vertex -5.66388 6.99431 0
      vertex -5.29007 7.28115 0
    endloop
  endfacet
  facet normal 0 0 -1
    outer loop
      vertex -6.02217 -6.6883 0
      vertex -5.66388 6.99431 0
      vertex -5.66388 -6.99431 0
    endloop
  endfacet
  facet normal 0 0 -1
    outer loop
      vertex -6.02217 -6.6883 0
      vertex -6.02217 6.6883 0
      vertex -5.66388 6.99431 0
    endloop
  endfacet
  facet normal 0 0 -1
    outer loop
      vertex -6.36396 -6.36396 0
      vertex -6.02217 6.6883 0
      vertex -6.02217 -6.6883 0
    endloop
  endfacet
  facet normal 0 0 -1
    outer loop
      vertex -6.36396 -6.36396 0
      vertex -6.36396 6.36396 0
      vertex -6.02217 6.6883 0
    endloop
  endfacet
  facet normal 0 0 -1
    outer loop
      vertex -6.6883 -6.02217 0
      vertex -6.36396 6.36396 0
      vertex -6.36396 -6.36396 0
    endloop
  endfacet
  facet normal 0 0 -1
    outer loop
      vertex -6.6883 -6.02217 0
      vertex -6.6883 6.02217 0
      vertex -6.36396 6.36396 0
    endloop
  endfacet
  facet normal 0 0 -1
    outer loop
      vertex -6.99431 -5.66388 0
      vertex -6.6883 6.02217 0
      vertex -6.6883 -6.02217 0
    endloop
  endfacet
  facet normal 0 0 -1
    outer loop
      vertex -6.99431 -5.66388 0
      vertex -6.99431 5.66388 0
      vertex -6.6883 6.02217 0
    endloop
  endfacet
  facet normal 0 0 -1
    outer loop
      vertex -7.28115 -5.29007 0
      vertex -6.99431 5.66388 0
      vertex -6.99431 -5.66388 0
    endloop
  endfacet
  facet normal 0 0 -1
    outer loop
      vertex -7.28115 -5.29007 0
      vertex -7.28115 5.29007 0
      vertex -6.99431 5.66388 0
    endloop
  endfacet
  facet normal 0 0 -1
    outer loop
      vertex -7.54803 -4.90175 0
      vertex -7.28115 5.29007 0
      vertex -7.28115 -5.29007 0
    endloop
  endfacet
  facet normal 0 0 -1
    outer loop
      vertex -7.54803 -4.90175 0
      vertex -7.54803 4.90175 0
      vertex -7.28115 5.29007 0
    endloop
  endfacet
  facet normal 0 0 -1
    outer loop
      vertex -7.79423 -4.5 0
      vertex -7.54803 4.90175 0
      vertex -7.54803 -4.90175 0
    endloop
  endfacet
  facet normal 0 0 -1
    outer loop
      vertex -7.79423 -4.5 0
      vertex -7.79423 4.5 0
      vertex -7.54803 4.90175 0
    endloop
  endfacet
  facet normal 0 0 -1
    outer loop
      vertex -8.01906 -4.08591 0
      vertex -7.79423 4.5 0
      vertex -7.79423 -4.5 0
    endloop
  endfacet
  facet normal 0 0 -1
    outer loop
      vertex -8.01906 -4.08591 0
      vertex -8.01906 4.08591 0
      vertex -7.79423 4.5 0
    endloop
  endfacet
  facet normal 0 0 -1
    outer loop
      vertex -8.22191 -3.66063 0
      vertex -8.01906 4.08591 0
      vertex -8.01906 -4.08591 0
    endloop
  endfacet
  facet normal 0 0 -1
    outer loop
      vertex -8.22191 -3.66063 0
      vertex -8.22191 3.66063 0
      vertex -8.01906 4.08591 0
    endloop
  endfacet
  facet normal 0 0 -1
    outer loop
      vertex -8.40222 -3.22531 0
      vertex -8.22191 3.66063 0
      vertex -8.22191 -3.66063 0
    endloop
  endfacet
  facet normal 0 0 -1
    outer loop
      vertex -8.40222 -3.22531 0
      vertex -8.40222 3.22531 0
      vertex -8.22191 3.66063 0
    endloop
  endfacet
  facet normal 0 0 -1
    outer loop
      vertex -8.55951 -2.78115 0
      vertex -8.40222 3.22531 0
      vertex -8.40222 -3.22531 0
    endloop
  endfacet
  facet normal 0 0 -1
    outer loop
      vertex -8.55951 -2.78115 0
      vertex -8.55951 2.78115 0
      vertex -8.40222 3.22531 0
    endloop
  endfacet
  facet normal 0 0 -1
    outer loop
      vertex -8.69333 -2.32937 0
      vertex -8.55951 2.78115 0
      vertex -8.55951 -2.78115 0
    endloop
  endfacet
  facet normal 0 0 -1
    outer loop
      vertex -8.69333 -2.32937 0
      vertex -8.69333 2.32937 0
      vertex -8.55951 2.78115 0
    endloop
  endfacet
  facet normal 0 0 -1
    outer loop
      vertex -8.80333 -1.8712 0
      vertex -8.69333 2.32937 0
      vertex -8.69333 -2.32937 0
    endloop
  endfacet
  facet normal 0 0 -1
    outer loop
      vertex -8.80333 -1.8712 0
      vertex -8.80333 1.8712 0
      vertex -8.69333 2.32937 0
    endloop
  endfacet
  facet normal 0 0 -1
    outer loop
      vertex -8.88919 -1.40791 0
      vertex -8.80333 1.8712 0
      vertex -8.80333 -1.8712 0
    endloop
  endfacet
  facet normal 0 0 -1
    outer loop
      vertex -8.88919 -1.40791 0
      vertex -8.88919 1.40791 0
      vertex -8.80333 1.8712 0
    endloop
  endfacet
  facet normal 0 0 -1
    outer loop
      vertex -8.9507 -0.940756 0
      vertex -8.88919 1.40791 0
      vertex -8.88919 -1.40791 0
    endloop
  endfacet
  facet normal 0 0 -1
    outer loop
      vertex -8.9507 -0.940756 0
      vertex -8.9507 0.940756 0
      vertex -8.88919 1.40791 0
    endloop
  endfacet
  facet normal 0 0 -1
    outer loop
      vertex -8.98767 -0.471024 0
      vertex -8.9507 0.940756 0
      vertex -8.9507 -0.940756 0
    endloop
  endfacet
  facet normal 0 0 -1
    outer loop
      vertex -8.98767 -0.471024 0
      vertex -8.98767 0.471024 0
      vertex -8.9507 0.940756 0
    endloop
  endfacet
  facet normal 0 -0 -1
    outer loop
      vertex -8.98767 0.471024 0
      vertex -8.98767 -0.471024 0
      vertex -9 0 0
    endloop
  endfacet
  facet normal 0.793348 0.608769 0
    outer loop
      vertex 7.28115 5.29007 4
      vertex 6.99431 5.66388 0
      vertex 6.99431 5.66388 4
    endloop
  endfacet
  facet normal 0.793348 0.608769 0
    outer loop
      vertex 6.99431 5.66388 0
      vertex 7.28115 5.29007 4
      vertex 7.28115 5.29007 0
    endloop
  endfacet
  facet normal 0.983257 -0.182224 0
    outer loop
      vertex 8.80333 -1.8712 4
      vertex 8.88919 -1.40791 0
      vertex 8.88919 -1.40791 4
    endloop
  endfacet
  facet normal 0.983257 -0.182224 0
    outer loop
      vertex 8.88919 -1.40791 0
      vertex 8.80333 -1.8712 4
      vertex 8.80333 -1.8712 0
    endloop
  endfacet
  facet normal -0.760404 0.64945 0
    outer loop
      vertex -6.99431 5.66388 0
      vertex -6.6883 6.02217 4
      vertex -6.6883 6.02217 0
    endloop
  endfacet
  facet normal -0.760404 0.64945 0
    outer loop
      vertex -6.6883 6.02217 4
      vertex -6.99431 5.66388 0
      vertex -6.99431 5.66388 4
    endloop
  endfacet
  facet normal -0.725381 0.688347 0
    outer loop
      vertex -6.6883 6.02217 0
      vertex -6.36396 6.36396 4
      vertex -6.36396 6.36396 0
    endloop
  endfacet
  facet normal -0.725381 0.688347 0
    outer loop
      vertex -6.36396 6.36396 4
      vertex -6.6883 6.02217 0
      vertex -6.6883 6.02217 4
    endloop
  endfacet
  facet normal -0.793348 -0.608769 0
    outer loop
      vertex -6.99431 -5.66388 0
      vertex -7.28115 -5.29007 4
      vertex -7.28115 -5.29007 0
    endloop
  endfacet
  facet normal -0.793348 -0.608769 0
    outer loop
      vertex -7.28115 -5.29007 4
      vertex -6.99431 -5.66388 0
      vertex -6.99431 -5.66388 4
    endloop
  endfacet
  facet normal -0.983257 0.182224 0
    outer loop
      vertex -8.88919 1.40791 0
      vertex -8.80333 1.8712 4
      vertex -8.80333 1.8712 0
    endloop
  endfacet
  facet normal -0.983257 0.182224 0
    outer loop
      vertex -8.80333 1.8712 4
      vertex -8.88919 1.40791 0
      vertex -8.88919 1.40791 4
    endloop
  endfacet
  facet normal -0.793348 0.608769 0
    outer loop
      vertex -7.28115 5.29007 0
      vertex -6.99431 5.66388 4
      vertex -6.99431 5.66388 0
    endloop
  endfacet
  facet normal -0.793348 0.608769 0
    outer loop
      vertex -6.99431 5.66388 4
      vertex -7.28115 5.29007 0
      vertex -7.28115 5.29007 4
    endloop
  endfacet
  facet normal -0.52251 -0.852633 0
    outer loop
      vertex -4.90175 -7.54803 0
      vertex -4.5 -7.79423 4
      vertex -4.90175 -7.54803 4
    endloop
  endfacet
  facet normal -0.52251 -0.852633 -0
    outer loop
      vertex -4.5 -7.79423 4
      vertex -4.90175 -7.54803 0
      vertex -4.5 -7.79423 0
    endloop
  endfacet
  facet normal -0.477155 0.878819 0
    outer loop
      vertex -4.08591 8.01906 0
      vertex -4.5 7.79423 4
      vertex -4.08591 8.01906 4
    endloop
  endfacet
  facet normal -0.477155 0.878819 0
    outer loop
      vertex -4.5 7.79423 4
      vertex -4.08591 8.01906 0
      vertex -4.5 7.79423 0
    endloop
  endfacet
  facet normal 0.688347 -0.725381 0
    outer loop
      vertex 6.02217 -6.6883 0
      vertex 6.36396 -6.36396 4
      vertex 6.02217 -6.6883 4
    endloop
  endfacet
  facet normal 0.688347 -0.725381 0
    outer loop
      vertex 6.36396 -6.36396 4
      vertex 6.02217 -6.6883 0
      vertex 6.36396 -6.36396 0
    endloop
  endfacet
  facet normal -0.996917 0.0784618 0
    outer loop
      vertex -8.98767 0.471024 0
      vertex -8.9507 0.940756 4
      vertex -8.9507 0.940756 0
    endloop
  endfacet
  facet normal -0.996917 0.0784618 0
    outer loop
      vertex -8.9507 0.940756 4
      vertex -8.98767 0.471024 0
      vertex -8.98767 0.471024 4
    endloop
  endfacet
  facet normal -0.026168 -0.999658 0
    outer loop
      vertex -0.471024 -8.98767 0
      vertex 0 -9 4
      vertex -0.471024 -8.98767 4
    endloop
  endfacet
  facet normal -0.026168 -0.999658 -0
    outer loop
      vertex 0 -9 4
      vertex -0.471024 -8.98767 0
      vertex 0 -9 0
    endloop
  endfacet
  facet normal -0.0784618 -0.996917 0
    outer loop
      vertex -0.940756 -8.9507 0
      vertex -0.471024 -8.98767 4
      vertex -0.940756 -8.9507 4
    endloop
  endfacet
  facet normal -0.0784618 -0.996917 -0
    outer loop
      vertex -0.471024 -8.98767 4
      vertex -0.940756 -8.9507 0
      vertex -0.471024 -8.98767 0
    endloop
  endfacet
  facet normal -0.233452 0.972368 0
    outer loop
      vertex -1.8712 8.80333 0
      vertex -2.32937 8.69333 4
      vertex -1.8712 8.80333 4
    endloop
  endfacet
  facet normal -0.233452 0.972368 0
    outer loop
      vertex -2.32937 8.69333 4
      vertex -1.8712 8.80333 0
      vertex -2.32937 8.69333 0
    endloop
  endfacet
  facet normal 0.333816 -0.942638 0
    outer loop
      vertex 2.78115 -8.55951 0
      vertex 3.22531 -8.40222 4
      vertex 2.78115 -8.55951 4
    endloop
  endfacet
  facet normal 0.333816 -0.942638 0
    outer loop
      vertex 3.22531 -8.40222 4
      vertex 2.78115 -8.55951 0
      vertex 3.22531 -8.40222 0
    endloop
  endfacet
  facet normal -0.878819 -0.477155 0
    outer loop
      vertex -7.79423 -4.5 0
      vertex -8.01906 -4.08591 4
      vertex -8.01906 -4.08591 0
    endloop
  endfacet
  facet normal -0.878819 -0.477155 0
    outer loop
      vertex -8.01906 -4.08591 4
      vertex -7.79423 -4.5 0
      vertex -7.79423 -4.5 4
    endloop
  endfacet
  facet normal -0.64945 -0.760404 0
    outer loop
      vertex -6.02217 -6.6883 0
      vertex -5.66388 -6.99431 4
      vertex -6.02217 -6.6883 4
    endloop
  endfacet
  facet normal -0.64945 -0.760404 -0
    outer loop
      vertex -5.66388 -6.99431 4
      vertex -6.02217 -6.6883 0
      vertex -5.66388 -6.99431 0
    endloop
  endfacet
  facet normal -0.852633 -0.52251 0
    outer loop
      vertex -7.54803 -4.90175 0
      vertex -7.79423 -4.5 4
      vertex -7.79423 -4.5 0
    endloop
  endfacet
  facet normal -0.852633 -0.52251 0
    outer loop
      vertex -7.79423 -4.5 4
      vertex -7.54803 -4.90175 0
      vertex -7.54803 -4.90175 4
    endloop
  endfacet
  facet normal -0.972368 -0.233452 0
    outer loop
      vertex -8.69333 -2.32937 0
      vertex -8.80333 -1.8712 4
      vertex -8.80333 -1.8712 0
    endloop
  endfacet
  facet normal -0.972368 -0.233452 0
    outer loop
      vertex -8.80333 -1.8712 4
      vertex -8.69333 -2.32937 0
      vertex -8.69333 -2.32937 4
    endloop
  endfacet
  facet normal 0.182224 0.983257 -0
    outer loop
      vertex 1.8712 8.80333 0
      vertex 1.40791 8.88919 4
      vertex 1.8712 8.80333 4
    endloop
  endfacet
  facet normal 0.182224 0.983257 0
    outer loop
      vertex 1.40791 8.88919 4
      vertex 1.8712 8.80333 0
      vertex 1.40791 8.88919 0
    endloop
  endfacet
  facet normal -0.382674 0.923884 0
    outer loop
      vertex -3.22531 8.40222 0
      vertex -3.66063 8.22191 4
      vertex -3.22531 8.40222 4
    endloop
  endfacet
  facet normal -0.382674 0.923884 0
    outer loop
      vertex -3.66063 8.22191 4
      vertex -3.22531 8.40222 0
      vertex -3.66063 8.22191 0
    endloop
  endfacet
  facet normal -0.923884 -0.382674 0
    outer loop
      vertex -8.22191 -3.66063 0
      vertex -8.40222 -3.22531 4
      vertex -8.40222 -3.22531 0
    endloop
  endfacet
  facet normal -0.923884 -0.382674 0
    outer loop
      vertex -8.40222 -3.22531 4
      vertex -8.22191 -3.66063 0
      vertex -8.22191 -3.66063 4
    endloop
  endfacet
  facet normal -0.902584 -0.430514 0
    outer loop
      vertex -8.01906 -4.08591 0
      vertex -8.22191 -3.66063 4
      vertex -8.22191 -3.66063 0
    endloop
  endfacet
  facet normal -0.902584 -0.430514 0
    outer loop
      vertex -8.22191 -3.66063 4
      vertex -8.01906 -4.08591 0
      vertex -8.01906 -4.08591 4
    endloop
  endfacet
  facet normal -0.991447 0.130513 0
    outer loop
      vertex -6.96165 0.731699 4
      vertex -6.91382 1.09504 6
      vertex -6.91382 1.09504 4
    endloop
  endfacet
  facet normal -0.991447 0.130513 0
    outer loop
      vertex -6.91382 1.09504 6
      vertex -6.96165 0.731699 4
      vertex -6.96165 0.731699 6
    endloop
  endfacet
  facet normal 0.996916 0.0784767 0
    outer loop
      vertex 6.99041 0.366351 6
      vertex 6.96165 0.731699 4
      vertex 6.96165 0.731699 6
    endloop
  endfacet
  facet normal 0.996916 0.0784767 0
    outer loop
      vertex 6.96165 0.731699 4
      vertex 6.99041 0.366351 6
      vertex 6.99041 0.366351 4
    endloop
  endfacet
  facet normal 0.999658 0.0261681 0
    outer loop
      vertex 7 0 6
      vertex 6.99041 0.366351 4
      vertex 6.99041 0.366351 6
    endloop
  endfacet
  facet normal 0.999658 0.0261681 0
    outer loop
      vertex 6.99041 0.366351 4
      vertex 7 0 6
      vertex 7 0 4
    endloop
  endfacet
  facet normal 0.991447 0.130513 0
    outer loop
      vertex 6.96165 0.731699 6
      vertex 6.91382 1.09504 4
      vertex 6.91382 1.09504 6
    endloop
  endfacet
  facet normal 0.991447 0.130513 0
    outer loop
      vertex 6.91382 1.09504 4
      vertex 6.96165 0.731699 6
      vertex 6.96165 0.731699 4
    endloop
  endfacet
  facet normal -0.477159 -0.878817 0
    outer loop
      vertex -3.5 -6.06218 4
      vertex -3.17793 -6.23705 6
      vertex -3.5 -6.06218 6
    endloop
  endfacet
  facet normal -0.477159 -0.878817 -0
    outer loop
      vertex -3.17793 -6.23705 6
      vertex -3.5 -6.06218 4
      vertex -3.17793 -6.23705 4
    endloop
  endfacet
  facet normal 0.902584 -0.430513 0
    outer loop
      vertex 6.23705 -3.17793 6
      vertex 6.39482 -2.84716 4
      vertex 6.39482 -2.84716 6
    endloop
  endfacet
  facet normal 0.902584 -0.430513 0
    outer loop
      vertex 6.39482 -2.84716 4
      vertex 6.23705 -3.17793 6
      vertex 6.23705 -3.17793 4
    endloop
  endfacet
  facet normal -0.130513 -0.991447 0
    outer loop
      vertex -1.09504 -6.91382 4
      vertex -0.731699 -6.96165 6
      vertex -1.09504 -6.91382 6
    endloop
  endfacet
  facet normal -0.130513 -0.991447 -0
    outer loop
      vertex -0.731699 -6.96165 6
      vertex -1.09504 -6.91382 4
      vertex -0.731699 -6.96165 4
    endloop
  endfacet
  facet normal 0.878817 -0.477159 0
    outer loop
      vertex 6.06218 -3.5 6
      vertex 6.23705 -3.17793 4
      vertex 6.23705 -3.17793 6
    endloop
  endfacet
  facet normal 0.878817 -0.477159 0
    outer loop
      vertex 6.23705 -3.17793 4
      vertex 6.06218 -3.5 6
      vertex 6.06218 -3.5 4
    endloop
  endfacet
  facet normal -0.283999 -0.958825 0
    outer loop
      vertex -2.16312 -6.6574 4
      vertex -1.81173 -6.76148 6
      vertex -2.16312 -6.6574 6
    endloop
  endfacet
  facet normal -0.283999 -0.958825 -0
    outer loop
      vertex -1.81173 -6.76148 6
      vertex -2.16312 -6.6574 4
      vertex -1.81173 -6.76148 4
    endloop
  endfacet
  facet normal 0.0261681 0.999658 -0
    outer loop
      vertex 0.366351 6.99041 4
      vertex 0 7 6
      vertex 0.366351 6.99041 6
    endloop
  endfacet
  facet normal 0.0261681 0.999658 0
    outer loop
      vertex 0 7 6
      vertex 0.366351 6.99041 4
      vertex 0 7 4
    endloop
  endfacet
  facet normal 0.760401 0.649453 0
    outer loop
      vertex 5.44002 4.40524 6
      vertex 5.20201 4.68391 4
      vertex 5.20201 4.68391 6
    endloop
  endfacet
  facet normal 0.760401 0.649453 0
    outer loop
      vertex 5.20201 4.68391 4
      vertex 5.44002 4.40524 6
      vertex 5.44002 4.40524 4
    endloop
  endfacet
  facet normal 0.130513 -0.991447 0
    outer loop
      vertex 0.731699 -6.96165 4
      vertex 1.09504 -6.91382 6
      vertex 0.731699 -6.96165 6
    endloop
  endfacet
  facet normal 0.130513 -0.991447 0
    outer loop
      vertex 1.09504 -6.91382 6
      vertex 0.731699 -6.96165 4
      vertex 1.09504 -6.91382 4
    endloop
  endfacet
  facet normal -0.878817 0.477159 0
    outer loop
      vertex -6.23705 3.17793 4
      vertex -6.06218 3.5 6
      vertex -6.06218 3.5 4
    endloop
  endfacet
  facet normal -0.878817 0.477159 0
    outer loop
      vertex -6.06218 3.5 6
      vertex -6.23705 3.17793 4
      vertex -6.23705 3.17793 6
    endloop
  endfacet
  facet normal -0.566389 0.824138 0
    outer loop
      vertex -3.81247 5.87069 4
      vertex -4.1145 5.66312 6
      vertex -3.81247 5.87069 6
    endloop
  endfacet
  facet normal -0.566389 0.824138 0
    outer loop
      vertex -4.1145 5.66312 6
      vertex -3.81247 5.87069 4
      vertex -4.1145 5.66312 4
    endloop
  endfacet
  facet normal -0.283999 0.958825 0
    outer loop
      vertex -1.81173 6.76148 4
      vertex -2.16312 6.6574 6
      vertex -1.81173 6.76148 6
    endloop
  endfacet
  facet normal -0.283999 0.958825 0
    outer loop
      vertex -2.16312 6.6574 6
      vertex -1.81173 6.76148 4
      vertex -2.16312 6.6574 4
    endloop
  endfacet
  facet normal 0.382673 0.923884 -0
    outer loop
      vertex 2.84716 6.39482 4
      vertex 2.50858 6.53506 6
      vertex 2.84716 6.39482 6
    endloop
  endfacet
  facet normal 0.382673 0.923884 0
    outer loop
      vertex 2.50858 6.53506 6
      vertex 2.84716 6.39482 4
      vertex 2.50858 6.53506 4
    endloop
  endfacet
  facet normal -0.996916 0.0784767 0
    outer loop
      vertex -6.99041 0.366351 4
      vertex -6.96165 0.731699 6
      vertex -6.96165 0.731699 4
    endloop
  endfacet
  facet normal -0.996916 0.0784767 0
    outer loop
      vertex -6.96165 0.731699 6
      vertex -6.99041 0.366351 4
      vertex -6.99041 0.366351 6
    endloop
  endfacet
  facet normal -0.991447 -0.130513 0
    outer loop
      vertex -6.91382 -1.09504 4
      vertex -6.96165 -0.731699 6
      vertex -6.96165 -0.731699 4
    endloop
  endfacet
  facet normal -0.991447 -0.130513 0
    outer loop
      vertex -6.96165 -0.731699 6
      vertex -6.91382 -1.09504 4
      vertex -6.91382 -1.09504 6
    endloop
  endfacet
  facet normal 0.923884 0.382673 0
    outer loop
      vertex 6.53506 2.50858 6
      vertex 6.39482 2.84716 4
      vertex 6.39482 2.84716 6
    endloop
  endfacet
  facet normal 0.923884 0.382673 0
    outer loop
      vertex 6.39482 2.84716 4
      vertex 6.53506 2.50858 6
      vertex 6.53506 2.50858 4
    endloop
  endfacet
  facet normal 0.608774 0.793344 -0
    outer loop
      vertex 4.40524 5.44002 4
      vertex 4.1145 5.66312 6
      vertex 4.40524 5.44002 6
    endloop
  endfacet
  facet normal 0.608774 0.793344 0
    outer loop
      vertex 4.1145 5.66312 6
      vertex 4.40524 5.44002 4
      vertex 4.1145 5.66312 4
    endloop
  endfacet
  facet normal 0.649453 0.760401 -0
    outer loop
      vertex 4.68391 5.20201 4
      vertex 4.40524 5.44002 6
      vertex 4.68391 5.20201 6
    endloop
  endfacet
  facet normal 0.649453 0.760401 0
    outer loop
      vertex 4.40524 5.44002 6
      vertex 4.68391 5.20201 4
      vertex 4.40524 5.44002 4
    endloop
  endfacet
  facet normal 0.996916 -0.0784767 0
    outer loop
      vertex 6.96165 -0.731699 6
      vertex 6.99041 -0.366351 4
      vertex 6.99041 -0.366351 6
    endloop
  endfacet
  facet normal 0.996916 -0.0784767 0
    outer loop
      vertex 6.99041 -0.366351 4
      vertex 6.96165 -0.731699 6
      vertex 6.96165 -0.731699 4
    endloop
  endfacet
  facet normal -0.649453 0.760401 0
    outer loop
      vertex -4.40524 5.44002 4
      vertex -4.68391 5.20201 6
      vertex -4.40524 5.44002 6
    endloop
  endfacet
  facet normal -0.649453 0.760401 0
    outer loop
      vertex -4.68391 5.20201 6
      vertex -4.40524 5.44002 4
      vertex -4.68391 5.20201 4
    endloop
  endfacet
  facet normal -0.958825 -0.283999 0
    outer loop
      vertex -6.6574 -2.16312 4
      vertex -6.76148 -1.81173 6
      vertex -6.76148 -1.81173 4
    endloop
  endfacet
  facet normal -0.958825 -0.283999 0
    outer loop
      vertex -6.76148 -1.81173 6
      vertex -6.6574 -2.16312 4
      vertex -6.6574 -2.16312 6
    endloop
  endfacet
  facet normal 0.942636 -0.333822 0
    outer loop
      vertex 6.53506 -2.50858 6
      vertex 6.6574 -2.16312 4
      vertex 6.6574 -2.16312 6
    endloop
  endfacet
  facet normal 0.942636 -0.333822 0
    outer loop
      vertex 6.6574 -2.16312 4
      vertex 6.53506 -2.50858 6
      vertex 6.53506 -2.50858 4
    endloop
  endfacet
  facet normal 0.824138 0.566389 0
    outer loop
      vertex 5.87069 3.81247 6
      vertex 5.66312 4.1145 4
      vertex 5.66312 4.1145 6
    endloop
  endfacet
  facet normal 0.824138 0.566389 0
    outer loop
      vertex 5.66312 4.1145 4
      vertex 5.87069 3.81247 6
      vertex 5.87069 3.81247 4
    endloop
  endfacet
  facet normal 0.688336 0.725392 -0
    outer loop
      vertex 4.94975 4.94975 4
      vertex 4.68391 5.20201 6
      vertex 4.94975 4.94975 6
    endloop
  endfacet
  facet normal 0.688336 0.725392 0
    outer loop
      vertex 4.68391 5.20201 6
      vertex 4.94975 4.94975 4
      vertex 4.68391 5.20201 4
    endloop
  endfacet
  facet normal 0.760401 -0.649453 0
    outer loop
      vertex 5.20201 -4.68391 6
      vertex 5.44002 -4.40524 4
      vertex 5.44002 -4.40524 6
    endloop
  endfacet
  facet normal 0.760401 -0.649453 0
    outer loop
      vertex 5.44002 -4.40524 4
      vertex 5.20201 -4.68391 6
      vertex 5.20201 -4.68391 4
    endloop
  endfacet
  facet normal 0.793344 0.608774 0
    outer loop
      vertex 5.66312 4.1145 6
      vertex 5.44002 4.40524 4
      vertex 5.44002 4.40524 6
    endloop
  endfacet
  facet normal 0.793344 0.608774 0
    outer loop
      vertex 5.44002 4.40524 4
      vertex 5.66312 4.1145 6
      vertex 5.66312 4.1145 4
    endloop
  endfacet
  facet normal 0.85263 0.522515 0
    outer loop
      vertex 6.06218 3.5 6
      vertex 5.87069 3.81247 4
      vertex 5.87069 3.81247 6
    endloop
  endfacet
  facet normal 0.85263 0.522515 0
    outer loop
      vertex 5.87069 3.81247 4
      vertex 6.06218 3.5 6
      vertex 6.06218 3.5 4
    endloop
  endfacet
  facet normal 0.566389 0.824138 -0
    outer loop
      vertex 4.1145 5.66312 4
      vertex 3.81247 5.87069 6
      vertex 4.1145 5.66312 6
    endloop
  endfacet
  facet normal 0.566389 0.824138 0
    outer loop
      vertex 3.81247 5.87069 6
      vertex 4.1145 5.66312 4
      vertex 3.81247 5.87069 4
    endloop
  endfacet
  facet normal 0.958825 0.283999 0
    outer loop
      vertex 6.76148 1.81173 6
      vertex 6.6574 2.16312 4
      vertex 6.6574 2.16312 6
    endloop
  endfacet
  facet normal 0.958825 0.283999 0
    outer loop
      vertex 6.6574 2.16312 4
      vertex 6.76148 1.81173 6
      vertex 6.76148 1.81173 4
    endloop
  endfacet
  facet normal -0.725392 0.688336 0
    outer loop
      vertex -5.20201 4.68391 4
      vertex -4.94975 4.94975 6
      vertex -4.94975 4.94975 4
    endloop
  endfacet
  facet normal -0.725392 0.688336 0
    outer loop
      vertex -4.94975 4.94975 6
      vertex -5.20201 4.68391 4
      vertex -5.20201 4.68391 6
    endloop
  endfacet
  facet normal 0.725392 -0.688336 0
    outer loop
      vertex 4.94975 -4.94975 6
      vertex 5.20201 -4.68391 4
      vertex 5.20201 -4.68391 6
    endloop
  endfacet
  facet normal 0.725392 -0.688336 0
    outer loop
      vertex 5.20201 -4.68391 4
      vertex 4.94975 -4.94975 6
      vertex 4.94975 -4.94975 4
    endloop
  endfacet
  facet normal -0.0261681 0.999658 0
    outer loop
      vertex 0 7 4
      vertex -0.366351 6.99041 6
      vertex 0 7 6
    endloop
  endfacet
  facet normal -0.0261681 0.999658 0
    outer loop
      vertex -0.366351 6.99041 6
      vertex 0 7 4
      vertex -0.366351 6.99041 4
    endloop
  endfacet
  facet normal -0.382673 0.923884 0
    outer loop
      vertex -2.50858 6.53506 4
      vertex -2.84716 6.39482 6
      vertex -2.50858 6.53506 6
    endloop
  endfacet
  facet normal -0.382673 0.923884 0
    outer loop
      vertex -2.84716 6.39482 6
      vertex -2.50858 6.53506 4
      vertex -2.84716 6.39482 4
    endloop
  endfacet
  facet normal 0.942636 0.333822 0
    outer loop
      vertex 6.6574 2.16312 6
      vertex 6.53506 2.50858 4
      vertex 6.53506 2.50858 6
    endloop
  endfacet
  facet normal 0.942636 0.333822 0
    outer loop
      vertex 6.53506 2.50858 4
      vertex 6.6574 2.16312 6
      vertex 6.6574 2.16312 4
    endloop
  endfacet
  facet normal 0.477159 0.878817 -0
    outer loop
      vertex 3.5 6.06218 4
      vertex 3.17793 6.23705 6
      vertex 3.5 6.06218 6
    endloop
  endfacet
  facet normal 0.477159 0.878817 0
    outer loop
      vertex 3.17793 6.23705 6
      vertex 3.5 6.06218 4
      vertex 3.17793 6.23705 4
    endloop
  endfacet
  facet normal 0.130513 0.991447 -0
    outer loop
      vertex 1.09504 6.91382 4
      vertex 0.731699 6.96165 6
      vertex 1.09504 6.91382 6
    endloop
  endfacet
  facet normal 0.130513 0.991447 0
    outer loop
      vertex 0.731699 6.96165 6
      vertex 1.09504 6.91382 4
      vertex 0.731699 6.96165 4
    endloop
  endfacet
  facet normal -0.793344 -0.608774 0
    outer loop
      vertex -5.44002 -4.40524 4
      vertex -5.66312 -4.1145 6
      vertex -5.66312 -4.1145 4
    endloop
  endfacet
  facet normal -0.793344 -0.608774 0
    outer loop
      vertex -5.66312 -4.1145 6
      vertex -5.44002 -4.40524 4
      vertex -5.44002 -4.40524 6
    endloop
  endfacet
  facet normal 0.991447 -0.130513 0
    outer loop
      vertex 6.91382 -1.09504 6
      vertex 6.96165 -0.731699 4
      vertex 6.96165 -0.731699 6
    endloop
  endfacet
  facet normal 0.991447 -0.130513 0
    outer loop
      vertex 6.96165 -0.731699 4
      vertex 6.91382 -1.09504 6
      vertex 6.91382 -1.09504 4
    endloop
  endfacet
  facet normal -0.760401 -0.649453 0
    outer loop
      vertex -5.20201 -4.68391 4
      vertex -5.44002 -4.40524 6
      vertex -5.44002 -4.40524 4
    endloop
  endfacet
  facet normal -0.760401 -0.649453 0
    outer loop
      vertex -5.44002 -4.40524 6
      vertex -5.20201 -4.68391 4
      vertex -5.20201 -4.68391 6
    endloop
  endfacet
  facet normal 0.0261681 -0.999658 0
    outer loop
      vertex 0 -7 4
      vertex 0.366351 -6.99041 6
      vertex 0 -7 6
    endloop
  endfacet
  facet normal 0.0261681 -0.999658 0
    outer loop
      vertex 0.366351 -6.99041 6
      vertex 0 -7 4
      vertex 0.366351 -6.99041 4
    endloop
  endfacet
  facet normal -0.566389 -0.824138 0
    outer loop
      vertex -4.1145 -5.66312 4
      vertex -3.81247 -5.87069 6
      vertex -4.1145 -5.66312 6
    endloop
  endfacet
  facet normal -0.566389 -0.824138 -0
    outer loop
      vertex -3.81247 -5.87069 6
      vertex -4.1145 -5.66312 4
      vertex -3.81247 -5.87069 4
    endloop
  endfacet
  facet normal -0.0784767 0.996916 0
    outer loop
      vertex -0.366351 6.99041 4
      vertex -0.731699 6.96165 6
      vertex -0.366351 6.99041 6
    endloop
  endfacet
  facet normal -0.0784767 0.996916 0
    outer loop
      vertex -0.731699 6.96165 6
      vertex -0.366351 6.99041 4
      vertex -0.731699 6.96165 4
    endloop
  endfacet
  facet normal 0.878817 0.477159 0
    outer loop
      vertex 6.23705 3.17793 6
      vertex 6.06218 3.5 4
      vertex 6.06218 3.5 6
    endloop
  endfacet
  facet normal 0.878817 0.477159 0
    outer loop
      vertex 6.06218 3.5 4
      vertex 6.23705 3.17793 6
      vertex 6.23705 3.17793 4
    endloop
  endfacet
  facet normal 0.23344 -0.972371 0
    outer loop
      vertex 1.45538 -6.84703 4
      vertex 1.81173 -6.76148 6
      vertex 1.45538 -6.84703 6
    endloop
  endfacet
  facet normal 0.23344 -0.972371 0
    outer loop
      vertex 1.81173 -6.76148 6
      vertex 1.45538 -6.84703 4
      vertex 1.81173 -6.76148 4
    endloop
  endfacet
  facet normal -0.688336 0.725392 0
    outer loop
      vertex -4.68391 5.20201 4
      vertex -4.94975 4.94975 6
      vertex -4.68391 5.20201 6
    endloop
  endfacet
  facet normal -0.688336 0.725392 0
    outer loop
      vertex -4.94975 4.94975 6
      vertex -4.68391 5.20201 4
      vertex -4.94975 4.94975 4
    endloop
  endfacet
  facet normal 0.430513 -0.902584 0
    outer loop
      vertex 2.84716 -6.39482 4
      vertex 3.17793 -6.23705 6
      vertex 2.84716 -6.39482 6
    endloop
  endfacet
  facet normal 0.430513 -0.902584 0
    outer loop
      vertex 3.17793 -6.23705 6
      vertex 2.84716 -6.39482 4
      vertex 3.17793 -6.23705 4
    endloop
  endfacet
  facet normal -0.0784767 -0.996916 0
    outer loop
      vertex -0.731699 -6.96165 4
      vertex -0.366351 -6.99041 6
      vertex -0.731699 -6.96165 6
    endloop
  endfacet
  facet normal -0.0784767 -0.996916 -0
    outer loop
      vertex -0.366351 -6.99041 6
      vertex -0.731699 -6.96165 4
      vertex -0.366351 -6.99041 4
    endloop
  endfacet
  facet normal 0.566389 -0.824138 0
    outer loop
      vertex 3.81247 -5.87069 4
      vertex 4.1145 -5.66312 6
      vertex 3.81247 -5.87069 6
    endloop
  endfacet
  facet normal 0.566389 -0.824138 0
    outer loop
      vertex 4.1145 -5.66312 6
      vertex 3.81247 -5.87069 4
      vertex 4.1145 -5.66312 4
    endloop
  endfacet
  facet normal 0.522515 -0.85263 0
    outer loop
      vertex 3.5 -6.06218 4
      vertex 3.81247 -5.87069 6
      vertex 3.5 -6.06218 6
    endloop
  endfacet
  facet normal 0.522515 -0.85263 0
    outer loop
      vertex 3.81247 -5.87069 6
      vertex 3.5 -6.06218 4
      vertex 3.81247 -5.87069 4
    endloop
  endfacet
  facet normal -0.878817 -0.477159 0
    outer loop
      vertex -6.06218 -3.5 4
      vertex -6.23705 -3.17793 6
      vertex -6.23705 -3.17793 4
    endloop
  endfacet
  facet normal -0.878817 -0.477159 0
    outer loop
      vertex -6.23705 -3.17793 6
      vertex -6.06218 -3.5 4
      vertex -6.06218 -3.5 6
    endloop
  endfacet
  facet normal 0.522515 0.85263 -0
    outer loop
      vertex 3.81247 5.87069 4
      vertex 3.5 6.06218 6
      vertex 3.81247 5.87069 6
    endloop
  endfacet
  facet normal 0.522515 0.85263 0
    outer loop
      vertex 3.5 6.06218 6
      vertex 3.81247 5.87069 4
      vertex 3.5 6.06218 4
    endloop
  endfacet
  facet normal 0.958825 -0.283999 0
    outer loop
      vertex 6.6574 -2.16312 6
      vertex 6.76148 -1.81173 4
      vertex 6.76148 -1.81173 6
    endloop
  endfacet
  facet normal 0.958825 -0.283999 0
    outer loop
      vertex 6.76148 -1.81173 4
      vertex 6.6574 -2.16312 6
      vertex 6.6574 -2.16312 4
    endloop
  endfacet
  facet normal 0.182249 0.983252 -0
    outer loop
      vertex 1.45538 6.84703 4
      vertex 1.09504 6.91382 6
      vertex 1.45538 6.84703 6
    endloop
  endfacet
  facet normal 0.182249 0.983252 0
    outer loop
      vertex 1.09504 6.91382 6
      vertex 1.45538 6.84703 4
      vertex 1.09504 6.91382 4
    endloop
  endfacet
  facet normal 0.182249 -0.983252 0
    outer loop
      vertex 1.09504 -6.91382 4
      vertex 1.45538 -6.84703 6
      vertex 1.09504 -6.91382 6
    endloop
  endfacet
  facet normal 0.182249 -0.983252 0
    outer loop
      vertex 1.45538 -6.84703 6
      vertex 1.09504 -6.91382 4
      vertex 1.45538 -6.84703 4
    endloop
  endfacet
  facet normal -0.333822 -0.942636 0
    outer loop
      vertex -2.50858 -6.53506 4
      vertex -2.16312 -6.6574 6
      vertex -2.50858 -6.53506 6
    endloop
  endfacet
  facet normal -0.333822 -0.942636 -0
    outer loop
      vertex -2.16312 -6.6574 6
      vertex -2.50858 -6.53506 4
      vertex -2.16312 -6.6574 4
    endloop
  endfacet
  facet normal 0.999658 -0.0261681 0
    outer loop
      vertex 6.99041 -0.366351 6
      vertex 7 0 4
      vertex 7 0 6
    endloop
  endfacet
  facet normal 0.999658 -0.0261681 0
    outer loop
      vertex 7 0 4
      vertex 6.99041 -0.366351 6
      vertex 6.99041 -0.366351 4
    endloop
  endfacet
  facet normal 0.0784767 -0.996916 0
    outer loop
      vertex 0.366351 -6.99041 4
      vertex 0.731699 -6.96165 6
      vertex 0.366351 -6.99041 6
    endloop
  endfacet
  facet normal 0.0784767 -0.996916 0
    outer loop
      vertex 0.731699 -6.96165 6
      vertex 0.366351 -6.99041 4
      vertex 0.731699 -6.96165 4
    endloop
  endfacet
  facet normal -0.942636 -0.333822 0
    outer loop
      vertex -6.53506 -2.50858 4
      vertex -6.6574 -2.16312 6
      vertex -6.6574 -2.16312 4
    endloop
  endfacet
  facet normal -0.942636 -0.333822 0
    outer loop
      vertex -6.6574 -2.16312 6
      vertex -6.53506 -2.50858 4
      vertex -6.53506 -2.50858 6
    endloop
  endfacet
  facet normal 0.283999 0.958825 -0
    outer loop
      vertex 2.16312 6.6574 4
      vertex 1.81173 6.76148 6
      vertex 2.16312 6.6574 6
    endloop
  endfacet
  facet normal 0.283999 0.958825 0
    outer loop
      vertex 1.81173 6.76148 6
      vertex 2.16312 6.6574 4
      vertex 1.81173 6.76148 4
    endloop
  endfacet
  facet normal 0.0784767 0.996916 -0
    outer loop
      vertex 0.731699 6.96165 4
      vertex 0.366351 6.99041 6
      vertex 0.731699 6.96165 6
    endloop
  endfacet
  facet normal 0.0784767 0.996916 0
    outer loop
      vertex 0.366351 6.99041 6
      vertex 0.731699 6.96165 4
      vertex 0.366351 6.99041 4
    endloop
  endfacet
  facet normal -0.130513 0.991447 0
    outer loop
      vertex -0.731699 6.96165 4
      vertex -1.09504 6.91382 6
      vertex -0.731699 6.96165 6
    endloop
  endfacet
  facet normal -0.130513 0.991447 0
    outer loop
      vertex -1.09504 6.91382 6
      vertex -0.731699 6.96165 4
      vertex -1.09504 6.91382 4
    endloop
  endfacet
  facet normal -0.333822 0.942636 0
    outer loop
      vertex -2.16312 6.6574 4
      vertex -2.50858 6.53506 6
      vertex -2.16312 6.6574 6
    endloop
  endfacet
  facet normal -0.333822 0.942636 0
    outer loop
      vertex -2.50858 6.53506 6
      vertex -2.16312 6.6574 4
      vertex -2.50858 6.53506 4
    endloop
  endfacet
  facet normal 0.333822 -0.942636 0
    outer loop
      vertex 2.16312 -6.6574 4
      vertex 2.50858 -6.53506 6
      vertex 2.16312 -6.6574 6
    endloop
  endfacet
  facet normal 0.333822 -0.942636 0
    outer loop
      vertex 2.50858 -6.53506 6
      vertex 2.16312 -6.6574 4
      vertex 2.50858 -6.53506 4
    endloop
  endfacet
  facet normal 0.793344 -0.608774 0
    outer loop
      vertex 5.44002 -4.40524 6
      vertex 5.66312 -4.1145 4
      vertex 5.66312 -4.1145 6
    endloop
  endfacet
  facet normal 0.793344 -0.608774 0
    outer loop
      vertex 5.66312 -4.1145 4
      vertex 5.44002 -4.40524 6
      vertex 5.44002 -4.40524 4
    endloop
  endfacet
  facet normal 0.983252 0.182249 0
    outer loop
      vertex 6.91382 1.09504 6
      vertex 6.84703 1.45538 4
      vertex 6.84703 1.45538 6
    endloop
  endfacet
  facet normal 0.983252 0.182249 0
    outer loop
      vertex 6.84703 1.45538 4
      vertex 6.91382 1.09504 6
      vertex 6.91382 1.09504 4
    endloop
  endfacet
  facet normal 0.902584 0.430513 0
    outer loop
      vertex 6.39482 2.84716 6
      vertex 6.23705 3.17793 4
      vertex 6.23705 3.17793 6
    endloop
  endfacet
  facet normal 0.902584 0.430513 0
    outer loop
      vertex 6.23705 3.17793 4
      vertex 6.39482 2.84716 6
      vertex 6.39482 2.84716 4
    endloop
  endfacet
  facet normal 0.283999 -0.958825 0
    outer loop
      vertex 1.81173 -6.76148 4
      vertex 2.16312 -6.6574 6
      vertex 1.81173 -6.76148 6
    endloop
  endfacet
  facet normal 0.283999 -0.958825 0
    outer loop
      vertex 2.16312 -6.6574 6
      vertex 1.81173 -6.76148 4
      vertex 2.16312 -6.6574 4
    endloop
  endfacet
  facet normal -0.182249 0.983252 0
    outer loop
      vertex -1.09504 6.91382 4
      vertex -1.45538 6.84703 6
      vertex -1.09504 6.91382 6
    endloop
  endfacet
  facet normal -0.182249 0.983252 0
    outer loop
      vertex -1.45538 6.84703 6
      vertex -1.09504 6.91382 4
      vertex -1.45538 6.84703 4
    endloop
  endfacet
  facet normal -0.608774 0.793344 0
    outer loop
      vertex -4.1145 5.66312 4
      vertex -4.40524 5.44002 6
      vertex -4.1145 5.66312 6
    endloop
  endfacet
  facet normal -0.608774 0.793344 0
    outer loop
      vertex -4.40524 5.44002 6
      vertex -4.1145 5.66312 4
      vertex -4.40524 5.44002 4
    endloop
  endfacet
  facet normal -0.0261681 -0.999658 0
    outer loop
      vertex -0.366351 -6.99041 4
      vertex 0 -7 6
      vertex -0.366351 -6.99041 6
    endloop
  endfacet
  facet normal -0.0261681 -0.999658 -0
    outer loop
      vertex 0 -7 6
      vertex -0.366351 -6.99041 4
      vertex 0 -7 4
    endloop
  endfacet
  facet normal 0.972371 0.23344 0
    outer loop
      vertex 6.84703 1.45538 6
      vertex 6.76148 1.81173 4
      vertex 6.76148 1.81173 6
    endloop
  endfacet
  facet normal 0.972371 0.23344 0
    outer loop
      vertex 6.76148 1.81173 4
      vertex 6.84703 1.45538 6
      vertex 6.84703 1.45538 4
    endloop
  endfacet
  facet normal -0.608774 -0.793344 0
    outer loop
      vertex -4.40524 -5.44002 4
      vertex -4.1145 -5.66312 6
      vertex -4.40524 -5.44002 6
    endloop
  endfacet
  facet normal -0.608774 -0.793344 -0
    outer loop
      vertex -4.1145 -5.66312 6
      vertex -4.40524 -5.44002 4
      vertex -4.1145 -5.66312 4
    endloop
  endfacet
  facet normal 0.430513 0.902584 -0
    outer loop
      vertex 3.17793 6.23705 4
      vertex 2.84716 6.39482 6
      vertex 3.17793 6.23705 6
    endloop
  endfacet
  facet normal 0.430513 0.902584 0
    outer loop
      vertex 2.84716 6.39482 6
      vertex 3.17793 6.23705 4
      vertex 2.84716 6.39482 4
    endloop
  endfacet
  facet normal 0.983252 -0.182249 0
    outer loop
      vertex 6.84703 -1.45538 6
      vertex 6.91382 -1.09504 4
      vertex 6.91382 -1.09504 6
    endloop
  endfacet
  facet normal 0.983252 -0.182249 0
    outer loop
      vertex 6.91382 -1.09504 4
      vertex 6.84703 -1.45538 6
      vertex 6.84703 -1.45538 4
    endloop
  endfacet
  facet normal -0.824138 -0.566389 0
    outer loop
      vertex -5.66312 -4.1145 4
      vertex -5.87069 -3.81247 6
      vertex -5.87069 -3.81247 4
    endloop
  endfacet
  facet normal -0.824138 -0.566389 0
    outer loop
      vertex -5.87069 -3.81247 6
      vertex -5.66312 -4.1145 4
      vertex -5.66312 -4.1145 6
    endloop
  endfacet
  facet normal 0.382673 -0.923884 0
    outer loop
      vertex 2.50858 -6.53506 4
      vertex 2.84716 -6.39482 6
      vertex 2.50858 -6.53506 6
    endloop
  endfacet
  facet normal 0.382673 -0.923884 0
    outer loop
      vertex 2.84716 -6.39482 6
      vertex 2.50858 -6.53506 4
      vertex 2.84716 -6.39482 4
    endloop
  endfacet
  facet normal -0.688336 -0.725392 0
    outer loop
      vertex -4.94975 -4.94975 4
      vertex -4.68391 -5.20201 6
      vertex -4.94975 -4.94975 6
    endloop
  endfacet
  facet normal -0.688336 -0.725392 -0
    outer loop
      vertex -4.68391 -5.20201 6
      vertex -4.94975 -4.94975 4
      vertex -4.68391 -5.20201 4
    endloop
  endfacet
  facet normal 0.477159 -0.878817 0
    outer loop
      vertex 3.17793 -6.23705 4
      vertex 3.5 -6.06218 6
      vertex 3.17793 -6.23705 6
    endloop
  endfacet
  facet normal 0.477159 -0.878817 0
    outer loop
      vertex 3.5 -6.06218 6
      vertex 3.17793 -6.23705 4
      vertex 3.5 -6.06218 4
    endloop
  endfacet
  facet normal -0.85263 -0.522515 0
    outer loop
      vertex -5.87069 -3.81247 4
      vertex -6.06218 -3.5 6
      vertex -6.06218 -3.5 4
    endloop
  endfacet
  facet normal -0.85263 -0.522515 0
    outer loop
      vertex -6.06218 -3.5 6
      vertex -5.87069 -3.81247 4
      vertex -5.87069 -3.81247 6
    endloop
  endfacet
  facet normal 0.649453 -0.760401 0
    outer loop
      vertex 4.40524 -5.44002 4
      vertex 4.68391 -5.20201 6
      vertex 4.40524 -5.44002 6
    endloop
  endfacet
  facet normal 0.649453 -0.760401 0
    outer loop
      vertex 4.68391 -5.20201 6
      vertex 4.40524 -5.44002 4
      vertex 4.68391 -5.20201 4
    endloop
  endfacet
  facet normal 0.688336 -0.725392 0
    outer loop
      vertex 4.68391 -5.20201 4
      vertex 4.94975 -4.94975 6
      vertex 4.68391 -5.20201 6
    endloop
  endfacet
  facet normal 0.688336 -0.725392 0
    outer loop
      vertex 4.94975 -4.94975 6
      vertex 4.68391 -5.20201 4
      vertex 4.94975 -4.94975 4
    endloop
  endfacet
  facet normal -0.649453 -0.760401 0
    outer loop
      vertex -4.68391 -5.20201 4
      vertex -4.40524 -5.44002 6
      vertex -4.68391 -5.20201 6
    endloop
  endfacet
  facet normal -0.649453 -0.760401 -0
    outer loop
      vertex -4.40524 -5.44002 6
      vertex -4.68391 -5.20201 4
      vertex -4.40524 -5.44002 4
    endloop
  endfacet
  facet normal -0.999658 -0.0261681 0
    outer loop
      vertex -6.99041 -0.366351 4
      vertex -7 0 6
      vertex -7 0 4
    endloop
  endfacet
  facet normal -0.999658 -0.0261681 0
    outer loop
      vertex -7 0 6
      vertex -6.99041 -0.366351 4
      vertex -6.99041 -0.366351 6
    endloop
  endfacet
  facet normal -0.999658 0.0261681 0
    outer loop
      vertex -7 0 4
      vertex -6.99041 0.366351 6
      vertex -6.99041 0.366351 4
    endloop
  endfacet
  facet normal -0.999658 0.0261681 0
    outer loop
      vertex -6.99041 0.366351 6
      vertex -7 0 4
      vertex -7 0 6
    endloop
  endfacet
  facet normal -0.725392 -0.688336 0
    outer loop
      vertex -4.94975 -4.94975 4
      vertex -5.20201 -4.68391 6
      vertex -5.20201 -4.68391 4
    endloop
  endfacet
  facet normal -0.725392 -0.688336 0
    outer loop
      vertex -5.20201 -4.68391 6
      vertex -4.94975 -4.94975 4
      vertex -4.94975 -4.94975 6
    endloop
  endfacet
  facet normal -0.23344 -0.972371 0
    outer loop
      vertex -1.81173 -6.76148 4
      vertex -1.45538 -6.84703 6
      vertex -1.81173 -6.76148 6
    endloop
  endfacet
  facet normal -0.23344 -0.972371 -0
    outer loop
      vertex -1.45538 -6.84703 6
      vertex -1.81173 -6.76148 4
      vertex -1.45538 -6.84703 4
    endloop
  endfacet
  facet normal -0.996916 -0.0784767 0
    outer loop
      vertex -6.96165 -0.731699 4
      vertex -6.99041 -0.366351 6
      vertex -6.99041 -0.366351 4
    endloop
  endfacet
  facet normal -0.996916 -0.0784767 0
    outer loop
      vertex -6.99041 -0.366351 6
      vertex -6.96165 -0.731699 4
      vertex -6.96165 -0.731699 6
    endloop
  endfacet
  facet normal -0.942636 0.333822 0
    outer loop
      vertex -6.6574 2.16312 4
      vertex -6.53506 2.50858 6
      vertex -6.53506 2.50858 4
    endloop
  endfacet
  facet normal -0.942636 0.333822 0
    outer loop
      vertex -6.53506 2.50858 6
      vertex -6.6574 2.16312 4
      vertex -6.6574 2.16312 6
    endloop
  endfacet
  facet normal 0.725392 0.688336 0
    outer loop
      vertex 5.20201 4.68391 6
      vertex 4.94975 4.94975 4
      vertex 4.94975 4.94975 6
    endloop
  endfacet
  facet normal 0.725392 0.688336 0
    outer loop
      vertex 4.94975 4.94975 4
      vertex 5.20201 4.68391 6
      vertex 5.20201 4.68391 4
    endloop
  endfacet
  facet normal -0.430513 0.902584 0
    outer loop
      vertex -2.84716 6.39482 4
      vertex -3.17793 6.23705 6
      vertex -2.84716 6.39482 6
    endloop
  endfacet
  facet normal -0.430513 0.902584 0
    outer loop
      vertex -3.17793 6.23705 6
      vertex -2.84716 6.39482 4
      vertex -3.17793 6.23705 4
    endloop
  endfacet
  facet normal 0.85263 -0.522515 0
    outer loop
      vertex 5.87069 -3.81247 6
      vertex 6.06218 -3.5 4
      vertex 6.06218 -3.5 6
    endloop
  endfacet
  facet normal 0.85263 -0.522515 0
    outer loop
      vertex 6.06218 -3.5 4
      vertex 5.87069 -3.81247 6
      vertex 5.87069 -3.81247 4
    endloop
  endfacet
  facet normal -0.182249 -0.983252 0
    outer loop
      vertex -1.45538 -6.84703 4
      vertex -1.09504 -6.91382 6
      vertex -1.45538 -6.84703 6
    endloop
  endfacet
  facet normal -0.182249 -0.983252 -0
    outer loop
      vertex -1.09504 -6.91382 6
      vertex -1.45538 -6.84703 4
      vertex -1.09504 -6.91382 4
    endloop
  endfacet
  facet normal -0.983252 -0.182249 0
    outer loop
      vertex -6.84703 -1.45538 4
      vertex -6.91382 -1.09504 6
      vertex -6.91382 -1.09504 4
    endloop
  endfacet
  facet normal -0.983252 -0.182249 0
    outer loop
      vertex -6.91382 -1.09504 6
      vertex -6.84703 -1.45538 4
      vertex -6.84703 -1.45538 6
    endloop
  endfacet
  facet normal -0.902584 -0.430513 0
    outer loop
      vertex -6.23705 -3.17793 4
      vertex -6.39482 -2.84716 6
      vertex -6.39482 -2.84716 4
    endloop
  endfacet
  facet normal -0.902584 -0.430513 0
    outer loop
      vertex -6.39482 -2.84716 6
      vertex -6.23705 -3.17793 4
      vertex -6.23705 -3.17793 6
    endloop
  endfacet
  facet normal 0.824138 -0.566389 0
    outer loop
      vertex 5.66312 -4.1145 6
      vertex 5.87069 -3.81247 4
      vertex 5.87069 -3.81247 6
    endloop
  endfacet
  facet normal 0.824138 -0.566389 0
    outer loop
      vertex 5.87069 -3.81247 4
      vertex 5.66312 -4.1145 6
      vertex 5.66312 -4.1145 4
    endloop
  endfacet
  facet normal 0.608774 -0.793344 0
    outer loop
      vertex 4.1145 -5.66312 4
      vertex 4.40524 -5.44002 6
      vertex 4.1145 -5.66312 6
    endloop
  endfacet
  facet normal 0.608774 -0.793344 0
    outer loop
      vertex 4.40524 -5.44002 6
      vertex 4.1145 -5.66312 4
      vertex 4.40524 -5.44002 4
    endloop
  endfacet
  facet normal 0.972371 -0.23344 0
    outer loop
      vertex 6.76148 -1.81173 6
      vertex 6.84703 -1.45538 4
      vertex 6.84703 -1.45538 6
    endloop
  endfacet
  facet normal 0.972371 -0.23344 0
    outer loop
      vertex 6.84703 -1.45538 4
      vertex 6.76148 -1.81173 6
      vertex 6.76148 -1.81173 4
    endloop
  endfacet
  facet normal -0.430513 -0.902584 0
    outer loop
      vertex -3.17793 -6.23705 4
      vertex -2.84716 -6.39482 6
      vertex -3.17793 -6.23705 6
    endloop
  endfacet
  facet normal -0.430513 -0.902584 -0
    outer loop
      vertex -2.84716 -6.39482 6
      vertex -3.17793 -6.23705 4
      vertex -2.84716 -6.39482 4
    endloop
  endfacet
  facet normal 0 0 1
    outer loop
      vertex 6.99041 0.366351 6
      vertex 6.99041 -0.366351 6
      vertex 7 0 6
    endloop
  endfacet
  facet normal 0 0 1
    outer loop
      vertex 6.96165 0.731699 6
      vertex 6.99041 -0.366351 6
      vertex 6.99041 0.366351 6
    endloop
  endfacet
  facet normal 0 0 1
    outer loop
      vertex 6.96165 0.731699 6
      vertex 6.96165 -0.731699 6
      vertex 6.99041 -0.366351 6
    endloop
  endfacet
  facet normal 0 0 1
    outer loop
      vertex 6.91382 1.09504 6
      vertex 6.96165 -0.731699 6
      vertex 6.96165 0.731699 6
    endloop
  endfacet
  facet normal 0 0 1
    outer loop
      vertex 6.91382 1.09504 6
      vertex 6.91382 -1.09504 6
      vertex 6.96165 -0.731699 6
    endloop
  endfacet
  facet normal 0 0 1
    outer loop
      vertex 6.84703 1.45538 6
      vertex 6.91382 -1.09504 6
      vertex 6.91382 1.09504 6
    endloop
  endfacet
  facet normal 0 0 1
    outer loop
      vertex 6.84703 1.45538 6
      vertex 6.84703 -1.45538 6
      vertex 6.91382 -1.09504 6
    endloop
  endfacet
  facet normal 0 0 1
    outer loop
      vertex 6.76148 1.81173 6
      vertex 6.84703 -1.45538 6
      vertex 6.84703 1.45538 6
    endloop
  endfacet
  facet normal 0 0 1
    outer loop
      vertex 6.76148 1.81173 6
      vertex 6.76148 -1.81173 6
      vertex 6.84703 -1.45538 6
    endloop
  endfacet
  facet normal 0 0 1
    outer loop
      vertex 6.6574 2.16312 6
      vertex 6.76148 -1.81173 6
      vertex 6.76148 1.81173 6
    endloop
  endfacet
  facet normal 0 0 1
    outer loop
      vertex 6.6574 2.16312 6
      vertex 6.6574 -2.16312 6
      vertex 6.76148 -1.81173 6
    endloop
  endfacet
  facet normal 0 0 1
    outer loop
      vertex 6.53506 2.50858 6
      vertex 6.6574 -2.16312 6
      vertex 6.6574 2.16312 6
    endloop
  endfacet
  facet normal 0 0 1
    outer loop
      vertex 6.53506 2.50858 6
      vertex 6.53506 -2.50858 6
      vertex 6.6574 -2.16312 6
    endloop
  endfacet
  facet normal 0 0 1
    outer loop
      vertex 6.39482 2.84716 6
      vertex 6.53506 -2.50858 6
      vertex 6.53506 2.50858 6
    endloop
  endfacet
  facet normal 0 0 1
    outer loop
      vertex 6.39482 2.84716 6
      vertex 6.39482 -2.84716 6
      vertex 6.53506 -2.50858 6
    endloop
  endfacet
  facet normal 0 0 1
    outer loop
      vertex 6.23705 3.17793 6
      vertex 6.39482 -2.84716 6
      vertex 6.39482 2.84716 6
    endloop
  endfacet
  facet normal 0 0 1
    outer loop
      vertex 6.23705 3.17793 6
      vertex 6.23705 -3.17793 6
      vertex 6.39482 -2.84716 6
    endloop
  endfacet
  facet normal 0 0 1
    outer loop
      vertex 6.06218 3.5 6
      vertex 6.23705 -3.17793 6
      vertex 6.23705 3.17793 6
    endloop
  endfacet
  facet normal 0 0 1
    outer loop
      vertex 6.06218 3.5 6
      vertex 6.06218 -3.5 6
      vertex 6.23705 -3.17793 6
    endloop
  endfacet
  facet normal 0 0 1
    outer loop
      vertex 5.87069 3.81247 6
      vertex 6.06218 -3.5 6
      vertex 6.06218 3.5 6
    endloop
  endfacet
  facet normal 0 0 1
    outer loop
      vertex 5.87069 3.81247 6
      vertex 5.87069 -3.81247 6
      vertex 6.06218 -3.5 6
    endloop
  endfacet
  facet normal 0 0 1
    outer loop
      vertex 5.66312 4.1145 6
      vertex 5.87069 -3.81247 6
      vertex 5.87069 3.81247 6
    endloop
  endfacet
  facet normal 0 0 1
    outer loop
      vertex 5.66312 4.1145 6
      vertex 5.66312 -4.1145 6
      vertex 5.87069 -3.81247 6
    endloop
  endfacet
  facet normal 0 0 1
    outer loop
      vertex 5.44002 4.40524 6
      vertex 5.66312 -4.1145 6
      vertex 5.66312 4.1145 6
    endloop
  endfacet
  facet normal 0 0 1
    outer loop
      vertex 5.44002 4.40524 6
      vertex 5.44002 -4.40524 6
      vertex 5.66312 -4.1145 6
    endloop
  endfacet
  facet normal 0 0 1
    outer loop
      vertex 5.20201 4.68391 6
      vertex 5.44002 -4.40524 6
      vertex 5.44002 4.40524 6
    endloop
  endfacet
  facet normal 0 0 1
    outer loop
      vertex 5.20201 4.68391 6
      vertex 5.20201 -4.68391 6
      vertex 5.44002 -4.40524 6
    endloop
  endfacet
  facet normal 0 0 1
    outer loop
      vertex 4.94975 4.94975 6
      vertex 5.20201 -4.68391 6
      vertex 5.20201 4.68391 6
    endloop
  endfacet
  facet normal 0 0 1
    outer loop
      vertex 4.94975 4.94975 6
      vertex 4.94975 -4.94975 6
      vertex 5.20201 -4.68391 6
    endloop
  endfacet
  facet normal 0 0 1
    outer loop
      vertex 4.68391 5.20201 6
      vertex 4.94975 -4.94975 6
      vertex 4.94975 4.94975 6
    endloop
  endfacet
  facet normal 0 0 1
    outer loop
      vertex 4.68391 5.20201 6
      vertex 4.68391 -5.20201 6
      vertex 4.94975 -4.94975 6
    endloop
  endfacet
  facet normal 0 0 1
    outer loop
      vertex 4.40524 5.44002 6
      vertex 4.68391 -5.20201 6
      vertex 4.68391 5.20201 6
    endloop
  endfacet
  facet normal 0 0 1
    outer loop
      vertex 4.40524 5.44002 6
      vertex 4.40524 -5.44002 6
      vertex 4.68391 -5.20201 6
    endloop
  endfacet
  facet normal 0 0 1
    outer loop
      vertex 4.1145 5.66312 6
      vertex 4.40524 -5.44002 6
      vertex 4.40524 5.44002 6
    endloop
  endfacet
  facet normal 0 0 1
    outer loop
      vertex 4.1145 5.66312 6
      vertex 4.1145 -5.66312 6
      vertex 4.40524 -5.44002 6
    endloop
  endfacet
  facet normal 0 0 1
    outer loop
      vertex 3.81247 5.87069 6
      vertex 4.1145 -5.66312 6
      vertex 4.1145 5.66312 6
    endloop
  endfacet
  facet normal 0 0 1
    outer loop
      vertex 3.81247 5.87069 6
      vertex 3.81247 -5.87069 6
      vertex 4.1145 -5.66312 6
    endloop
  endfacet
  facet normal 0 0 1
    outer loop
      vertex 3.5 6.06218 6
      vertex 3.81247 -5.87069 6
      vertex 3.81247 5.87069 6
    endloop
  endfacet
  facet normal 0 0 1
    outer loop
      vertex 3.5 6.06218 6
      vertex 3.5 -6.06218 6
      vertex 3.81247 -5.87069 6
    endloop
  endfacet
  facet normal 0 0 1
    outer loop
      vertex 3.17793 6.23705 6
      vertex 3.5 -6.06218 6
      vertex 3.5 6.06218 6
    endloop
  endfacet
  facet normal 0 0 1
    outer loop
      vertex 3.17793 6.23705 6
      vertex 3.17793 -6.23705 6
      vertex 3.5 -6.06218 6
    endloop
  endfacet
  facet normal 0 0 1
    outer loop
      vertex 2.84716 6.39482 6
      vertex 3.17793 -6.23705 6
      vertex 3.17793 6.23705 6
    endloop
  endfacet
  facet normal 0 0 1
    outer loop
      vertex 2.84716 6.39482 6
      vertex 2.84716 -6.39482 6
      vertex 3.17793 -6.23705 6
    endloop
  endfacet
  facet normal 0 0 1
    outer loop
      vertex 2.50858 6.53506 6
      vertex 2.84716 -6.39482 6
      vertex 2.84716 6.39482 6
    endloop
  endfacet
  facet normal 0 0 1
    outer loop
      vertex 2.50858 6.53506 6
      vertex 2.50858 -6.53506 6
      vertex 2.84716 -6.39482 6
    endloop
  endfacet
  facet normal 0 0 1
    outer loop
      vertex 2.16312 6.6574 6
      vertex 2.50858 -6.53506 6
      vertex 2.50858 6.53506 6
    endloop
  endfacet
  facet normal 0 0 1
    outer loop
      vertex 2.16312 6.6574 6
      vertex 2.16312 -6.6574 6
      vertex 2.50858 -6.53506 6
    endloop
  endfacet
  facet normal 0 0 1
    outer loop
      vertex 1.81173 6.76148 6
      vertex 2.16312 -6.6574 6
      vertex 2.16312 6.6574 6
    endloop
  endfacet
  facet normal 0 0 1
    outer loop
      vertex 1.81173 6.76148 6
      vertex 1.81173 -6.76148 6
      vertex 2.16312 -6.6574 6
    endloop
  endfacet
  facet normal 0 0 1
    outer loop
      vertex 1.45538 6.84703 6
      vertex 1.81173 -6.76148 6
      vertex 1.81173 6.76148 6
    endloop
  endfacet
  facet normal 0 0 1
    outer loop
      vertex 1.45538 6.84703 6
      vertex 1.45538 -6.84703 6
      vertex 1.81173 -6.76148 6
    endloop
  endfacet
  facet normal 0 0 1
    outer loop
      vertex 1.09504 6.91382 6
      vertex 1.45538 -6.84703 6
      vertex 1.45538 6.84703 6
    endloop
  endfacet
  facet normal 0 0 1
    outer loop
      vertex 1.09504 6.91382 6
      vertex 1.09504 -6.91382 6
      vertex 1.45538 -6.84703 6
    endloop
  endfacet
  facet normal 0 0 1
    outer loop
      vertex 0.731699 6.96165 6
      vertex 1.09504 -6.91382 6
      vertex 1.09504 6.91382 6
    endloop
  endfacet
  facet normal 0 0 1
    outer loop
      vertex 0.731699 6.96165 6
      vertex 0.731699 -6.96165 6
      vertex 1.09504 -6.91382 6
    endloop
  endfacet
  facet normal 0 0 1
    outer loop
      vertex 0.366351 6.99041 6
      vertex 0.731699 -6.96165 6
      vertex 0.731699 6.96165 6
    endloop
  endfacet
  facet normal 0 0 1
    outer loop
      vertex 0.366351 6.99041 6
      vertex 0.366351 -6.99041 6
      vertex 0.731699 -6.96165 6
    endloop
  endfacet
  facet normal 0 0 1
    outer loop
      vertex 0 7 6
      vertex 0.366351 -6.99041 6
      vertex 0.366351 6.99041 6
    endloop
  endfacet
  facet normal 0 0 1
    outer loop
      vertex 0 7 6
      vertex 0 -7 6
      vertex 0.366351 -6.99041 6
    endloop
  endfacet
  facet normal -0 0 1
    outer loop
      vertex -0.366351 6.99041 6
      vertex 0 -7 6
      vertex 0 7 6
    endloop
  endfacet
  facet normal 0 0 1
    outer loop
      vertex -0.366351 6.99041 6
      vertex -0.366351 -6.99041 6
      vertex 0 -7 6
    endloop
  endfacet
  facet normal -0 0 1
    outer loop
      vertex -0.731699 6.96165 6
      vertex -0.366351 -6.99041 6
      vertex -0.366351 6.99041 6
    endloop
  endfacet
  facet normal 0 0 1
    outer loop
      vertex -0.731699 6.96165 6
      vertex -0.731699 -6.96165 6
      vertex -0.366351 -6.99041 6
    endloop
  endfacet
  facet normal -0 0 1
    outer loop
      vertex -1.09504 6.91382 6
      vertex -0.731699 -6.96165 6
      vertex -0.731699 6.96165 6
    endloop
  endfacet
  facet normal 0 0 1
    outer loop
      vertex -1.09504 6.91382 6
      vertex -1.09504 -6.91382 6
      vertex -0.731699 -6.96165 6
    endloop
  endfacet
  facet normal -0 0 1
    outer loop
      vertex -1.45538 6.84703 6
      vertex -1.09504 -6.91382 6
      vertex -1.09504 6.91382 6
    endloop
  endfacet
  facet normal 0 0 1
    outer loop
      vertex -1.45538 6.84703 6
      vertex -1.45538 -6.84703 6
      vertex -1.09504 -6.91382 6
    endloop
  endfacet
  facet normal -0 0 1
    outer loop
      vertex -1.81173 6.76148 6
      vertex -1.45538 -6.84703 6
      vertex -1.45538 6.84703 6
    endloop
  endfacet
  facet normal 0 0 1
    outer loop
      vertex -1.81173 6.76148 6
      vertex -1.81173 -6.76148 6
      vertex -1.45538 -6.84703 6
    endloop
  endfacet
  facet normal -0 0 1
    outer loop
      vertex -2.16312 6.6574 6
      vertex -1.81173 -6.76148 6
      vertex -1.81173 6.76148 6
    endloop
  endfacet
  facet normal 0 0 1
    outer loop
      vertex -2.16312 6.6574 6
      vertex -2.16312 -6.6574 6
      vertex -1.81173 -6.76148 6
    endloop
  endfacet
  facet normal -0 0 1
    outer loop
      vertex -2.50858 6.53506 6
      vertex -2.16312 -6.6574 6
      vertex -2.16312 6.6574 6
    endloop
  endfacet
  facet normal 0 0 1
    outer loop
      vertex -2.50858 6.53506 6
      vertex -2.50858 -6.53506 6
      vertex -2.16312 -6.6574 6
    endloop
  endfacet
  facet normal -0 0 1
    outer loop
      vertex -2.84716 6.39482 6
      vertex -2.50858 -6.53506 6
      vertex -2.50858 6.53506 6
    endloop
  endfacet
  facet normal 0 0 1
    outer loop
      vertex -2.84716 6.39482 6
      vertex -2.84716 -6.39482 6
      vertex -2.50858 -6.53506 6
    endloop
  endfacet
  facet normal -0 0 1
    outer loop
      vertex -3.17793 6.23705 6
      vertex -2.84716 -6.39482 6
      vertex -2.84716 6.39482 6
    endloop
  endfacet
  facet normal 0 0 1
    outer loop
      vertex -3.17793 6.23705 6
      vertex -3.17793 -6.23705 6
      vertex -2.84716 -6.39482 6
    endloop
  endfacet
  facet normal -0 0 1
    outer loop
      vertex -3.5 6.06218 6
      vertex -3.17793 -6.23705 6
      vertex -3.17793 6.23705 6
    endloop
  endfacet
  facet normal 0 0 1
    outer loop
      vertex -3.5 6.06218 6
      vertex -3.5 -6.06218 6
      vertex -3.17793 -6.23705 6
    endloop
  endfacet
  facet normal -0 0 1
    outer loop
      vertex -3.81247 5.87069 6
      vertex -3.5 -6.06218 6
      vertex -3.5 6.06218 6
    endloop
  endfacet
  facet normal 0 0 1
    outer loop
      vertex -3.81247 5.87069 6
      vertex -3.81247 -5.87069 6
      vertex -3.5 -6.06218 6
    endloop
  endfacet
  facet normal -0 0 1
    outer loop
      vertex -4.1145 5.66312 6
      vertex -3.81247 -5.87069 6
      vertex -3.81247 5.87069 6
    endloop
  endfacet
  facet normal 0 0 1
    outer loop
      vertex -4.1145 5.66312 6
      vertex -4.1145 -5.66312 6
      vertex -3.81247 -5.87069 6
    endloop
  endfacet
  facet normal -0 0 1
    outer loop
      vertex -4.40524 5.44002 6
      vertex -4.1145 -5.66312 6
      vertex -4.1145 5.66312 6
    endloop
  endfacet
  facet normal 0 0 1
    outer loop
      vertex -4.40524 5.44002 6
      vertex -4.40524 -5.44002 6
      vertex -4.1145 -5.66312 6
    endloop
  endfacet
  facet normal -0 0 1
    outer loop
      vertex -4.68391 5.20201 6
      vertex -4.40524 -5.44002 6
      vertex -4.40524 5.44002 6
    endloop
  endfacet
  facet normal 0 0 1
    outer loop
      vertex -4.68391 5.20201 6
      vertex -4.68391 -5.20201 6
      vertex -4.40524 -5.44002 6
    endloop
  endfacet
  facet normal -0 0 1
    outer loop
      vertex -4.94975 4.94975 6
      vertex -4.68391 -5.20201 6
      vertex -4.68391 5.20201 6
    endloop
  endfacet
  facet normal 0 0 1
    outer loop
      vertex -4.94975 4.94975 6
      vertex -4.94975 -4.94975 6
      vertex -4.68391 -5.20201 6
    endloop
  endfacet
  facet normal -0 0 1
    outer loop
      vertex -5.20201 4.68391 6
      vertex -4.94975 -4.94975 6
      vertex -4.94975 4.94975 6
    endloop
  endfacet
  facet normal 0 0 1
    outer loop
      vertex -5.20201 4.68391 6
      vertex -5.20201 -4.68391 6
      vertex -4.94975 -4.94975 6
    endloop
  endfacet
  facet normal -0 0 1
    outer loop
      vertex -5.44002 4.40524 6
      vertex -5.20201 -4.68391 6
      vertex -5.20201 4.68391 6
    endloop
  endfacet
  facet normal 0 0 1
    outer loop
      vertex -5.44002 4.40524 6
      vertex -5.44002 -4.40524 6
      vertex -5.20201 -4.68391 6
    endloop
  endfacet
  facet normal -0 0 1
    outer loop
      vertex -5.66312 4.1145 6
      vertex -5.44002 -4.40524 6
      vertex -5.44002 4.40524 6
    endloop
  endfacet
  facet normal 0 0 1
    outer loop
      vertex -5.66312 4.1145 6
      vertex -5.66312 -4.1145 6
      vertex -5.44002 -4.40524 6
    endloop
  endfacet
  facet normal -0 0 1
    outer loop
      vertex -5.87069 3.81247 6
      vertex -5.66312 -4.1145 6
      vertex -5.66312 4.1145 6
    endloop
  endfacet
  facet normal 0 0 1
    outer loop
      vertex -5.87069 3.81247 6
      vertex -5.87069 -3.81247 6
      vertex -5.66312 -4.1145 6
    endloop
  endfacet
  facet normal -0 0 1
    outer loop
      vertex -6.06218 3.5 6
      vertex -5.87069 -3.81247 6
      vertex -5.87069 3.81247 6
    endloop
  endfacet
  facet normal 0 0 1
    outer loop
      vertex -6.06218 3.5 6
      vertex -6.06218 -3.5 6
      vertex -5.87069 -3.81247 6
    endloop
  endfacet
  facet normal -0 0 1
    outer loop
      vertex -6.23705 3.17793 6
      vertex -6.06218 -3.5 6
      vertex -6.06218 3.5 6
    endloop
  endfacet
  facet normal 0 0 1
    outer loop
      vertex -6.23705 3.17793 6
      vertex -6.23705 -3.17793 6
      vertex -6.06218 -3.5 6
    endloop
  endfacet
  facet normal -0 0 1
    outer loop
      vertex -6.39482 2.84716 6
      vertex -6.23705 -3.17793 6
      vertex -6.23705 3.17793 6
    endloop
  endfacet
  facet normal 0 0 1
    outer loop
      vertex -6.39482 2.84716 6
      vertex -6.39482 -2.84716 6
      vertex -6.23705 -3.17793 6
    endloop
  endfacet
  facet normal -0 0 1
    outer loop
      vertex -6.53506 2.50858 6
      vertex -6.39482 -2.84716 6
      vertex -6.39482 2.84716 6
    endloop
  endfacet
  facet normal 0 0 1
    outer loop
      vertex -6.53506 2.50858 6
      vertex -6.53506 -2.50858 6
      vertex -6.39482 -2.84716 6
    endloop
  endfacet
  facet normal -0 0 1
    outer loop
      vertex -6.6574 2.16312 6
      vertex -6.53506 -2.50858 6
      vertex -6.53506 2.50858 6
    endloop
  endfacet
  facet normal 0 0 1
    outer loop
      vertex -6.6574 2.16312 6
      vertex -6.6574 -2.16312 6
      vertex -6.53506 -2.50858 6
    endloop
  endfacet
  facet normal -0 0 1
    outer loop
      vertex -6.76148 1.81173 6
      vertex -6.6574 -2.16312 6
      vertex -6.6574 2.16312 6
    endloop
  endfacet
  facet normal 0 0 1
    outer loop
      vertex -6.76148 1.81173 6
      vertex -6.76148 -1.81173 6
      vertex -6.6574 -2.16312 6
    endloop
  endfacet
  facet normal -0 0 1
    outer loop
      vertex -6.84703 1.45538 6
      vertex -6.76148 -1.81173 6
      vertex -6.76148 1.81173 6
    endloop
  endfacet
  facet normal 0 0 1
    outer loop
      vertex -6.84703 1.45538 6
      vertex -6.84703 -1.45538 6
      vertex -6.76148 -1.81173 6
    endloop
  endfacet
  facet normal -0 0 1
    outer loop
      vertex -6.91382 1.09504 6
      vertex -6.84703 -1.45538 6
      vertex -6.84703 1.45538 6
    endloop
  endfacet
  facet normal 0 0 1
    outer loop
      vertex -6.91382 1.09504 6
      vertex -6.91382 -1.09504 6
      vertex -6.84703 -1.45538 6
    endloop
  endfacet
  facet normal -0 0 1
    outer loop
      vertex -6.96165 0.731699 6
      vertex -6.91382 -1.09504 6
      vertex -6.91382 1.09504 6
    endloop
  endfacet
  facet normal 0 0 1
    outer loop
      vertex -6.96165 0.731699 6
      vertex -6.96165 -0.731699 6
      vertex -6.91382 -1.09504 6
    endloop
  endfacet
  facet normal -0 0 1
    outer loop
      vertex -6.99041 0.366351 6
      vertex -6.96165 -0.731699 6
      vertex -6.96165 0.731699 6
    endloop
  endfacet
  facet normal 0 0 1
    outer loop
      vertex -6.99041 0.366351 6
      vertex -6.99041 -0.366351 6
      vertex -6.96165 -0.731699 6
    endloop
  endfacet
  facet normal 0 -0 1
    outer loop
      vertex -6.99041 -0.366351 6
      vertex -6.99041 0.366351 6
      vertex -7 0 6
    endloop
  endfacet
  facet normal -0.958825 0.283999 0
    outer loop
      vertex -6.76148 1.81173 4
      vertex -6.6574 2.16312 6
      vertex -6.6574 2.16312 4
    endloop
  endfacet
  facet normal -0.958825 0.283999 0
    outer loop
      vertex -6.6574 2.16312 6
      vertex -6.76148 1.81173 4
      vertex -6.76148 1.81173 6
    endloop
  endfacet
  facet normal -0.972371 0.23344 0
    outer loop
      vertex -6.84703 1.45538 4
      vertex -6.76148 1.81173 6
      vertex -6.76148 1.81173 4
    endloop
  endfacet
  facet normal -0.972371 0.23344 0
    outer loop
      vertex -6.76148 1.81173 6
      vertex -6.84703 1.45538 4
      vertex -6.84703 1.45538 6
    endloop
  endfacet
  facet normal -0.793344 0.608774 0
    outer loop
      vertex -5.66312 4.1145 4
      vertex -5.44002 4.40524 6
      vertex -5.44002 4.40524 4
    endloop
  endfacet
  facet normal -0.793344 0.608774 0
    outer loop
      vertex -5.44002 4.40524 6
      vertex -5.66312 4.1145 4
      vertex -5.66312 4.1145 6
    endloop
  endfacet
  facet normal -0.382673 -0.923884 0
    outer loop
      vertex -2.84716 -6.39482 4
      vertex -2.50858 -6.53506 6
      vertex -2.84716 -6.39482 6
    endloop
  endfacet
  facet normal -0.382673 -0.923884 -0
    outer loop
      vertex -2.50858 -6.53506 6
      vertex -2.84716 -6.39482 4
      vertex -2.50858 -6.53506 4
    endloop
  endfacet
  facet normal -0.522515 0.85263 0
    outer loop
      vertex -3.5 6.06218 4
      vertex -3.81247 5.87069 6
      vertex -3.5 6.06218 6
    endloop
  endfacet
  facet normal -0.522515 0.85263 0
    outer loop
      vertex -3.81247 5.87069 6
      vertex -3.5 6.06218 4
      vertex -3.81247 5.87069 4
    endloop
  endfacet
  facet normal -0.477159 0.878817 0
    outer loop
      vertex -3.17793 6.23705 4
      vertex -3.5 6.06218 6
      vertex -3.17793 6.23705 6
    endloop
  endfacet
  facet normal -0.477159 0.878817 0
    outer loop
      vertex -3.5 6.06218 6
      vertex -3.17793 6.23705 4
      vertex -3.5 6.06218 4
    endloop
  endfacet
  facet normal -0.23344 0.972371 0
    outer loop
      vertex -1.45538 6.84703 4
      vertex -1.81173 6.76148 6
      vertex -1.45538 6.84703 6
    endloop
  endfacet
  facet normal -0.23344 0.972371 0
    outer loop
      vertex -1.81173 6.76148 6
      vertex -1.45538 6.84703 4
      vertex -1.81173 6.76148 4
    endloop
  endfacet
  facet normal -0.923884 0.382673 0
    outer loop
      vertex -6.53506 2.50858 4
      vertex -6.39482 2.84716 6
      vertex -6.39482 2.84716 4
    endloop
  endfacet
  facet normal -0.923884 0.382673 0
    outer loop
      vertex -6.39482 2.84716 6
      vertex -6.53506 2.50858 4
      vertex -6.53506 2.50858 6
    endloop
  endfacet
  facet normal 0.923884 -0.382673 0
    outer loop
      vertex 6.39482 -2.84716 6
      vertex 6.53506 -2.50858 4
      vertex 6.53506 -2.50858 6
    endloop
  endfacet
  facet normal 0.923884 -0.382673 0
    outer loop
      vertex 6.53506 -2.50858 4
      vertex 6.39482 -2.84716 6
      vertex 6.39482 -2.84716 4
    endloop
  endfacet
  facet normal 0.333822 0.942636 -0
    outer loop
      vertex 2.50858 6.53506 4
      vertex 2.16312 6.6574 6
      vertex 2.50858 6.53506 6
    endloop
  endfacet
  facet normal 0.333822 0.942636 0
    outer loop
      vertex 2.16312 6.6574 6
      vertex 2.50858 6.53506 4
      vertex 2.16312 6.6574 4
    endloop
  endfacet
  facet normal -0.972371 -0.23344 0
    outer loop
      vertex -6.76148 -1.81173 4
      vertex -6.84703 -1.45538 6
      vertex -6.84703 -1.45538 4
    endloop
  endfacet
  facet normal -0.972371 -0.23344 0
    outer loop
      vertex -6.84703 -1.45538 6
      vertex -6.76148 -1.81173 4
      vertex -6.76148 -1.81173 6
    endloop
  endfacet
  facet normal -0.902584 0.430513 0
    outer loop
      vertex -6.39482 2.84716 4
      vertex -6.23705 3.17793 6
      vertex -6.23705 3.17793 4
    endloop
  endfacet
  facet normal -0.902584 0.430513 0
    outer loop
      vertex -6.23705 3.17793 6
      vertex -6.39482 2.84716 4
      vertex -6.39482 2.84716 6
    endloop
  endfacet
  facet normal 0.23344 0.972371 -0
    outer loop
      vertex 1.81173 6.76148 4
      vertex 1.45538 6.84703 6
      vertex 1.81173 6.76148 6
    endloop
  endfacet
  facet normal 0.23344 0.972371 0
    outer loop
      vertex 1.45538 6.84703 6
      vertex 1.81173 6.76148 4
      vertex 1.45538 6.84703 4
    endloop
  endfacet
  facet normal -0.983252 0.182249 0
    outer loop
      vertex -6.91382 1.09504 4
      vertex -6.84703 1.45538 6
      vertex -6.84703 1.45538 4
    endloop
  endfacet
  facet normal -0.983252 0.182249 0
    outer loop
      vertex -6.84703 1.45538 6
      vertex -6.91382 1.09504 4
      vertex -6.91382 1.09504 6
    endloop
  endfacet
  facet normal -0.760401 0.649453 0
    outer loop
      vertex -5.44002 4.40524 4
      vertex -5.20201 4.68391 6
      vertex -5.20201 4.68391 4
    endloop
  endfacet
  facet normal -0.760401 0.649453 0
    outer loop
      vertex -5.20201 4.68391 6
      vertex -5.44002 4.40524 4
      vertex -5.44002 4.40524 6
    endloop
  endfacet
  facet normal -0.824138 0.566389 0
    outer loop
      vertex -5.87069 3.81247 4
      vertex -5.66312 4.1145 6
      vertex -5.66312 4.1145 4
    endloop
  endfacet
  facet normal -0.824138 0.566389 0
    outer loop
      vertex -5.66312 4.1145 6
      vertex -5.87069 3.81247 4
      vertex -5.87069 3.81247 6
    endloop
  endfacet
  facet normal -0.522515 -0.85263 0
    outer loop
      vertex -3.81247 -5.87069 4
      vertex -3.5 -6.06218 6
      vertex -3.81247 -5.87069 6
    endloop
  endfacet
  facet normal -0.522515 -0.85263 -0
    outer loop
      vertex -3.5 -6.06218 6
      vertex -3.81247 -5.87069 4
      vertex -3.5 -6.06218 4
    endloop
  endfacet
  facet normal -0.923884 -0.382673 0
    outer loop
      vertex -6.39482 -2.84716 4
      vertex -6.53506 -2.50858 6
      vertex -6.53506 -2.50858 4
    endloop
  endfacet
  facet normal -0.923884 -0.382673 0
    outer loop
      vertex -6.53506 -2.50858 6
      vertex -6.39482 -2.84716 4
      vertex -6.39482 -2.84716 6
    endloop
  endfacet
  facet normal -0.85263 0.522515 0
    outer loop
      vertex -6.06218 3.5 4
      vertex -5.87069 3.81247 6
      vertex -5.87069 3.81247 4
    endloop
  endfacet
  facet normal -0.85263 0.522515 0
    outer loop
      vertex -5.87069 3.81247 6
      vertex -6.06218 3.5 4
      vertex -6.06218 3.5 6
    endloop
  endfacet
endsolid OpenSCAD_Model
