solid OpenSCAD_Model
  facet normal -0.0174537 0.999848 0
    outer loop
      vertex 18 6.56 0
      vertex 17.485 6.55101 2.5
      vertex 18 6.56 2.5
    endloop
  endfacet
  facet normal -0.0174537 0.999848 0
    outer loop
      vertex 17.485 6.55101 2.5
      vertex 18 6.56 0
      vertex 17.485 6.55101 0
    endloop
  endfacet
  facet normal 0.99311 0.117184 0
    outer loop
      vertex 27.8265 0.343324 2.5
      vertex 27.7861 0.685706 0
      vertex 27.7861 0.685706 2.5
    endloop
  endfacet
  facet normal 0.99311 0.117184 0
    outer loop
      vertex 27.7861 0.685706 0
      vertex 27.8265 0.343324 2.5
      vertex 27.8265 0.343324 0
    endloop
  endfacet
  facet normal 0.999228 0.0392911 0
    outer loop
      vertex 27.84 0 2.5
      vertex 27.8265 0.343324 0
      vertex 27.8265 0.343324 2.5
    endloop
  endfacet
  facet normal 0.999228 0.0392911 0
    outer loop
      vertex 27.8265 0.343324 0
      vertex 27.84 0 2.5
      vertex 27.84 0 0
    endloop
  endfacet
  facet normal 0.981077 0.19362 0
    outer loop
      vertex 27.7861 0.685706 2.5
      vertex 27.7189 1.02621 0
      vertex 27.7189 1.02621 2.5
    endloop
  endfacet
  facet normal 0.981077 0.19362 0
    outer loop
      vertex 27.7189 1.02621 0
      vertex 27.7861 0.685706 2.5
      vertex 27.7861 0.685706 0
    endloop
  endfacet
  facet normal -0.963461 -0.267848 0
    outer loop
      vertex 8.37503 -1.3639 0
      vertex 8.28115 -1.02621 2.5
      vertex 8.28115 -1.02621 0
    endloop
  endfacet
  facet normal -0.963461 -0.267848 0
    outer loop
      vertex 8.28115 -1.02621 2.5
      vertex 8.37503 -1.3639 0
      vertex 8.37503 -1.3639 2.5
    endloop
  endfacet
  facet normal 0.45542 0.890277 -0
    outer loop
      vertex 24.1925 5.09808 0
      vertex 23.7838 5.30715 2.5
      vertex 24.1925 5.09808 2.5
    endloop
  endfacet
  facet normal 0.45542 0.890277 0
    outer loop
      vertex 23.7838 5.30715 2.5
      vertex 24.1925 5.09808 0
      vertex 23.7838 5.30715 0
    endloop
  endfacet
  facet normal -0.0524007 -0.998626 0
    outer loop
      vertex 16.9714 -6.52406 0
      vertex 17.485 -6.55101 2.5
      vertex 16.9714 -6.52406 2.5
    endloop
  endfacet
  facet normal -0.0524007 -0.998626 -0
    outer loop
      vertex 17.485 -6.55101 2.5
      vertex 16.9714 -6.52406 0
      vertex 17.485 -6.55101 0
    endloop
  endfacet
  facet normal 0.913869 0.40601 0
    outer loop
      vertex 27.5047 1.69785 2.5
      vertex 27.3584 2.02715 0
      vertex 27.3584 2.02715 2.5
    endloop
  endfacet
  facet normal 0.913869 0.40601 0
    outer loop
      vertex 27.3584 2.02715 0
      vertex 27.5047 1.69785 2.5
      vertex 27.5047 1.69785 0
    endloop
  endfacet
  facet normal 0.883101 -0.469183 0
    outer loop
      vertex 27.1864 -2.35089 2.5
      vertex 27.3584 -2.02715 0
      vertex 27.3584 -2.02715 2.5
    endloop
  endfacet
  facet normal 0.883101 -0.469183 0
    outer loop
      vertex 27.3584 -2.02715 0
      vertex 27.1864 -2.35089 2.5
      vertex 27.1864 -2.35089 0
    endloop
  endfacet
  facet normal -0.266154 0.96393 0
    outer loop
      vertex 14.4737 6.12429 0
      vertex 13.9977 5.99286 2.5
      vertex 14.4737 6.12429 2.5
    endloop
  endfacet
  facet normal -0.266154 0.96393 0
    outer loop
      vertex 13.9977 5.99286 2.5
      vertex 14.4737 6.12429 0
      vertex 13.9977 5.99286 0
    endloop
  endfacet
  facet normal -0.615284 -0.788306 0
    outer loop
      vertex 10.3529 -4.12834 0
      vertex 10.6875 -4.3895 2.5
      vertex 10.3529 -4.12834 2.5
    endloop
  endfacet
  facet normal -0.615284 -0.788306 -0
    outer loop
      vertex 10.6875 -4.3895 2.5
      vertex 10.3529 -4.12834 0
      vertex 10.6875 -4.3895 0
    endloop
  endfacet
  facet normal 0.813263 0.581896 0
    outer loop
      vertex 26.9893 2.66819 2.5
      vertex 26.7675 2.97818 0
      vertex 26.7675 2.97818 2.5
    endloop
  endfacet
  facet normal 0.813263 0.581896 0
    outer loop
      vertex 26.7675 2.97818 0
      vertex 26.9893 2.66819 2.5
      vertex 26.9893 2.66819 0
    endloop
  endfacet
  facet normal -0.993103 -0.117241 0
    outer loop
      vertex 8.21391 -0.685706 0
      vertex 8.17349 -0.343324 2.5
      vertex 8.17349 -0.343324 0
    endloop
  endfacet
  facet normal -0.993103 -0.117241 0
    outer loop
      vertex 8.17349 -0.343324 2.5
      vertex 8.21391 -0.685706 0
      vertex 8.21391 -0.685706 2.5
    endloop
  endfacet
  facet normal 0.999228 -0.0392911 0
    outer loop
      vertex 27.8265 -0.343324 2.5
      vertex 27.84 0 0
      vertex 27.84 0 2.5
    endloop
  endfacet
  facet normal 0.999228 -0.0392911 0
    outer loop
      vertex 27.84 0 0
      vertex 27.8265 -0.343324 2.5
      vertex 27.8265 -0.343324 0
    endloop
  endfacet
  facet normal 0.122598 0.992456 -0
    outer loop
      vertex 20.0459 6.41665 0
      vertex 19.5393 6.47923 2.5
      vertex 20.0459 6.41665 2.5
    endloop
  endfacet
  facet normal 0.122598 0.992456 0
    outer loop
      vertex 19.5393 6.47923 2.5
      vertex 20.0459 6.41665 0
      vertex 19.5393 6.47923 0
    endloop
  endfacet
  facet normal 0.940817 -0.338914 0
    outer loop
      vertex 27.5047 -1.69785 2.5
      vertex 27.625 -1.3639 0
      vertex 27.625 -1.3639 2.5
    endloop
  endfacet
  facet normal 0.940817 -0.338914 0
    outer loop
      vertex 27.625 -1.3639 0
      vertex 27.5047 -1.69785 2.5
      vertex 27.5047 -1.69785 0
    endloop
  endfacet
  facet normal -0.655869 -0.754874 0
    outer loop
      vertex 10.0393 -3.85587 0
      vertex 10.3529 -4.12834 2.5
      vertex 10.0393 -3.85587 2.5
    endloop
  endfacet
  facet normal -0.655869 -0.754874 -0
    outer loop
      vertex 10.3529 -4.12834 2.5
      vertex 10.0393 -3.85587 0
      vertex 10.3529 -4.12834 0
    endloop
  endfacet
  facet normal 0.574855 -0.818255 0
    outer loop
      vertex 24.9579 -4.63862 0
      vertex 25.3125 -4.3895 2.5
      vertex 24.9579 -4.63862 2.5
    endloop
  endfacet
  facet normal 0.574855 -0.818255 0
    outer loop
      vertex 25.3125 -4.3895 2.5
      vertex 24.9579 -4.63862 0
      vertex 25.3125 -4.3895 0
    endloop
  endfacet
  facet normal 0.0174537 -0.999848 0
    outer loop
      vertex 18 -6.56 0
      vertex 18.515 -6.55101 2.5
      vertex 18 -6.56 2.5
    endloop
  endfacet
  facet normal 0.0174537 -0.999848 0
    outer loop
      vertex 18.515 -6.55101 2.5
      vertex 18 -6.56 0
      vertex 18.515 -6.55101 0
    endloop
  endfacet
  facet normal -0.981055 0.193731 0
    outer loop
      vertex 8.21391 0.685706 0
      vertex 8.28115 1.02621 2.5
      vertex 8.28115 1.02621 0
    endloop
  endfacet
  facet normal -0.981055 0.193731 0
    outer loop
      vertex 8.28115 1.02621 2.5
      vertex 8.21391 0.685706 0
      vertex 8.21391 0.685706 2.5
    endloop
  endfacet
  facet normal 0.775395 -0.631476 0
    outer loop
      vertex 26.5217 -3.28 2.5
      vertex 26.7675 -2.97818 0
      vertex 26.7675 -2.97818 2.5
    endloop
  endfacet
  facet normal 0.775395 -0.631476 0
    outer loop
      vertex 26.7675 -2.97818 0
      vertex 26.5217 -3.28 2.5
      vertex 26.5217 -3.28 0
    endloop
  endfacet
  facet normal 0.736186 0.676779 0
    outer loop
      vertex 26.5217 3.28 2.5
      vertex 26.2525 3.57283 0
      vertex 26.2525 3.57283 2.5
    endloop
  endfacet
  facet normal 0.736186 0.676779 0
    outer loop
      vertex 26.2525 3.57283 0
      vertex 26.5217 3.28 2.5
      vertex 26.5217 3.28 0
    endloop
  endfacet
  facet normal 0.736186 -0.676779 0
    outer loop
      vertex 26.2525 -3.57283 2.5
      vertex 26.5217 -3.28 0
      vertex 26.5217 -3.28 2.5
    endloop
  endfacet
  facet normal 0.736186 -0.676779 0
    outer loop
      vertex 26.5217 -3.28 0
      vertex 26.2525 -3.57283 2.5
      vertex 26.2525 -3.57283 0
    endloop
  endfacet
  facet normal 0.963446 0.267901 0
    outer loop
      vertex 27.7189 1.02621 2.5
      vertex 27.625 1.3639 0
      vertex 27.625 1.3639 2.5
    endloop
  endfacet
  facet normal 0.963446 0.267901 0
    outer loop
      vertex 27.625 1.3639 0
      vertex 27.7189 1.02621 2.5
      vertex 27.7189 1.02621 0
    endloop
  endfacet
  facet normal 0.849454 0.527663 0
    outer loop
      vertex 27.1864 2.35089 2.5
      vertex 26.9893 2.66819 0
      vertex 26.9893 2.66819 2.5
    endloop
  endfacet
  facet normal 0.849454 0.527663 0
    outer loop
      vertex 26.9893 2.66819 0
      vertex 27.1864 2.35089 2.5
      vertex 27.1864 2.35089 0
    endloop
  endfacet
  facet normal 0.266154 0.96393 -0
    outer loop
      vertex 22.0023 5.99286 0
      vertex 21.5263 6.12429 2.5
      vertex 22.0023 5.99286 2.5
    endloop
  endfacet
  facet normal 0.266154 0.96393 0
    outer loop
      vertex 21.5263 6.12429 2.5
      vertex 22.0023 5.99286 0
      vertex 21.5263 6.12429 0
    endloop
  endfacet
  facet normal 0.193747 0.981051 -0
    outer loop
      vertex 21.0407 6.23893 0
      vertex 20.5468 6.33647 2.5
      vertex 21.0407 6.23893 2.5
    endloop
  endfacet
  facet normal 0.193747 0.981051 0
    outer loop
      vertex 20.5468 6.33647 2.5
      vertex 21.0407 6.23893 0
      vertex 20.5468 6.33647 0
    endloop
  endfacet
  facet normal -0.534622 0.845092 0
    outer loop
      vertex 11.4158 4.87503 0
      vertex 11.0421 4.63862 2.5
      vertex 11.4158 4.87503 2.5
    endloop
  endfacet
  facet normal -0.534622 0.845092 0
    outer loop
      vertex 11.0421 4.63862 2.5
      vertex 11.4158 4.87503 0
      vertex 11.0421 4.63862 0
    endloop
  endfacet
  facet normal -0.378231 -0.925711 0
    outer loop
      vertex 12.6408 -5.50168 0
      vertex 13.08 -5.68113 2.5
      vertex 12.6408 -5.50168 2.5
    endloop
  endfacet
  facet normal -0.378231 -0.925711 -0
    outer loop
      vertex 13.08 -5.68113 2.5
      vertex 12.6408 -5.50168 0
      vertex 13.08 -5.68113 0
    endloop
  endfacet
  facet normal -0.416516 0.909128 0
    outer loop
      vertex 12.6408 5.50168 0
      vertex 12.2162 5.30715 2.5
      vertex 12.6408 5.50168 2.5
    endloop
  endfacet
  facet normal -0.416516 0.909128 0
    outer loop
      vertex 12.2162 5.30715 2.5
      vertex 12.6408 5.50168 0
      vertex 12.2162 5.30715 0
    endloop
  endfacet
  facet normal -0.122598 -0.992456 0
    outer loop
      vertex 15.9541 -6.41665 0
      vertex 16.4607 -6.47923 2.5
      vertex 15.9541 -6.41665 2.5
    endloop
  endfacet
  facet normal -0.122598 -0.992456 -0
    outer loop
      vertex 16.4607 -6.47923 2.5
      vertex 15.9541 -6.41665 0
      vertex 16.4607 -6.47923 0
    endloop
  endfacet
  facet normal 0.534622 0.845092 -0
    outer loop
      vertex 24.9579 4.63862 0
      vertex 24.5842 4.87503 2.5
      vertex 24.9579 4.63862 2.5
    endloop
  endfacet
  facet normal 0.534622 0.845092 0
    outer loop
      vertex 24.5842 4.87503 2.5
      vertex 24.9579 4.63862 0
      vertex 24.5842 4.87503 0
    endloop
  endfacet
  facet normal 0.494836 0.868986 -0
    outer loop
      vertex 24.5842 4.87503 0
      vertex 24.1925 5.09808 2.5
      vertex 24.5842 4.87503 2.5
    endloop
  endfacet
  facet normal 0.494836 0.868986 0
    outer loop
      vertex 24.1925 5.09808 2.5
      vertex 24.5842 4.87503 0
      vertex 24.1925 5.09808 0
    endloop
  endfacet
  facet normal 0.229763 -0.973247 0
    outer loop
      vertex 21.0407 -6.23893 0
      vertex 21.5263 -6.12429 2.5
      vertex 21.0407 -6.23893 2.5
    endloop
  endfacet
  facet normal 0.229763 -0.973247 0
    outer loop
      vertex 21.5263 -6.12429 2.5
      vertex 21.0407 -6.23893 0
      vertex 21.5263 -6.12429 0
    endloop
  endfacet
  facet normal 0.266154 -0.96393 0
    outer loop
      vertex 21.5263 -6.12429 0
      vertex 22.0023 -5.99286 2.5
      vertex 21.5263 -6.12429 2.5
    endloop
  endfacet
  facet normal 0.266154 -0.96393 0
    outer loop
      vertex 22.0023 -5.99286 2.5
      vertex 21.5263 -6.12429 0
      vertex 22.0023 -5.99286 0
    endloop
  endfacet
  facet normal -0.534622 -0.845092 0
    outer loop
      vertex 11.0421 -4.63862 0
      vertex 11.4158 -4.87503 2.5
      vertex 11.0421 -4.63862 2.5
    endloop
  endfacet
  facet normal -0.534622 -0.845092 -0
    outer loop
      vertex 11.4158 -4.87503 2.5
      vertex 11.0421 -4.63862 0
      vertex 11.4158 -4.87503 0
    endloop
  endfacet
  facet normal 0.775395 0.631476 0
    outer loop
      vertex 26.7675 2.97818 2.5
      vertex 26.5217 3.28 0
      vertex 26.5217 3.28 2.5
    endloop
  endfacet
  facet normal 0.775395 0.631476 0
    outer loop
      vertex 26.5217 3.28 0
      vertex 26.7675 2.97818 2.5
      vertex 26.7675 2.97818 0
    endloop
  endfacet
  facet normal -0.266154 -0.96393 0
    outer loop
      vertex 13.9977 -5.99286 0
      vertex 14.4737 -6.12429 2.5
      vertex 13.9977 -5.99286 2.5
    endloop
  endfacet
  facet normal -0.266154 -0.96393 -0
    outer loop
      vertex 14.4737 -6.12429 2.5
      vertex 13.9977 -5.99286 0
      vertex 14.4737 -6.12429 0
    endloop
  endfacet
  facet normal -0.813276 -0.581878 0
    outer loop
      vertex 9.2325 -2.97818 0
      vertex 9.01071 -2.66819 2.5
      vertex 9.01071 -2.66819 0
    endloop
  endfacet
  facet normal -0.813276 -0.581878 0
    outer loop
      vertex 9.01071 -2.66819 2.5
      vertex 9.2325 -2.97818 0
      vertex 9.2325 -2.97818 2.5
    endloop
  endfacet
  facet normal 0.615284 -0.788306 0
    outer loop
      vertex 25.3125 -4.3895 0
      vertex 25.6471 -4.12834 2.5
      vertex 25.3125 -4.3895 2.5
    endloop
  endfacet
  facet normal 0.615284 -0.788306 0
    outer loop
      vertex 25.6471 -4.12834 2.5
      vertex 25.3125 -4.3895 0
      vertex 25.6471 -4.12834 0
    endloop
  endfacet
  facet normal 0.655869 0.754874 -0
    outer loop
      vertex 25.9607 3.85587 0
      vertex 25.6471 4.12834 2.5
      vertex 25.9607 3.85587 2.5
    endloop
  endfacet
  facet normal 0.655869 0.754874 0
    outer loop
      vertex 25.6471 4.12834 2.5
      vertex 25.9607 3.85587 0
      vertex 25.6471 4.12834 0
    endloop
  endfacet
  facet normal 0.981077 -0.19362 0
    outer loop
      vertex 27.7189 -1.02621 2.5
      vertex 27.7861 -0.685706 0
      vertex 27.7861 -0.685706 2.5
    endloop
  endfacet
  facet normal 0.981077 -0.19362 0
    outer loop
      vertex 27.7861 -0.685706 0
      vertex 27.7189 -1.02621 2.5
      vertex 27.7189 -1.02621 0
    endloop
  endfacet
  facet normal -0.0874452 0.996169 0
    outer loop
      vertex 16.9714 6.52406 0
      vertex 16.4607 6.47923 2.5
      vertex 16.9714 6.52406 2.5
    endloop
  endfacet
  facet normal -0.0874452 0.996169 0
    outer loop
      vertex 16.4607 6.47923 2.5
      vertex 16.9714 6.52406 0
      vertex 16.4607 6.47923 0
    endloop
  endfacet
  facet normal -0.122598 0.992456 0
    outer loop
      vertex 16.4607 6.47923 0
      vertex 15.9541 6.41665 2.5
      vertex 16.4607 6.47923 2.5
    endloop
  endfacet
  facet normal -0.122598 0.992456 0
    outer loop
      vertex 15.9541 6.41665 2.5
      vertex 16.4607 6.47923 0
      vertex 15.9541 6.41665 0
    endloop
  endfacet
  facet normal 0.229763 0.973247 -0
    outer loop
      vertex 21.5263 6.12429 0
      vertex 21.0407 6.23893 2.5
      vertex 21.5263 6.12429 2.5
    endloop
  endfacet
  facet normal 0.229763 0.973247 0
    outer loop
      vertex 21.0407 6.23893 2.5
      vertex 21.5263 6.12429 0
      vertex 21.0407 6.23893 0
    endloop
  endfacet
  facet normal -0.940853 -0.338814 0
    outer loop
      vertex 8.49529 -1.69785 0
      vertex 8.37503 -1.3639 2.5
      vertex 8.37503 -1.3639 0
    endloop
  endfacet
  facet normal -0.940853 -0.338814 0
    outer loop
      vertex 8.37503 -1.3639 2.5
      vertex 8.49529 -1.69785 0
      vertex 8.49529 -1.69785 2.5
    endloop
  endfacet
  facet normal 0.574855 0.818255 -0
    outer loop
      vertex 25.3125 4.3895 0
      vertex 24.9579 4.63862 2.5
      vertex 25.3125 4.3895 2.5
    endloop
  endfacet
  facet normal 0.574855 0.818255 0
    outer loop
      vertex 24.9579 4.63862 2.5
      vertex 25.3125 4.3895 0
      vertex 24.9579 4.63862 0
    endloop
  endfacet
  facet normal 0.99311 -0.117184 0
    outer loop
      vertex 27.7861 -0.685706 2.5
      vertex 27.8265 -0.343324 0
      vertex 27.8265 -0.343324 2.5
    endloop
  endfacet
  facet normal 0.99311 -0.117184 0
    outer loop
      vertex 27.8265 -0.343324 0
      vertex 27.7861 -0.685706 2.5
      vertex 27.7861 -0.685706 0
    endloop
  endfacet
  facet normal -0.45542 0.890277 0
    outer loop
      vertex 12.2162 5.30715 0
      vertex 11.8075 5.09808 2.5
      vertex 12.2162 5.30715 2.5
    endloop
  endfacet
  facet normal -0.45542 0.890277 0
    outer loop
      vertex 11.8075 5.09808 2.5
      vertex 12.2162 5.30715 0
      vertex 11.8075 5.09808 0
    endloop
  endfacet
  facet normal 0.378231 -0.925711 0
    outer loop
      vertex 22.92 -5.68113 0
      vertex 23.3592 -5.50168 2.5
      vertex 22.92 -5.68113 2.5
    endloop
  endfacet
  facet normal 0.378231 -0.925711 0
    outer loop
      vertex 23.3592 -5.50168 2.5
      vertex 22.92 -5.68113 0
      vertex 23.3592 -5.50168 0
    endloop
  endfacet
  facet normal 0.0874452 -0.996169 0
    outer loop
      vertex 19.0286 -6.52406 0
      vertex 19.5393 -6.47923 2.5
      vertex 19.0286 -6.52406 2.5
    endloop
  endfacet
  facet normal 0.0874452 -0.996169 0
    outer loop
      vertex 19.5393 -6.47923 2.5
      vertex 19.0286 -6.52406 0
      vertex 19.5393 -6.47923 0
    endloop
  endfacet
  facet normal -0.775383 -0.631492 0
    outer loop
      vertex 9.47831 -3.28 0
      vertex 9.2325 -2.97818 2.5
      vertex 9.2325 -2.97818 0
    endloop
  endfacet
  facet normal -0.775383 -0.631492 0
    outer loop
      vertex 9.2325 -2.97818 2.5
      vertex 9.47831 -3.28 0
      vertex 9.47831 -3.28 2.5
    endloop
  endfacet
  facet normal -0.0174537 -0.999848 0
    outer loop
      vertex 17.485 -6.55101 0
      vertex 18 -6.56 2.5
      vertex 17.485 -6.55101 2.5
    endloop
  endfacet
  facet normal -0.0174537 -0.999848 -0
    outer loop
      vertex 18 -6.56 2.5
      vertex 17.485 -6.55101 0
      vertex 18 -6.56 0
    endloop
  endfacet
  facet normal -0.775383 0.631492 0
    outer loop
      vertex 9.2325 2.97818 0
      vertex 9.47831 3.28 2.5
      vertex 9.47831 3.28 0
    endloop
  endfacet
  facet normal -0.775383 0.631492 0
    outer loop
      vertex 9.47831 3.28 2.5
      vertex 9.2325 2.97818 0
      vertex 9.2325 2.97818 2.5
    endloop
  endfacet
  facet normal 0.913869 -0.40601 0
    outer loop
      vertex 27.3584 -2.02715 2.5
      vertex 27.5047 -1.69785 0
      vertex 27.5047 -1.69785 2.5
    endloop
  endfacet
  facet normal 0.913869 -0.40601 0
    outer loop
      vertex 27.5047 -1.69785 0
      vertex 27.3584 -2.02715 2.5
      vertex 27.3584 -2.02715 0
    endloop
  endfacet
  facet normal 0.0524007 -0.998626 0
    outer loop
      vertex 18.515 -6.55101 0
      vertex 19.0286 -6.52406 2.5
      vertex 18.515 -6.55101 2.5
    endloop
  endfacet
  facet normal 0.0524007 -0.998626 0
    outer loop
      vertex 19.0286 -6.52406 2.5
      vertex 18.515 -6.55101 0
      vertex 19.0286 -6.52406 0
    endloop
  endfacet
  facet normal 0.416516 -0.909128 0
    outer loop
      vertex 23.3592 -5.50168 0
      vertex 23.7838 -5.30715 2.5
      vertex 23.3592 -5.50168 2.5
    endloop
  endfacet
  facet normal 0.416516 -0.909128 0
    outer loop
      vertex 23.7838 -5.30715 2.5
      vertex 23.3592 -5.50168 0
      vertex 23.7838 -5.30715 0
    endloop
  endfacet
  facet normal -0.999229 0.039262 0
    outer loop
      vertex 8.16 0 0
      vertex 8.17349 0.343324 2.5
      vertex 8.17349 0.343324 0
    endloop
  endfacet
  facet normal -0.999229 0.039262 0
    outer loop
      vertex 8.17349 0.343324 2.5
      vertex 8.16 0 0
      vertex 8.16 0 2.5
    endloop
  endfacet
  facet normal -0.999229 -0.039262 0
    outer loop
      vertex 8.17349 -0.343324 0
      vertex 8.16 0 2.5
      vertex 8.16 0 0
    endloop
  endfacet
  facet normal -0.999229 -0.039262 0
    outer loop
      vertex 8.16 0 2.5
      vertex 8.17349 -0.343324 0
      vertex 8.17349 -0.343324 2.5
    endloop
  endfacet
  facet normal 0.15806 -0.98743 0
    outer loop
      vertex 20.0459 -6.41665 0
      vertex 20.5468 -6.33647 2.5
      vertex 20.0459 -6.41665 2.5
    endloop
  endfacet
  facet normal 0.15806 -0.98743 0
    outer loop
      vertex 20.5468 -6.33647 2.5
      vertex 20.0459 -6.41665 0
      vertex 20.5468 -6.33647 0
    endloop
  endfacet
  facet normal -0.883135 -0.469119 0
    outer loop
      vertex 8.81357 -2.35089 0
      vertex 8.6416 -2.02715 2.5
      vertex 8.6416 -2.02715 0
    endloop
  endfacet
  facet normal -0.883135 -0.469119 0
    outer loop
      vertex 8.6416 -2.02715 2.5
      vertex 8.81357 -2.35089 0
      vertex 8.81357 -2.35089 2.5
    endloop
  endfacet
  facet normal 0.883101 0.469183 0
    outer loop
      vertex 27.3584 2.02715 2.5
      vertex 27.1864 2.35089 0
      vertex 27.1864 2.35089 2.5
    endloop
  endfacet
  facet normal 0.883101 0.469183 0
    outer loop
      vertex 27.1864 2.35089 0
      vertex 27.3584 2.02715 2.5
      vertex 27.3584 2.02715 0
    endloop
  endfacet
  facet normal -0.981055 -0.193731 0
    outer loop
      vertex 8.28115 -1.02621 0
      vertex 8.21391 -0.685706 2.5
      vertex 8.21391 -0.685706 0
    endloop
  endfacet
  facet normal -0.981055 -0.193731 0
    outer loop
      vertex 8.21391 -0.685706 2.5
      vertex 8.28115 -1.02621 0
      vertex 8.28115 -1.02621 2.5
    endloop
  endfacet
  facet normal -0.574855 0.818255 0
    outer loop
      vertex 11.0421 4.63862 0
      vertex 10.6875 4.3895 2.5
      vertex 11.0421 4.63862 2.5
    endloop
  endfacet
  facet normal -0.574855 0.818255 0
    outer loop
      vertex 10.6875 4.3895 2.5
      vertex 11.0421 4.63862 0
      vertex 10.6875 4.3895 0
    endloop
  endfacet
  facet normal 0.303028 0.952982 -0
    outer loop
      vertex 22.4673 5.845 0
      vertex 22.0023 5.99286 2.5
      vertex 22.4673 5.845 2.5
    endloop
  endfacet
  facet normal 0.303028 0.952982 0
    outer loop
      vertex 22.0023 5.99286 2.5
      vertex 22.4673 5.845 0
      vertex 22.0023 5.99286 0
    endloop
  endfacet
  facet normal 0.655869 -0.754874 0
    outer loop
      vertex 25.6471 -4.12834 0
      vertex 25.9607 -3.85587 2.5
      vertex 25.6471 -4.12834 2.5
    endloop
  endfacet
  facet normal 0.655869 -0.754874 0
    outer loop
      vertex 25.9607 -3.85587 2.5
      vertex 25.6471 -4.12834 0
      vertex 25.9607 -3.85587 0
    endloop
  endfacet
  facet normal 0.378231 0.925711 -0
    outer loop
      vertex 23.3592 5.50168 0
      vertex 22.92 5.68113 2.5
      vertex 23.3592 5.50168 2.5
    endloop
  endfacet
  facet normal 0.378231 0.925711 0
    outer loop
      vertex 22.92 5.68113 2.5
      vertex 23.3592 5.50168 0
      vertex 22.92 5.68113 0
    endloop
  endfacet
  facet normal 0.940817 0.338914 0
    outer loop
      vertex 27.625 1.3639 2.5
      vertex 27.5047 1.69785 0
      vertex 27.5047 1.69785 2.5
    endloop
  endfacet
  facet normal 0.940817 0.338914 0
    outer loop
      vertex 27.5047 1.69785 0
      vertex 27.625 1.3639 2.5
      vertex 27.625 1.3639 0
    endloop
  endfacet
  facet normal -0.655869 0.754874 0
    outer loop
      vertex 10.3529 4.12834 0
      vertex 10.0393 3.85587 2.5
      vertex 10.3529 4.12834 2.5
    endloop
  endfacet
  facet normal -0.655869 0.754874 0
    outer loop
      vertex 10.0393 3.85587 2.5
      vertex 10.3529 4.12834 0
      vertex 10.0393 3.85587 0
    endloop
  endfacet
  facet normal 0.34037 -0.940292 0
    outer loop
      vertex 22.4673 -5.845 0
      vertex 22.92 -5.68113 2.5
      vertex 22.4673 -5.845 2.5
    endloop
  endfacet
  facet normal 0.34037 -0.940292 0
    outer loop
      vertex 22.92 -5.68113 2.5
      vertex 22.4673 -5.845 0
      vertex 22.92 -5.68113 0
    endloop
  endfacet
  facet normal -0.494836 -0.868986 0
    outer loop
      vertex 11.4158 -4.87503 0
      vertex 11.8075 -5.09808 2.5
      vertex 11.4158 -4.87503 2.5
    endloop
  endfacet
  facet normal -0.494836 -0.868986 -0
    outer loop
      vertex 11.8075 -5.09808 2.5
      vertex 11.4158 -4.87503 0
      vertex 11.8075 -5.09808 0
    endloop
  endfacet
  facet normal 0.0174537 0.999848 -0
    outer loop
      vertex 18.515 6.55101 0
      vertex 18 6.56 2.5
      vertex 18.515 6.55101 2.5
    endloop
  endfacet
  facet normal 0.0174537 0.999848 0
    outer loop
      vertex 18 6.56 2.5
      vertex 18.515 6.55101 0
      vertex 18 6.56 0
    endloop
  endfacet
  facet normal 0.34037 0.940292 -0
    outer loop
      vertex 22.92 5.68113 0
      vertex 22.4673 5.845 2.5
      vertex 22.92 5.68113 2.5
    endloop
  endfacet
  facet normal 0.34037 0.940292 0
    outer loop
      vertex 22.4673 5.845 2.5
      vertex 22.92 5.68113 0
      vertex 22.4673 5.845 0
    endloop
  endfacet
  facet normal 0.193747 -0.981051 0
    outer loop
      vertex 20.5468 -6.33647 0
      vertex 21.0407 -6.23893 2.5
      vertex 20.5468 -6.33647 2.5
    endloop
  endfacet
  facet normal 0.193747 -0.981051 0
    outer loop
      vertex 21.0407 -6.23893 2.5
      vertex 20.5468 -6.33647 0
      vertex 21.0407 -6.23893 0
    endloop
  endfacet
  facet normal -0.615284 0.788306 0
    outer loop
      vertex 10.6875 4.3895 0
      vertex 10.3529 4.12834 2.5
      vertex 10.6875 4.3895 2.5
    endloop
  endfacet
  facet normal -0.615284 0.788306 0
    outer loop
      vertex 10.3529 4.12834 2.5
      vertex 10.6875 4.3895 0
      vertex 10.3529 4.12834 0
    endloop
  endfacet
  facet normal -0.849406 0.52774 0
    outer loop
      vertex 8.81357 2.35089 0
      vertex 9.01071 2.66819 2.5
      vertex 9.01071 2.66819 0
    endloop
  endfacet
  facet normal -0.849406 0.52774 0
    outer loop
      vertex 9.01071 2.66819 2.5
      vertex 8.81357 2.35089 0
      vertex 8.81357 2.35089 2.5
    endloop
  endfacet
  facet normal -0.883135 0.469119 0
    outer loop
      vertex 8.6416 2.02715 0
      vertex 8.81357 2.35089 2.5
      vertex 8.81357 2.35089 0
    endloop
  endfacet
  facet normal -0.883135 0.469119 0
    outer loop
      vertex 8.81357 2.35089 2.5
      vertex 8.6416 2.02715 0
      vertex 8.6416 2.02715 2.5
    endloop
  endfacet
  facet normal 0.0524007 0.998626 -0
    outer loop
      vertex 19.0286 6.52406 0
      vertex 18.515 6.55101 2.5
      vertex 19.0286 6.52406 2.5
    endloop
  endfacet
  facet normal 0.0524007 0.998626 0
    outer loop
      vertex 18.515 6.55101 2.5
      vertex 19.0286 6.52406 0
      vertex 18.515 6.55101 0
    endloop
  endfacet
  facet normal -0.993103 0.117241 0
    outer loop
      vertex 8.17349 0.343324 0
      vertex 8.21391 0.685706 2.5
      vertex 8.21391 0.685706 0
    endloop
  endfacet
  facet normal -0.993103 0.117241 0
    outer loop
      vertex 8.21391 0.685706 2.5
      vertex 8.17349 0.343324 0
      vertex 8.17349 0.343324 2.5
    endloop
  endfacet
  facet normal 0.69625 0.717799 -0
    outer loop
      vertex 26.2525 3.57283 0
      vertex 25.9607 3.85587 2.5
      vertex 26.2525 3.57283 2.5
    endloop
  endfacet
  facet normal 0.69625 0.717799 0
    outer loop
      vertex 25.9607 3.85587 2.5
      vertex 26.2525 3.57283 0
      vertex 25.9607 3.85587 0
    endloop
  endfacet
  facet normal 0.849454 -0.527663 0
    outer loop
      vertex 26.9893 -2.66819 2.5
      vertex 27.1864 -2.35089 0
      vertex 27.1864 -2.35089 2.5
    endloop
  endfacet
  facet normal 0.849454 -0.527663 0
    outer loop
      vertex 27.1864 -2.35089 0
      vertex 26.9893 -2.66819 2.5
      vertex 26.9893 -2.66819 0
    endloop
  endfacet
  facet normal -0.696226 -0.717823 0
    outer loop
      vertex 9.74748 -3.57283 0
      vertex 10.0393 -3.85587 2.5
      vertex 9.74748 -3.57283 2.5
    endloop
  endfacet
  facet normal -0.696226 -0.717823 -0
    outer loop
      vertex 10.0393 -3.85587 2.5
      vertex 9.74748 -3.57283 0
      vertex 10.0393 -3.85587 0
    endloop
  endfacet
  facet normal 0.416516 0.909128 -0
    outer loop
      vertex 23.7838 5.30715 0
      vertex 23.3592 5.50168 2.5
      vertex 23.7838 5.30715 2.5
    endloop
  endfacet
  facet normal 0.416516 0.909128 0
    outer loop
      vertex 23.3592 5.50168 2.5
      vertex 23.7838 5.30715 0
      vertex 23.3592 5.50168 0
    endloop
  endfacet
  facet normal 0.0874452 0.996169 -0
    outer loop
      vertex 19.5393 6.47923 0
      vertex 19.0286 6.52406 2.5
      vertex 19.5393 6.47923 2.5
    endloop
  endfacet
  facet normal 0.0874452 0.996169 0
    outer loop
      vertex 19.0286 6.52406 2.5
      vertex 19.5393 6.47923 0
      vertex 19.0286 6.52406 0
    endloop
  endfacet
  facet normal -0.494836 0.868986 0
    outer loop
      vertex 11.8075 5.09808 0
      vertex 11.4158 4.87503 2.5
      vertex 11.8075 5.09808 2.5
    endloop
  endfacet
  facet normal -0.494836 0.868986 0
    outer loop
      vertex 11.4158 4.87503 2.5
      vertex 11.8075 5.09808 0
      vertex 11.4158 4.87503 0
    endloop
  endfacet
  facet normal 0.534622 -0.845092 0
    outer loop
      vertex 24.5842 -4.87503 0
      vertex 24.9579 -4.63862 2.5
      vertex 24.5842 -4.87503 2.5
    endloop
  endfacet
  facet normal 0.534622 -0.845092 0
    outer loop
      vertex 24.9579 -4.63862 2.5
      vertex 24.5842 -4.87503 0
      vertex 24.9579 -4.63862 0
    endloop
  endfacet
  facet normal -0.229763 0.973247 0
    outer loop
      vertex 14.9593 6.23893 0
      vertex 14.4737 6.12429 2.5
      vertex 14.9593 6.23893 2.5
    endloop
  endfacet
  facet normal -0.229763 0.973247 0
    outer loop
      vertex 14.4737 6.12429 2.5
      vertex 14.9593 6.23893 0
      vertex 14.4737 6.12429 0
    endloop
  endfacet
  facet normal -0.574855 -0.818255 0
    outer loop
      vertex 10.6875 -4.3895 0
      vertex 11.0421 -4.63862 2.5
      vertex 10.6875 -4.3895 2.5
    endloop
  endfacet
  facet normal -0.574855 -0.818255 -0
    outer loop
      vertex 11.0421 -4.63862 2.5
      vertex 10.6875 -4.3895 0
      vertex 11.0421 -4.63862 0
    endloop
  endfacet
  facet normal -0.378231 0.925711 0
    outer loop
      vertex 13.08 5.68113 0
      vertex 12.6408 5.50168 2.5
      vertex 13.08 5.68113 2.5
    endloop
  endfacet
  facet normal -0.378231 0.925711 0
    outer loop
      vertex 12.6408 5.50168 2.5
      vertex 13.08 5.68113 0
      vertex 12.6408 5.50168 0
    endloop
  endfacet
  facet normal -0.0524007 0.998626 0
    outer loop
      vertex 17.485 6.55101 0
      vertex 16.9714 6.52406 2.5
      vertex 17.485 6.55101 2.5
    endloop
  endfacet
  facet normal -0.0524007 0.998626 0
    outer loop
      vertex 16.9714 6.52406 2.5
      vertex 17.485 6.55101 0
      vertex 16.9714 6.52406 0
    endloop
  endfacet
  facet normal -0.913858 0.406033 0
    outer loop
      vertex 8.49529 1.69785 0
      vertex 8.6416 2.02715 2.5
      vertex 8.6416 2.02715 0
    endloop
  endfacet
  facet normal -0.913858 0.406033 0
    outer loop
      vertex 8.6416 2.02715 2.5
      vertex 8.49529 1.69785 0
      vertex 8.49529 1.69785 2.5
    endloop
  endfacet
  facet normal -0.15806 -0.98743 0
    outer loop
      vertex 15.4532 -6.33647 0
      vertex 15.9541 -6.41665 2.5
      vertex 15.4532 -6.33647 2.5
    endloop
  endfacet
  facet normal -0.15806 -0.98743 -0
    outer loop
      vertex 15.9541 -6.41665 2.5
      vertex 15.4532 -6.33647 0
      vertex 15.9541 -6.41665 0
    endloop
  endfacet
  facet normal 0.45542 -0.890277 0
    outer loop
      vertex 23.7838 -5.30715 0
      vertex 24.1925 -5.09808 2.5
      vertex 23.7838 -5.30715 2.5
    endloop
  endfacet
  facet normal 0.45542 -0.890277 0
    outer loop
      vertex 24.1925 -5.09808 2.5
      vertex 23.7838 -5.30715 0
      vertex 24.1925 -5.09808 0
    endloop
  endfacet
  facet normal -0.229763 -0.973247 0
    outer loop
      vertex 14.4737 -6.12429 0
      vertex 14.9593 -6.23893 2.5
      vertex 14.4737 -6.12429 2.5
    endloop
  endfacet
  facet normal -0.229763 -0.973247 -0
    outer loop
      vertex 14.9593 -6.23893 2.5
      vertex 14.4737 -6.12429 0
      vertex 14.9593 -6.23893 0
    endloop
  endfacet
  facet normal 0.813263 -0.581896 0
    outer loop
      vertex 26.7675 -2.97818 2.5
      vertex 26.9893 -2.66819 0
      vertex 26.9893 -2.66819 2.5
    endloop
  endfacet
  facet normal 0.813263 -0.581896 0
    outer loop
      vertex 26.9893 -2.66819 0
      vertex 26.7675 -2.97818 2.5
      vertex 26.7675 -2.97818 0
    endloop
  endfacet
  facet normal -0.45542 -0.890277 0
    outer loop
      vertex 11.8075 -5.09808 0
      vertex 12.2162 -5.30715 2.5
      vertex 11.8075 -5.09808 2.5
    endloop
  endfacet
  facet normal -0.45542 -0.890277 -0
    outer loop
      vertex 12.2162 -5.30715 2.5
      vertex 11.8075 -5.09808 0
      vertex 12.2162 -5.30715 0
    endloop
  endfacet
  facet normal -0.416516 -0.909128 0
    outer loop
      vertex 12.2162 -5.30715 0
      vertex 12.6408 -5.50168 2.5
      vertex 12.2162 -5.30715 2.5
    endloop
  endfacet
  facet normal -0.416516 -0.909128 -0
    outer loop
      vertex 12.6408 -5.50168 2.5
      vertex 12.2162 -5.30715 0
      vertex 12.6408 -5.50168 0
    endloop
  endfacet
  facet normal 0.303028 -0.952982 0
    outer loop
      vertex 22.0023 -5.99286 0
      vertex 22.4673 -5.845 2.5
      vertex 22.0023 -5.99286 2.5
    endloop
  endfacet
  facet normal 0.303028 -0.952982 0
    outer loop
      vertex 22.4673 -5.845 2.5
      vertex 22.0023 -5.99286 0
      vertex 22.4673 -5.845 0
    endloop
  endfacet
  facet normal 0.122598 -0.992456 0
    outer loop
      vertex 19.5393 -6.47923 0
      vertex 20.0459 -6.41665 2.5
      vertex 19.5393 -6.47923 2.5
    endloop
  endfacet
  facet normal 0.122598 -0.992456 0
    outer loop
      vertex 20.0459 -6.41665 2.5
      vertex 19.5393 -6.47923 0
      vertex 20.0459 -6.41665 0
    endloop
  endfacet
  facet normal 0.69625 -0.717799 0
    outer loop
      vertex 25.9607 -3.85587 0
      vertex 26.2525 -3.57283 2.5
      vertex 25.9607 -3.85587 2.5
    endloop
  endfacet
  facet normal 0.69625 -0.717799 0
    outer loop
      vertex 26.2525 -3.57283 2.5
      vertex 25.9607 -3.85587 0
      vertex 26.2525 -3.57283 0
    endloop
  endfacet
  facet normal 0.615284 0.788306 -0
    outer loop
      vertex 25.6471 4.12834 0
      vertex 25.3125 4.3895 2.5
      vertex 25.6471 4.12834 2.5
    endloop
  endfacet
  facet normal 0.615284 0.788306 0
    outer loop
      vertex 25.3125 4.3895 2.5
      vertex 25.6471 4.12834 0
      vertex 25.3125 4.3895 0
    endloop
  endfacet
  facet normal -0.736224 0.676738 0
    outer loop
      vertex 9.47831 3.28 0
      vertex 9.74748 3.57283 2.5
      vertex 9.74748 3.57283 0
    endloop
  endfacet
  facet normal -0.736224 0.676738 0
    outer loop
      vertex 9.74748 3.57283 2.5
      vertex 9.47831 3.28 0
      vertex 9.47831 3.28 2.5
    endloop
  endfacet
  facet normal -0.849406 -0.52774 0
    outer loop
      vertex 9.01071 -2.66819 0
      vertex 8.81357 -2.35089 2.5
      vertex 8.81357 -2.35089 0
    endloop
  endfacet
  facet normal -0.849406 -0.52774 0
    outer loop
      vertex 8.81357 -2.35089 2.5
      vertex 9.01071 -2.66819 0
      vertex 9.01071 -2.66819 2.5
    endloop
  endfacet
  facet normal -0.940853 0.338814 0
    outer loop
      vertex 8.37503 1.3639 0
      vertex 8.49529 1.69785 2.5
      vertex 8.49529 1.69785 0
    endloop
  endfacet
  facet normal -0.940853 0.338814 0
    outer loop
      vertex 8.49529 1.69785 2.5
      vertex 8.37503 1.3639 0
      vertex 8.37503 1.3639 2.5
    endloop
  endfacet
  facet normal -0.34037 -0.940292 0
    outer loop
      vertex 13.08 -5.68113 0
      vertex 13.5327 -5.845 2.5
      vertex 13.08 -5.68113 2.5
    endloop
  endfacet
  facet normal -0.34037 -0.940292 -0
    outer loop
      vertex 13.5327 -5.845 2.5
      vertex 13.08 -5.68113 0
      vertex 13.5327 -5.845 0
    endloop
  endfacet
  facet normal 0.963446 -0.267901 0
    outer loop
      vertex 27.625 -1.3639 2.5
      vertex 27.7189 -1.02621 0
      vertex 27.7189 -1.02621 2.5
    endloop
  endfacet
  facet normal 0.963446 -0.267901 0
    outer loop
      vertex 27.7189 -1.02621 0
      vertex 27.625 -1.3639 2.5
      vertex 27.625 -1.3639 0
    endloop
  endfacet
  facet normal -0.34037 0.940292 0
    outer loop
      vertex 13.5327 5.845 0
      vertex 13.08 5.68113 2.5
      vertex 13.5327 5.845 2.5
    endloop
  endfacet
  facet normal -0.34037 0.940292 0
    outer loop
      vertex 13.08 5.68113 2.5
      vertex 13.5327 5.845 0
      vertex 13.08 5.68113 0
    endloop
  endfacet
  facet normal -0.15806 0.98743 0
    outer loop
      vertex 15.9541 6.41665 0
      vertex 15.4532 6.33647 2.5
      vertex 15.9541 6.41665 2.5
    endloop
  endfacet
  facet normal -0.15806 0.98743 0
    outer loop
      vertex 15.4532 6.33647 2.5
      vertex 15.9541 6.41665 0
      vertex 15.4532 6.33647 0
    endloop
  endfacet
  facet normal -0.0874452 -0.996169 0
    outer loop
      vertex 16.4607 -6.47923 0
      vertex 16.9714 -6.52406 2.5
      vertex 16.4607 -6.47923 2.5
    endloop
  endfacet
  facet normal -0.0874452 -0.996169 -0
    outer loop
      vertex 16.9714 -6.52406 2.5
      vertex 16.4607 -6.47923 0
      vertex 16.9714 -6.52406 0
    endloop
  endfacet
  facet normal 0.15806 0.98743 -0
    outer loop
      vertex 20.5468 6.33647 0
      vertex 20.0459 6.41665 2.5
      vertex 20.5468 6.33647 2.5
    endloop
  endfacet
  facet normal 0.15806 0.98743 0
    outer loop
      vertex 20.0459 6.41665 2.5
      vertex 20.5468 6.33647 0
      vertex 20.0459 6.41665 0
    endloop
  endfacet
  facet normal -0.193747 0.981051 0
    outer loop
      vertex 15.4532 6.33647 0
      vertex 14.9593 6.23893 2.5
      vertex 15.4532 6.33647 2.5
    endloop
  endfacet
  facet normal -0.193747 0.981051 0
    outer loop
      vertex 14.9593 6.23893 2.5
      vertex 15.4532 6.33647 0
      vertex 14.9593 6.23893 0
    endloop
  endfacet
  facet normal -0.193747 -0.981051 0
    outer loop
      vertex 14.9593 -6.23893 0
      vertex 15.4532 -6.33647 2.5
      vertex 14.9593 -6.23893 2.5
    endloop
  endfacet
  facet normal -0.193747 -0.981051 -0
    outer loop
      vertex 15.4532 -6.33647 2.5
      vertex 14.9593 -6.23893 0
      vertex 15.4532 -6.33647 0
    endloop
  endfacet
  facet normal -0.963461 0.267848 0
    outer loop
      vertex 8.28115 1.02621 0
      vertex 8.37503 1.3639 2.5
      vertex 8.37503 1.3639 0
    endloop
  endfacet
  facet normal -0.963461 0.267848 0
    outer loop
      vertex 8.37503 1.3639 2.5
      vertex 8.28115 1.02621 0
      vertex 8.28115 1.02621 2.5
    endloop
  endfacet
  facet normal -0.696226 0.717823 0
    outer loop
      vertex 10.0393 3.85587 0
      vertex 9.74748 3.57283 2.5
      vertex 10.0393 3.85587 2.5
    endloop
  endfacet
  facet normal -0.696226 0.717823 0
    outer loop
      vertex 9.74748 3.57283 2.5
      vertex 10.0393 3.85587 0
      vertex 9.74748 3.57283 0
    endloop
  endfacet
  facet normal -0.736224 -0.676738 0
    outer loop
      vertex 9.74748 -3.57283 0
      vertex 9.47831 -3.28 2.5
      vertex 9.47831 -3.28 0
    endloop
  endfacet
  facet normal -0.736224 -0.676738 0
    outer loop
      vertex 9.47831 -3.28 2.5
      vertex 9.74748 -3.57283 0
      vertex 9.74748 -3.57283 2.5
    endloop
  endfacet
  facet normal -0.913858 -0.406033 0
    outer loop
      vertex 8.6416 -2.02715 0
      vertex 8.49529 -1.69785 2.5
      vertex 8.49529 -1.69785 0
    endloop
  endfacet
  facet normal -0.913858 -0.406033 0
    outer loop
      vertex 8.49529 -1.69785 2.5
      vertex 8.6416 -2.02715 0
      vertex 8.6416 -2.02715 2.5
    endloop
  endfacet
  facet normal 0.494836 -0.868986 0
    outer loop
      vertex 24.1925 -5.09808 0
      vertex 24.5842 -4.87503 2.5
      vertex 24.1925 -5.09808 2.5
    endloop
  endfacet
  facet normal 0.494836 -0.868986 0
    outer loop
      vertex 24.5842 -4.87503 2.5
      vertex 24.1925 -5.09808 0
      vertex 24.5842 -4.87503 0
    endloop
  endfacet
  facet normal -0.303028 -0.952982 0
    outer loop
      vertex 13.5327 -5.845 0
      vertex 13.9977 -5.99286 2.5
      vertex 13.5327 -5.845 2.5
    endloop
  endfacet
  facet normal -0.303028 -0.952982 -0
    outer loop
      vertex 13.9977 -5.99286 2.5
      vertex 13.5327 -5.845 0
      vertex 13.9977 -5.99286 0
    endloop
  endfacet
  facet normal 0 0 1
    outer loop
      vertex 24.3 0 2.5
      vertex 27.84 0 2.5
      vertex 27.8265 0.343324 2.5
    endloop
  endfacet
  facet normal 0 0 1
    outer loop
      vertex 24.2914 0.21981 2.5
      vertex 27.8265 0.343324 2.5
      vertex 27.7861 0.685706 2.5
    endloop
  endfacet
  facet normal 0 0 1
    outer loop
      vertex 27.84 0 2.5
      vertex 24.3 0 2.5
      vertex 27.8265 -0.343324 2.5
    endloop
  endfacet
  facet normal 0 0 1
    outer loop
      vertex 24.2914 0.21981 2.5
      vertex 27.7861 0.685706 2.5
      vertex 27.7189 1.02621 2.5
    endloop
  endfacet
  facet normal -0 0 1
    outer loop
      vertex 24.2914 -0.21981 2.5
      vertex 27.8265 -0.343324 2.5
      vertex 24.3 0 2.5
    endloop
  endfacet
  facet normal 0 0 1
    outer loop
      vertex 24.2655 0.439019 2.5
      vertex 27.7189 1.02621 2.5
      vertex 27.625 1.3639 2.5
    endloop
  endfacet
  facet normal 0 0 1
    outer loop
      vertex 27.8265 -0.343324 2.5
      vertex 24.2914 -0.21981 2.5
      vertex 27.7861 -0.685706 2.5
    endloop
  endfacet
  facet normal 0 0 1
    outer loop
      vertex 24.2224 0.657024 2.5
      vertex 27.625 1.3639 2.5
      vertex 27.5047 1.69785 2.5
    endloop
  endfacet
  facet normal 0 0 1
    outer loop
      vertex 27.7861 -0.685706 2.5
      vertex 24.2914 -0.21981 2.5
      vertex 27.7189 -1.02621 2.5
    endloop
  endfacet
  facet normal 0 0 1
    outer loop
      vertex 24.2224 0.657024 2.5
      vertex 27.5047 1.69785 2.5
      vertex 27.3584 2.02715 2.5
    endloop
  endfacet
  facet normal -0 0 1
    outer loop
      vertex 24.2655 -0.439019 2.5
      vertex 27.7189 -1.02621 2.5
      vertex 24.2914 -0.21981 2.5
    endloop
  endfacet
  facet normal 0 0 1
    outer loop
      vertex 24.1623 0.873229 2.5
      vertex 27.3584 2.02715 2.5
      vertex 27.1864 2.35089 2.5
    endloop
  endfacet
  facet normal 0 0 1
    outer loop
      vertex 27.7189 -1.02621 2.5
      vertex 24.2655 -0.439019 2.5
      vertex 27.625 -1.3639 2.5
    endloop
  endfacet
  facet normal 0 0 1
    outer loop
      vertex 24.0853 1.08704 2.5
      vertex 27.1864 2.35089 2.5
      vertex 26.9893 2.66819 2.5
    endloop
  endfacet
  facet normal -0 0 1
    outer loop
      vertex 24.2224 -0.657024 2.5
      vertex 27.625 -1.3639 2.5
      vertex 24.2655 -0.439019 2.5
    endloop
  endfacet
  facet normal 0 0 1
    outer loop
      vertex 24.0853 1.08704 2.5
      vertex 26.9893 2.66819 2.5
      vertex 26.7675 2.97818 2.5
    endloop
  endfacet
  facet normal 0 0 1
    outer loop
      vertex 27.625 -1.3639 2.5
      vertex 24.2224 -0.657024 2.5
      vertex 27.5047 -1.69785 2.5
    endloop
  endfacet
  facet normal 0 0 1
    outer loop
      vertex 23.9917 1.29787 2.5
      vertex 26.7675 2.97818 2.5
      vertex 26.5217 3.28 2.5
    endloop
  endfacet
  facet normal 0 0 1
    outer loop
      vertex 27.5047 -1.69785 2.5
      vertex 24.2224 -0.657024 2.5
      vertex 27.3584 -2.02715 2.5
    endloop
  endfacet
  facet normal 0 0 1
    outer loop
      vertex 23.8816 1.50515 2.5
      vertex 26.5217 3.28 2.5
      vertex 26.2525 3.57283 2.5
    endloop
  endfacet
  facet normal -0 0 1
    outer loop
      vertex 24.1623 -0.873229 2.5
      vertex 27.3584 -2.02715 2.5
      vertex 24.2224 -0.657024 2.5
    endloop
  endfacet
  facet normal 0 0 1
    outer loop
      vertex 23.7553 1.70829 2.5
      vertex 26.2525 3.57283 2.5
      vertex 25.9607 3.85587 2.5
    endloop
  endfacet
  facet normal 0 0 1
    outer loop
      vertex 27.3584 -2.02715 2.5
      vertex 24.1623 -0.873229 2.5
      vertex 27.1864 -2.35089 2.5
    endloop
  endfacet
  facet normal 0 0 1
    outer loop
      vertex 23.6133 1.90676 2.5
      vertex 25.9607 3.85587 2.5
      vertex 25.6471 4.12834 2.5
    endloop
  endfacet
  facet normal -0 0 1
    outer loop
      vertex 24.0853 -1.08704 2.5
      vertex 27.1864 -2.35089 2.5
      vertex 24.1623 -0.873229 2.5
    endloop
  endfacet
  facet normal 0 0 1
    outer loop
      vertex 23.456 2.1 2.5
      vertex 25.6471 4.12834 2.5
      vertex 25.3125 4.3895 2.5
    endloop
  endfacet
  facet normal 0 0 1
    outer loop
      vertex 27.1864 -2.35089 2.5
      vertex 24.0853 -1.08704 2.5
      vertex 26.9893 -2.66819 2.5
    endloop
  endfacet
  facet normal 0 0 1
    outer loop
      vertex 23.2836 2.28748 2.5
      vertex 25.3125 4.3895 2.5
      vertex 24.9579 4.63862 2.5
    endloop
  endfacet
  facet normal 0 0 1
    outer loop
      vertex 26.9893 -2.66819 2.5
      vertex 24.0853 -1.08704 2.5
      vertex 26.7675 -2.97818 2.5
    endloop
  endfacet
  facet normal 0 0 1
    outer loop
      vertex 23.0968 2.4687 2.5
      vertex 24.9579 4.63862 2.5
      vertex 24.5842 4.87503 2.5
    endloop
  endfacet
  facet normal -0 0 1
    outer loop
      vertex 23.9917 -1.29787 2.5
      vertex 26.7675 -2.97818 2.5
      vertex 24.0853 -1.08704 2.5
    endloop
  endfacet
  facet normal 0 0 1
    outer loop
      vertex 26.7675 -2.97818 2.5
      vertex 23.9917 -1.29787 2.5
      vertex 26.5217 -3.28 2.5
    endloop
  endfacet
  facet normal 0 0 1
    outer loop
      vertex 27.8265 0.343324 2.5
      vertex 24.2914 0.21981 2.5
      vertex 24.3 0 2.5
    endloop
  endfacet
  facet normal 0 0 1
    outer loop
      vertex 27.7189 1.02621 2.5
      vertex 24.2655 0.439019 2.5
      vertex 24.2914 0.21981 2.5
    endloop
  endfacet
  facet normal 0 0 1
    outer loop
      vertex 27.625 1.3639 2.5
      vertex 24.2224 0.657024 2.5
      vertex 24.2655 0.439019 2.5
    endloop
  endfacet
  facet normal 0 0 1
    outer loop
      vertex 22.896 2.64315 2.5
      vertex 24.5842 4.87503 2.5
      vertex 24.1925 5.09808 2.5
    endloop
  endfacet
  facet normal 0 0 1
    outer loop
      vertex 27.3584 2.02715 2.5
      vertex 24.1623 0.873229 2.5
      vertex 24.2224 0.657024 2.5
    endloop
  endfacet
  facet normal 0 0 1
    outer loop
      vertex 27.1864 2.35089 2.5
      vertex 24.0853 1.08704 2.5
      vertex 24.1623 0.873229 2.5
    endloop
  endfacet
  facet normal 0 0 1
    outer loop
      vertex 26.7675 2.97818 2.5
      vertex 23.9917 1.29787 2.5
      vertex 24.0853 1.08704 2.5
    endloop
  endfacet
  facet normal 0 0 1
    outer loop
      vertex 26.5217 3.28 2.5
      vertex 23.8816 1.50515 2.5
      vertex 23.9917 1.29787 2.5
    endloop
  endfacet
  facet normal 0 0 1
    outer loop
      vertex 22.6818 2.81035 2.5
      vertex 24.1925 5.09808 2.5
      vertex 23.7838 5.30715 2.5
    endloop
  endfacet
  facet normal 0 0 1
    outer loop
      vertex 26.2525 3.57283 2.5
      vertex 23.7553 1.70829 2.5
      vertex 23.8816 1.50515 2.5
    endloop
  endfacet
  facet normal 0 0 1
    outer loop
      vertex 25.9607 3.85587 2.5
      vertex 23.6133 1.90676 2.5
      vertex 23.7553 1.70829 2.5
    endloop
  endfacet
  facet normal 0 0 1
    outer loop
      vertex 25.6471 4.12834 2.5
      vertex 23.456 2.1 2.5
      vertex 23.6133 1.90676 2.5
    endloop
  endfacet
  facet normal 0 0 1
    outer loop
      vertex 22.2155 3.12121 2.5
      vertex 23.7838 5.30715 2.5
      vertex 23.3592 5.50168 2.5
    endloop
  endfacet
  facet normal 0 0 1
    outer loop
      vertex 25.3125 4.3895 2.5
      vertex 23.2836 2.28748 2.5
      vertex 23.456 2.1 2.5
    endloop
  endfacet
  facet normal 0 0 1
    outer loop
      vertex 24.9579 4.63862 2.5
      vertex 23.0968 2.4687 2.5
      vertex 23.2836 2.28748 2.5
    endloop
  endfacet
  facet normal 0 0 1
    outer loop
      vertex 21.9647 3.26401 2.5
      vertex 23.3592 5.50168 2.5
      vertex 22.92 5.68113 2.5
    endloop
  endfacet
  facet normal 0 0 1
    outer loop
      vertex 24.5842 4.87503 2.5
      vertex 22.896 2.64315 2.5
      vertex 23.0968 2.4687 2.5
    endloop
  endfacet
  facet normal 0 0 1
    outer loop
      vertex 24.1925 5.09808 2.5
      vertex 22.6818 2.81035 2.5
      vertex 22.896 2.64315 2.5
    endloop
  endfacet
  facet normal 0 0 1
    outer loop
      vertex 21.703 3.39787 2.5
      vertex 22.92 5.68113 2.5
      vertex 22.4673 5.845 2.5
    endloop
  endfacet
  facet normal 0 0 1
    outer loop
      vertex 23.7838 5.30715 2.5
      vertex 22.4548 2.96985 2.5
      vertex 22.6818 2.81035 2.5
    endloop
  endfacet
  facet normal 0 0 1
    outer loop
      vertex 23.7838 5.30715 2.5
      vertex 22.2155 3.12121 2.5
      vertex 22.4548 2.96985 2.5
    endloop
  endfacet
  facet normal 0 0 1
    outer loop
      vertex 21.4312 3.52242 2.5
      vertex 22.4673 5.845 2.5
      vertex 22.0023 5.99286 2.5
    endloop
  endfacet
  facet normal 0 0 1
    outer loop
      vertex 23.3592 5.50168 2.5
      vertex 21.9647 3.26401 2.5
      vertex 22.2155 3.12121 2.5
    endloop
  endfacet
  facet normal 0 0 1
    outer loop
      vertex 22.92 5.68113 2.5
      vertex 21.703 3.39787 2.5
      vertex 21.9647 3.26401 2.5
    endloop
  endfacet
  facet normal 0 0 1
    outer loop
      vertex 21.15 3.63731 2.5
      vertex 22.0023 5.99286 2.5
      vertex 21.5263 6.12429 2.5
    endloop
  endfacet
  facet normal 0 0 1
    outer loop
      vertex 22.4673 5.845 2.5
      vertex 21.4312 3.52242 2.5
      vertex 21.703 3.39787 2.5
    endloop
  endfacet
  facet normal 0 0 1
    outer loop
      vertex 22.0023 5.99286 2.5
      vertex 21.15 3.63731 2.5
      vertex 21.4312 3.52242 2.5
    endloop
  endfacet
  facet normal 0 0 1
    outer loop
      vertex 20.5624 3.83689 2.5
      vertex 21.5263 6.12429 2.5
      vertex 21.0407 6.23893 2.5
    endloop
  endfacet
  facet normal 0 0 1
    outer loop
      vertex 21.5263 6.12429 2.5
      vertex 20.8601 3.74223 2.5
      vertex 21.15 3.63731 2.5
    endloop
  endfacet
  facet normal 0 0 1
    outer loop
      vertex 21.5263 6.12429 2.5
      vertex 20.5624 3.83689 2.5
      vertex 20.8601 3.74223 2.5
    endloop
  endfacet
  facet normal 0 0 1
    outer loop
      vertex 20.2577 3.92104 2.5
      vertex 21.0407 6.23893 2.5
      vertex 20.5468 6.33647 2.5
    endloop
  endfacet
  facet normal 0 0 1
    outer loop
      vertex 21.0407 6.23893 2.5
      vertex 20.2577 3.92104 2.5
      vertex 20.5624 3.83689 2.5
    endloop
  endfacet
  facet normal 0 0 1
    outer loop
      vertex 19.9468 3.99444 2.5
      vertex 20.5468 6.33647 2.5
      vertex 20.0459 6.41665 2.5
    endloop
  endfacet
  facet normal 0 0 1
    outer loop
      vertex 20.5468 6.33647 2.5
      vertex 19.9468 3.99444 2.5
      vertex 20.2577 3.92104 2.5
    endloop
  endfacet
  facet normal 0 0 1
    outer loop
      vertex 20.0459 6.41665 2.5
      vertex 19.6306 4.05689 2.5
      vertex 19.9468 3.99444 2.5
    endloop
  endfacet
  facet normal 0 0 1
    outer loop
      vertex 19.3098 4.10822 2.5
      vertex 20.0459 6.41665 2.5
      vertex 19.5393 6.47923 2.5
    endloop
  endfacet
  facet normal 0 0 1
    outer loop
      vertex 20.0459 6.41665 2.5
      vertex 19.3098 4.10822 2.5
      vertex 19.6306 4.05689 2.5
    endloop
  endfacet
  facet normal 0 0 1
    outer loop
      vertex 18.9855 4.14829 2.5
      vertex 19.5393 6.47923 2.5
      vertex 19.0286 6.52406 2.5
    endloop
  endfacet
  facet normal 0 0 1
    outer loop
      vertex 19.5393 6.47923 2.5
      vertex 18.9855 4.14829 2.5
      vertex 19.3098 4.10822 2.5
    endloop
  endfacet
  facet normal 0 0 1
    outer loop
      vertex 19.0286 6.52406 2.5
      vertex 18.6585 4.17699 2.5
      vertex 18.9855 4.14829 2.5
    endloop
  endfacet
  facet normal 0 0 1
    outer loop
      vertex 18.515 6.55101 2.5
      vertex 18.6585 4.17699 2.5
      vertex 19.0286 6.52406 2.5
    endloop
  endfacet
  facet normal 0 0 1
    outer loop
      vertex 18.515 6.55101 2.5
      vertex 18.3297 4.19424 2.5
      vertex 18.6585 4.17699 2.5
    endloop
  endfacet
  facet normal 0 0 1
    outer loop
      vertex 18 6.56 2.5
      vertex 18.3297 4.19424 2.5
      vertex 18.515 6.55101 2.5
    endloop
  endfacet
  facet normal 0 0 1
    outer loop
      vertex 18 6.56 2.5
      vertex 18 4.2 2.5
      vertex 18.3297 4.19424 2.5
    endloop
  endfacet
  facet normal 0 0 1
    outer loop
      vertex 18 6.56 2.5
      vertex 17.6703 4.19424 2.5
      vertex 18 4.2 2.5
    endloop
  endfacet
  facet normal -0 0 1
    outer loop
      vertex 17.485 6.55101 2.5
      vertex 17.6703 4.19424 2.5
      vertex 18 6.56 2.5
    endloop
  endfacet
  facet normal 0 0 1
    outer loop
      vertex 17.485 6.55101 2.5
      vertex 17.3415 4.17699 2.5
      vertex 17.6703 4.19424 2.5
    endloop
  endfacet
  facet normal -0 0 1
    outer loop
      vertex 16.9714 6.52406 2.5
      vertex 17.3415 4.17699 2.5
      vertex 17.485 6.55101 2.5
    endloop
  endfacet
  facet normal 0 0 1
    outer loop
      vertex 17.3415 4.17699 2.5
      vertex 16.9714 6.52406 2.5
      vertex 17.0145 4.14829 2.5
    endloop
  endfacet
  facet normal -0 0 1
    outer loop
      vertex 16.4607 6.47923 2.5
      vertex 17.0145 4.14829 2.5
      vertex 16.9714 6.52406 2.5
    endloop
  endfacet
  facet normal 0 0 1
    outer loop
      vertex 17.0145 4.14829 2.5
      vertex 16.4607 6.47923 2.5
      vertex 16.6902 4.10822 2.5
    endloop
  endfacet
  facet normal -0 0 1
    outer loop
      vertex 15.9541 6.41665 2.5
      vertex 16.6902 4.10822 2.5
      vertex 16.4607 6.47923 2.5
    endloop
  endfacet
  facet normal 0 0 1
    outer loop
      vertex 16.6902 4.10822 2.5
      vertex 15.9541 6.41665 2.5
      vertex 16.3694 4.05689 2.5
    endloop
  endfacet
  facet normal 0 0 1
    outer loop
      vertex 16.3694 4.05689 2.5
      vertex 15.9541 6.41665 2.5
      vertex 16.0532 3.99444 2.5
    endloop
  endfacet
  facet normal -0 0 1
    outer loop
      vertex 15.4532 6.33647 2.5
      vertex 16.0532 3.99444 2.5
      vertex 15.9541 6.41665 2.5
    endloop
  endfacet
  facet normal 0 0 1
    outer loop
      vertex 16.0532 3.99444 2.5
      vertex 15.4532 6.33647 2.5
      vertex 15.7423 3.92104 2.5
    endloop
  endfacet
  facet normal -0 0 1
    outer loop
      vertex 14.9593 6.23893 2.5
      vertex 15.7423 3.92104 2.5
      vertex 15.4532 6.33647 2.5
    endloop
  endfacet
  facet normal 0 0 1
    outer loop
      vertex 15.7423 3.92104 2.5
      vertex 14.9593 6.23893 2.5
      vertex 15.4376 3.83689 2.5
    endloop
  endfacet
  facet normal -0 0 1
    outer loop
      vertex 14.4737 6.12429 2.5
      vertex 15.4376 3.83689 2.5
      vertex 14.9593 6.23893 2.5
    endloop
  endfacet
  facet normal 0 0 1
    outer loop
      vertex 15.4376 3.83689 2.5
      vertex 14.4737 6.12429 2.5
      vertex 15.1399 3.74223 2.5
    endloop
  endfacet
  facet normal 0 0 1
    outer loop
      vertex 15.1399 3.74223 2.5
      vertex 14.4737 6.12429 2.5
      vertex 14.85 3.63731 2.5
    endloop
  endfacet
  facet normal -0 0 1
    outer loop
      vertex 13.9977 5.99286 2.5
      vertex 14.85 3.63731 2.5
      vertex 14.4737 6.12429 2.5
    endloop
  endfacet
  facet normal 0 0 1
    outer loop
      vertex 14.85 3.63731 2.5
      vertex 13.9977 5.99286 2.5
      vertex 14.5688 3.52242 2.5
    endloop
  endfacet
  facet normal -0 0 1
    outer loop
      vertex 13.5327 5.845 2.5
      vertex 14.5688 3.52242 2.5
      vertex 13.9977 5.99286 2.5
    endloop
  endfacet
  facet normal 0 0 1
    outer loop
      vertex 14.5688 3.52242 2.5
      vertex 13.5327 5.845 2.5
      vertex 14.297 3.39787 2.5
    endloop
  endfacet
  facet normal -0 0 1
    outer loop
      vertex 13.08 5.68113 2.5
      vertex 14.297 3.39787 2.5
      vertex 13.5327 5.845 2.5
    endloop
  endfacet
  facet normal 0 0 1
    outer loop
      vertex 14.297 3.39787 2.5
      vertex 13.08 5.68113 2.5
      vertex 14.0353 3.26401 2.5
    endloop
  endfacet
  facet normal -0 0 1
    outer loop
      vertex 12.6408 5.50168 2.5
      vertex 14.0353 3.26401 2.5
      vertex 13.08 5.68113 2.5
    endloop
  endfacet
  facet normal 0 0 1
    outer loop
      vertex 14.0353 3.26401 2.5
      vertex 12.6408 5.50168 2.5
      vertex 13.7845 3.12121 2.5
    endloop
  endfacet
  facet normal -0 0 1
    outer loop
      vertex 12.2162 5.30715 2.5
      vertex 13.7845 3.12121 2.5
      vertex 12.6408 5.50168 2.5
    endloop
  endfacet
  facet normal 0 0 1
    outer loop
      vertex 13.7845 3.12121 2.5
      vertex 12.2162 5.30715 2.5
      vertex 13.5452 2.96985 2.5
    endloop
  endfacet
  facet normal 0 0 1
    outer loop
      vertex 13.5452 2.96985 2.5
      vertex 12.2162 5.30715 2.5
      vertex 13.3182 2.81035 2.5
    endloop
  endfacet
  facet normal -0 0 1
    outer loop
      vertex 11.8075 5.09808 2.5
      vertex 13.3182 2.81035 2.5
      vertex 12.2162 5.30715 2.5
    endloop
  endfacet
  facet normal 0 0 1
    outer loop
      vertex 13.3182 2.81035 2.5
      vertex 11.8075 5.09808 2.5
      vertex 13.104 2.64315 2.5
    endloop
  endfacet
  facet normal -0 0 1
    outer loop
      vertex 11.4158 4.87503 2.5
      vertex 13.104 2.64315 2.5
      vertex 11.8075 5.09808 2.5
    endloop
  endfacet
  facet normal 0 0 1
    outer loop
      vertex 13.104 2.64315 2.5
      vertex 11.4158 4.87503 2.5
      vertex 12.9032 2.4687 2.5
    endloop
  endfacet
  facet normal -0 0 1
    outer loop
      vertex 11.0421 4.63862 2.5
      vertex 12.9032 2.4687 2.5
      vertex 11.4158 4.87503 2.5
    endloop
  endfacet
  facet normal 0 0 1
    outer loop
      vertex 12.9032 2.4687 2.5
      vertex 11.0421 4.63862 2.5
      vertex 12.7164 2.28748 2.5
    endloop
  endfacet
  facet normal -0 0 1
    outer loop
      vertex 10.6875 4.3895 2.5
      vertex 12.7164 2.28748 2.5
      vertex 11.0421 4.63862 2.5
    endloop
  endfacet
  facet normal 0 0 1
    outer loop
      vertex 12.7164 2.28748 2.5
      vertex 10.6875 4.3895 2.5
      vertex 12.544 2.1 2.5
    endloop
  endfacet
  facet normal -0 0 1
    outer loop
      vertex 10.3529 4.12834 2.5
      vertex 12.544 2.1 2.5
      vertex 10.6875 4.3895 2.5
    endloop
  endfacet
  facet normal 0 0 1
    outer loop
      vertex 12.544 2.1 2.5
      vertex 10.3529 4.12834 2.5
      vertex 12.3867 1.90676 2.5
    endloop
  endfacet
  facet normal -0 0 1
    outer loop
      vertex 10.0393 3.85587 2.5
      vertex 12.3867 1.90676 2.5
      vertex 10.3529 4.12834 2.5
    endloop
  endfacet
  facet normal 0 0 1
    outer loop
      vertex 12.3867 1.90676 2.5
      vertex 10.0393 3.85587 2.5
      vertex 12.2447 1.70829 2.5
    endloop
  endfacet
  facet normal -0 0 1
    outer loop
      vertex 9.74748 3.57283 2.5
      vertex 12.2447 1.70829 2.5
      vertex 10.0393 3.85587 2.5
    endloop
  endfacet
  facet normal 0 0 1
    outer loop
      vertex 12.2447 1.70829 2.5
      vertex 9.74748 3.57283 2.5
      vertex 12.1184 1.50515 2.5
    endloop
  endfacet
  facet normal -0 0 1
    outer loop
      vertex 9.47831 3.28 2.5
      vertex 12.1184 1.50515 2.5
      vertex 9.74748 3.57283 2.5
    endloop
  endfacet
  facet normal 0 0 1
    outer loop
      vertex 12.1184 1.50515 2.5
      vertex 9.47831 3.28 2.5
      vertex 12.0083 1.29787 2.5
    endloop
  endfacet
  facet normal -0 0 1
    outer loop
      vertex 23.8816 -1.50515 2.5
      vertex 26.5217 -3.28 2.5
      vertex 23.9917 -1.29787 2.5
    endloop
  endfacet
  facet normal 0 0 1
    outer loop
      vertex 26.5217 -3.28 2.5
      vertex 23.8816 -1.50515 2.5
      vertex 26.2525 -3.57283 2.5
    endloop
  endfacet
  facet normal -0 0 1
    outer loop
      vertex 23.7553 -1.70829 2.5
      vertex 26.2525 -3.57283 2.5
      vertex 23.8816 -1.50515 2.5
    endloop
  endfacet
  facet normal 0 0 1
    outer loop
      vertex 26.2525 -3.57283 2.5
      vertex 23.7553 -1.70829 2.5
      vertex 25.9607 -3.85587 2.5
    endloop
  endfacet
  facet normal -0 0 1
    outer loop
      vertex 23.6133 -1.90676 2.5
      vertex 25.9607 -3.85587 2.5
      vertex 23.7553 -1.70829 2.5
    endloop
  endfacet
  facet normal 0 0 1
    outer loop
      vertex 25.9607 -3.85587 2.5
      vertex 23.6133 -1.90676 2.5
      vertex 25.6471 -4.12834 2.5
    endloop
  endfacet
  facet normal -0 0 1
    outer loop
      vertex 23.456 -2.1 2.5
      vertex 25.6471 -4.12834 2.5
      vertex 23.6133 -1.90676 2.5
    endloop
  endfacet
  facet normal 0 0 1
    outer loop
      vertex 25.6471 -4.12834 2.5
      vertex 23.456 -2.1 2.5
      vertex 25.3125 -4.3895 2.5
    endloop
  endfacet
  facet normal -0 0 1
    outer loop
      vertex 23.2836 -2.28748 2.5
      vertex 25.3125 -4.3895 2.5
      vertex 23.456 -2.1 2.5
    endloop
  endfacet
  facet normal 0 0 1
    outer loop
      vertex 25.3125 -4.3895 2.5
      vertex 23.2836 -2.28748 2.5
      vertex 24.9579 -4.63862 2.5
    endloop
  endfacet
  facet normal -0 0 1
    outer loop
      vertex 23.0968 -2.4687 2.5
      vertex 24.9579 -4.63862 2.5
      vertex 23.2836 -2.28748 2.5
    endloop
  endfacet
  facet normal 0 0 1
    outer loop
      vertex 24.9579 -4.63862 2.5
      vertex 23.0968 -2.4687 2.5
      vertex 24.5842 -4.87503 2.5
    endloop
  endfacet
  facet normal -0 0 1
    outer loop
      vertex 22.896 -2.64315 2.5
      vertex 24.5842 -4.87503 2.5
      vertex 23.0968 -2.4687 2.5
    endloop
  endfacet
  facet normal 0 0 1
    outer loop
      vertex 24.5842 -4.87503 2.5
      vertex 22.896 -2.64315 2.5
      vertex 24.1925 -5.09808 2.5
    endloop
  endfacet
  facet normal -0 0 1
    outer loop
      vertex 22.6818 -2.81035 2.5
      vertex 24.1925 -5.09808 2.5
      vertex 22.896 -2.64315 2.5
    endloop
  endfacet
  facet normal 0 0 1
    outer loop
      vertex 24.1925 -5.09808 2.5
      vertex 22.6818 -2.81035 2.5
      vertex 23.7838 -5.30715 2.5
    endloop
  endfacet
  facet normal -0 0 1
    outer loop
      vertex 22.4548 -2.96985 2.5
      vertex 23.7838 -5.30715 2.5
      vertex 22.6818 -2.81035 2.5
    endloop
  endfacet
  facet normal -0 0 1
    outer loop
      vertex 22.2155 -3.12121 2.5
      vertex 23.7838 -5.30715 2.5
      vertex 22.4548 -2.96985 2.5
    endloop
  endfacet
  facet normal 0 0 1
    outer loop
      vertex 23.7838 -5.30715 2.5
      vertex 22.2155 -3.12121 2.5
      vertex 23.3592 -5.50168 2.5
    endloop
  endfacet
  facet normal -0 0 1
    outer loop
      vertex 21.9647 -3.26401 2.5
      vertex 23.3592 -5.50168 2.5
      vertex 22.2155 -3.12121 2.5
    endloop
  endfacet
  facet normal 0 0 1
    outer loop
      vertex 23.3592 -5.50168 2.5
      vertex 21.9647 -3.26401 2.5
      vertex 22.92 -5.68113 2.5
    endloop
  endfacet
  facet normal -0 0 1
    outer loop
      vertex 21.703 -3.39787 2.5
      vertex 22.92 -5.68113 2.5
      vertex 21.9647 -3.26401 2.5
    endloop
  endfacet
  facet normal 0 0 1
    outer loop
      vertex 22.92 -5.68113 2.5
      vertex 21.703 -3.39787 2.5
      vertex 22.4673 -5.845 2.5
    endloop
  endfacet
  facet normal -0 0 1
    outer loop
      vertex 21.4312 -3.52242 2.5
      vertex 22.4673 -5.845 2.5
      vertex 21.703 -3.39787 2.5
    endloop
  endfacet
  facet normal 0 0 1
    outer loop
      vertex 22.4673 -5.845 2.5
      vertex 21.4312 -3.52242 2.5
      vertex 22.0023 -5.99286 2.5
    endloop
  endfacet
  facet normal -0 0 1
    outer loop
      vertex 21.15 -3.63731 2.5
      vertex 22.0023 -5.99286 2.5
      vertex 21.4312 -3.52242 2.5
    endloop
  endfacet
  facet normal 0 0 1
    outer loop
      vertex 22.0023 -5.99286 2.5
      vertex 21.15 -3.63731 2.5
      vertex 21.5263 -6.12429 2.5
    endloop
  endfacet
  facet normal -0 0 1
    outer loop
      vertex 20.8601 -3.74223 2.5
      vertex 21.5263 -6.12429 2.5
      vertex 21.15 -3.63731 2.5
    endloop
  endfacet
  facet normal -0 0 1
    outer loop
      vertex 20.5624 -3.83689 2.5
      vertex 21.5263 -6.12429 2.5
      vertex 20.8601 -3.74223 2.5
    endloop
  endfacet
  facet normal 0 0 1
    outer loop
      vertex 21.5263 -6.12429 2.5
      vertex 20.5624 -3.83689 2.5
      vertex 21.0407 -6.23893 2.5
    endloop
  endfacet
  facet normal -0 0 1
    outer loop
      vertex 20.2577 -3.92104 2.5
      vertex 21.0407 -6.23893 2.5
      vertex 20.5624 -3.83689 2.5
    endloop
  endfacet
  facet normal 0 0 1
    outer loop
      vertex 21.0407 -6.23893 2.5
      vertex 20.2577 -3.92104 2.5
      vertex 20.5468 -6.33647 2.5
    endloop
  endfacet
  facet normal -0 0 1
    outer loop
      vertex 19.9468 -3.99444 2.5
      vertex 20.5468 -6.33647 2.5
      vertex 20.2577 -3.92104 2.5
    endloop
  endfacet
  facet normal 0 0 1
    outer loop
      vertex 20.5468 -6.33647 2.5
      vertex 19.9468 -3.99444 2.5
      vertex 20.0459 -6.41665 2.5
    endloop
  endfacet
  facet normal -0 0 1
    outer loop
      vertex 19.6306 -4.05689 2.5
      vertex 20.0459 -6.41665 2.5
      vertex 19.9468 -3.99444 2.5
    endloop
  endfacet
  facet normal -0 0 1
    outer loop
      vertex 19.3098 -4.10822 2.5
      vertex 20.0459 -6.41665 2.5
      vertex 19.6306 -4.05689 2.5
    endloop
  endfacet
  facet normal 0 0 1
    outer loop
      vertex 20.0459 -6.41665 2.5
      vertex 19.3098 -4.10822 2.5
      vertex 19.5393 -6.47923 2.5
    endloop
  endfacet
  facet normal -0 0 1
    outer loop
      vertex 18.9855 -4.14829 2.5
      vertex 19.5393 -6.47923 2.5
      vertex 19.3098 -4.10822 2.5
    endloop
  endfacet
  facet normal 0 0 1
    outer loop
      vertex 19.5393 -6.47923 2.5
      vertex 18.9855 -4.14829 2.5
      vertex 19.0286 -6.52406 2.5
    endloop
  endfacet
  facet normal -0 0 1
    outer loop
      vertex 18.6585 -4.17699 2.5
      vertex 19.0286 -6.52406 2.5
      vertex 18.9855 -4.14829 2.5
    endloop
  endfacet
  facet normal 0 0 1
    outer loop
      vertex 18.6585 -4.17699 2.5
      vertex 18.515 -6.55101 2.5
      vertex 19.0286 -6.52406 2.5
    endloop
  endfacet
  facet normal -0 0 1
    outer loop
      vertex 18.3297 -4.19424 2.5
      vertex 18.515 -6.55101 2.5
      vertex 18.6585 -4.17699 2.5
    endloop
  endfacet
  facet normal 0 0 1
    outer loop
      vertex 18 -6.56 2.5
      vertex 18.3297 -4.19424 2.5
      vertex 18 -4.2 2.5
    endloop
  endfacet
  facet normal 0 0 1
    outer loop
      vertex 18.3297 -4.19424 2.5
      vertex 18 -6.56 2.5
      vertex 18.515 -6.55101 2.5
    endloop
  endfacet
  facet normal 0 0 1
    outer loop
      vertex 17.6703 -4.19424 2.5
      vertex 18 -6.56 2.5
      vertex 18 -4.2 2.5
    endloop
  endfacet
  facet normal 0 0 1
    outer loop
      vertex 17.6703 -4.19424 2.5
      vertex 17.485 -6.55101 2.5
      vertex 18 -6.56 2.5
    endloop
  endfacet
  facet normal 0 0 1
    outer loop
      vertex 17.3415 -4.17699 2.5
      vertex 17.485 -6.55101 2.5
      vertex 17.6703 -4.19424 2.5
    endloop
  endfacet
  facet normal 0 0 1
    outer loop
      vertex 16.9714 -6.52406 2.5
      vertex 17.3415 -4.17699 2.5
      vertex 17.0145 -4.14829 2.5
    endloop
  endfacet
  facet normal 0 0 1
    outer loop
      vertex 17.3415 -4.17699 2.5
      vertex 16.9714 -6.52406 2.5
      vertex 17.485 -6.55101 2.5
    endloop
  endfacet
  facet normal 0 0 1
    outer loop
      vertex 16.4607 -6.47923 2.5
      vertex 17.0145 -4.14829 2.5
      vertex 16.6902 -4.10822 2.5
    endloop
  endfacet
  facet normal 0 0 1
    outer loop
      vertex 17.0145 -4.14829 2.5
      vertex 16.4607 -6.47923 2.5
      vertex 16.9714 -6.52406 2.5
    endloop
  endfacet
  facet normal 0 0 1
    outer loop
      vertex 15.9541 -6.41665 2.5
      vertex 16.6902 -4.10822 2.5
      vertex 16.3694 -4.05689 2.5
    endloop
  endfacet
  facet normal 0 0 1
    outer loop
      vertex 15.9541 -6.41665 2.5
      vertex 16.3694 -4.05689 2.5
      vertex 16.0532 -3.99444 2.5
    endloop
  endfacet
  facet normal 0 0 1
    outer loop
      vertex 16.6902 -4.10822 2.5
      vertex 15.9541 -6.41665 2.5
      vertex 16.4607 -6.47923 2.5
    endloop
  endfacet
  facet normal 0 0 1
    outer loop
      vertex 15.4532 -6.33647 2.5
      vertex 16.0532 -3.99444 2.5
      vertex 15.7423 -3.92104 2.5
    endloop
  endfacet
  facet normal 0 0 1
    outer loop
      vertex 16.0532 -3.99444 2.5
      vertex 15.4532 -6.33647 2.5
      vertex 15.9541 -6.41665 2.5
    endloop
  endfacet
  facet normal 0 0 1
    outer loop
      vertex 14.9593 -6.23893 2.5
      vertex 15.7423 -3.92104 2.5
      vertex 15.4376 -3.83689 2.5
    endloop
  endfacet
  facet normal 0 0 1
    outer loop
      vertex 14.4737 -6.12429 2.5
      vertex 15.4376 -3.83689 2.5
      vertex 15.1399 -3.74223 2.5
    endloop
  endfacet
  facet normal 0 0 1
    outer loop
      vertex 15.7423 -3.92104 2.5
      vertex 14.9593 -6.23893 2.5
      vertex 15.4532 -6.33647 2.5
    endloop
  endfacet
  facet normal 0 0 1
    outer loop
      vertex 14.4737 -6.12429 2.5
      vertex 15.1399 -3.74223 2.5
      vertex 14.85 -3.63731 2.5
    endloop
  endfacet
  facet normal 0 0 1
    outer loop
      vertex 13.9977 -5.99286 2.5
      vertex 14.85 -3.63731 2.5
      vertex 14.5688 -3.52242 2.5
    endloop
  endfacet
  facet normal 0 0 1
    outer loop
      vertex 15.4376 -3.83689 2.5
      vertex 14.4737 -6.12429 2.5
      vertex 14.9593 -6.23893 2.5
    endloop
  endfacet
  facet normal 0 0 1
    outer loop
      vertex 13.5327 -5.845 2.5
      vertex 14.5688 -3.52242 2.5
      vertex 14.297 -3.39787 2.5
    endloop
  endfacet
  facet normal 0 0 1
    outer loop
      vertex 13.08 -5.68113 2.5
      vertex 14.297 -3.39787 2.5
      vertex 14.0353 -3.26401 2.5
    endloop
  endfacet
  facet normal 0 0 1
    outer loop
      vertex 14.85 -3.63731 2.5
      vertex 13.9977 -5.99286 2.5
      vertex 14.4737 -6.12429 2.5
    endloop
  endfacet
  facet normal 0 0 1
    outer loop
      vertex 12.6408 -5.50168 2.5
      vertex 14.0353 -3.26401 2.5
      vertex 13.7845 -3.12121 2.5
    endloop
  endfacet
  facet normal 0 0 1
    outer loop
      vertex 12.2162 -5.30715 2.5
      vertex 13.7845 -3.12121 2.5
      vertex 13.5452 -2.96985 2.5
    endloop
  endfacet
  facet normal 0 0 1
    outer loop
      vertex 14.5688 -3.52242 2.5
      vertex 13.5327 -5.845 2.5
      vertex 13.9977 -5.99286 2.5
    endloop
  endfacet
  facet normal 0 0 1
    outer loop
      vertex 12.2162 -5.30715 2.5
      vertex 13.5452 -2.96985 2.5
      vertex 13.3182 -2.81035 2.5
    endloop
  endfacet
  facet normal 0 0 1
    outer loop
      vertex 11.8075 -5.09808 2.5
      vertex 13.3182 -2.81035 2.5
      vertex 13.104 -2.64315 2.5
    endloop
  endfacet
  facet normal 0 0 1
    outer loop
      vertex 14.297 -3.39787 2.5
      vertex 13.08 -5.68113 2.5
      vertex 13.5327 -5.845 2.5
    endloop
  endfacet
  facet normal 0 0 1
    outer loop
      vertex 11.4158 -4.87503 2.5
      vertex 13.104 -2.64315 2.5
      vertex 12.9032 -2.4687 2.5
    endloop
  endfacet
  facet normal 0 0 1
    outer loop
      vertex 11.0421 -4.63862 2.5
      vertex 12.9032 -2.4687 2.5
      vertex 12.7164 -2.28748 2.5
    endloop
  endfacet
  facet normal 0 0 1
    outer loop
      vertex 14.0353 -3.26401 2.5
      vertex 12.6408 -5.50168 2.5
      vertex 13.08 -5.68113 2.5
    endloop
  endfacet
  facet normal 0 0 1
    outer loop
      vertex 10.6875 -4.3895 2.5
      vertex 12.7164 -2.28748 2.5
      vertex 12.544 -2.1 2.5
    endloop
  endfacet
  facet normal 0 0 1
    outer loop
      vertex 10.3529 -4.12834 2.5
      vertex 12.544 -2.1 2.5
      vertex 12.3867 -1.90676 2.5
    endloop
  endfacet
  facet normal 0 0 1
    outer loop
      vertex 10.0393 -3.85587 2.5
      vertex 12.3867 -1.90676 2.5
      vertex 12.2447 -1.70829 2.5
    endloop
  endfacet
  facet normal 0 0 1
    outer loop
      vertex 13.7845 -3.12121 2.5
      vertex 12.2162 -5.30715 2.5
      vertex 12.6408 -5.50168 2.5
    endloop
  endfacet
  facet normal 0 0 1
    outer loop
      vertex 9.74748 -3.57283 2.5
      vertex 12.2447 -1.70829 2.5
      vertex 12.1184 -1.50515 2.5
    endloop
  endfacet
  facet normal 0 0 1
    outer loop
      vertex 9.47831 -3.28 2.5
      vertex 12.1184 -1.50515 2.5
      vertex 12.0083 -1.29787 2.5
    endloop
  endfacet
  facet normal 0 0 1
    outer loop
      vertex 9.2325 -2.97818 2.5
      vertex 12.0083 -1.29787 2.5
      vertex 11.9147 -1.08704 2.5
    endloop
  endfacet
  facet normal 0 0 1
    outer loop
      vertex 8.81357 -2.35089 2.5
      vertex 11.9147 -1.08704 2.5
      vertex 11.8377 -0.873229 2.5
    endloop
  endfacet
  facet normal 0 0 1
    outer loop
      vertex 13.3182 -2.81035 2.5
      vertex 11.8075 -5.09808 2.5
      vertex 12.2162 -5.30715 2.5
    endloop
  endfacet
  facet normal 0 0 1
    outer loop
      vertex 8.6416 -2.02715 2.5
      vertex 11.8377 -0.873229 2.5
      vertex 11.7776 -0.657024 2.5
    endloop
  endfacet
  facet normal 0 0 1
    outer loop
      vertex 8.37503 -1.3639 2.5
      vertex 11.7776 -0.657024 2.5
      vertex 11.7345 -0.439019 2.5
    endloop
  endfacet
  facet normal 0 0 1
    outer loop
      vertex 8.28115 -1.02621 2.5
      vertex 11.7345 -0.439019 2.5
      vertex 11.7086 -0.21981 2.5
    endloop
  endfacet
  facet normal 0 0 1
    outer loop
      vertex 8.17349 -0.343324 2.5
      vertex 11.7086 -0.21981 2.5
      vertex 11.7 0 2.5
    endloop
  endfacet
  facet normal -0 0 1
    outer loop
      vertex 9.2325 2.97818 2.5
      vertex 12.0083 1.29787 2.5
      vertex 9.47831 3.28 2.5
    endloop
  endfacet
  facet normal 0 0 1
    outer loop
      vertex 13.104 -2.64315 2.5
      vertex 11.4158 -4.87503 2.5
      vertex 11.8075 -5.09808 2.5
    endloop
  endfacet
  facet normal 0 0 1
    outer loop
      vertex 12.0083 1.29787 2.5
      vertex 9.2325 2.97818 2.5
      vertex 11.9147 1.08704 2.5
    endloop
  endfacet
  facet normal 0 0 1
    outer loop
      vertex 12.9032 -2.4687 2.5
      vertex 11.0421 -4.63862 2.5
      vertex 11.4158 -4.87503 2.5
    endloop
  endfacet
  facet normal -0 0 1
    outer loop
      vertex 9.01071 2.66819 2.5
      vertex 11.9147 1.08704 2.5
      vertex 9.2325 2.97818 2.5
    endloop
  endfacet
  facet normal 0 0 1
    outer loop
      vertex 12.7164 -2.28748 2.5
      vertex 10.6875 -4.3895 2.5
      vertex 11.0421 -4.63862 2.5
    endloop
  endfacet
  facet normal -0 0 1
    outer loop
      vertex 8.81357 2.35089 2.5
      vertex 11.9147 1.08704 2.5
      vertex 9.01071 2.66819 2.5
    endloop
  endfacet
  facet normal 0 0 1
    outer loop
      vertex 12.544 -2.1 2.5
      vertex 10.3529 -4.12834 2.5
      vertex 10.6875 -4.3895 2.5
    endloop
  endfacet
  facet normal 0 0 1
    outer loop
      vertex 11.9147 1.08704 2.5
      vertex 8.81357 2.35089 2.5
      vertex 11.8377 0.873229 2.5
    endloop
  endfacet
  facet normal 0 0 1
    outer loop
      vertex 12.3867 -1.90676 2.5
      vertex 10.0393 -3.85587 2.5
      vertex 10.3529 -4.12834 2.5
    endloop
  endfacet
  facet normal -0 0 1
    outer loop
      vertex 8.6416 2.02715 2.5
      vertex 11.8377 0.873229 2.5
      vertex 8.81357 2.35089 2.5
    endloop
  endfacet
  facet normal 0 0 1
    outer loop
      vertex 12.2447 -1.70829 2.5
      vertex 9.74748 -3.57283 2.5
      vertex 10.0393 -3.85587 2.5
    endloop
  endfacet
  facet normal 0 0 1
    outer loop
      vertex 11.8377 0.873229 2.5
      vertex 8.6416 2.02715 2.5
      vertex 11.7776 0.657024 2.5
    endloop
  endfacet
  facet normal 0 0 1
    outer loop
      vertex 12.1184 -1.50515 2.5
      vertex 9.47831 -3.28 2.5
      vertex 9.74748 -3.57283 2.5
    endloop
  endfacet
  facet normal -0 0 1
    outer loop
      vertex 8.49529 1.69785 2.5
      vertex 11.7776 0.657024 2.5
      vertex 8.6416 2.02715 2.5
    endloop
  endfacet
  facet normal 0 0 1
    outer loop
      vertex 12.0083 -1.29787 2.5
      vertex 9.2325 -2.97818 2.5
      vertex 9.47831 -3.28 2.5
    endloop
  endfacet
  facet normal -0 0 1
    outer loop
      vertex 8.37503 1.3639 2.5
      vertex 11.7776 0.657024 2.5
      vertex 8.49529 1.69785 2.5
    endloop
  endfacet
  facet normal 0 0 1
    outer loop
      vertex 11.9147 -1.08704 2.5
      vertex 9.01071 -2.66819 2.5
      vertex 9.2325 -2.97818 2.5
    endloop
  endfacet
  facet normal 0 0 1
    outer loop
      vertex 11.7776 0.657024 2.5
      vertex 8.37503 1.3639 2.5
      vertex 11.7345 0.439019 2.5
    endloop
  endfacet
  facet normal 0 0 1
    outer loop
      vertex 11.9147 -1.08704 2.5
      vertex 8.81357 -2.35089 2.5
      vertex 9.01071 -2.66819 2.5
    endloop
  endfacet
  facet normal -0 0 1
    outer loop
      vertex 8.28115 1.02621 2.5
      vertex 11.7345 0.439019 2.5
      vertex 8.37503 1.3639 2.5
    endloop
  endfacet
  facet normal 0 0 1
    outer loop
      vertex 11.8377 -0.873229 2.5
      vertex 8.6416 -2.02715 2.5
      vertex 8.81357 -2.35089 2.5
    endloop
  endfacet
  facet normal 0 0 1
    outer loop
      vertex 11.7345 0.439019 2.5
      vertex 8.28115 1.02621 2.5
      vertex 11.7086 0.21981 2.5
    endloop
  endfacet
  facet normal 0 0 1
    outer loop
      vertex 11.7776 -0.657024 2.5
      vertex 8.49529 -1.69785 2.5
      vertex 8.6416 -2.02715 2.5
    endloop
  endfacet
  facet normal -0 0 1
    outer loop
      vertex 8.21391 0.685706 2.5
      vertex 11.7086 0.21981 2.5
      vertex 8.28115 1.02621 2.5
    endloop
  endfacet
  facet normal 0 0 1
    outer loop
      vertex 11.7776 -0.657024 2.5
      vertex 8.37503 -1.3639 2.5
      vertex 8.49529 -1.69785 2.5
    endloop
  endfacet
  facet normal -0 0 1
    outer loop
      vertex 8.17349 0.343324 2.5
      vertex 11.7086 0.21981 2.5
      vertex 8.21391 0.685706 2.5
    endloop
  endfacet
  facet normal 0 0 1
    outer loop
      vertex 11.7345 -0.439019 2.5
      vertex 8.28115 -1.02621 2.5
      vertex 8.37503 -1.3639 2.5
    endloop
  endfacet
  facet normal 0 0 1
    outer loop
      vertex 11.7086 0.21981 2.5
      vertex 8.17349 0.343324 2.5
      vertex 11.7 0 2.5
    endloop
  endfacet
  facet normal 0 0 1
    outer loop
      vertex 11.7086 -0.21981 2.5
      vertex 8.21391 -0.685706 2.5
      vertex 8.28115 -1.02621 2.5
    endloop
  endfacet
  facet normal 0 0 1
    outer loop
      vertex 8.16 0 2.5
      vertex 11.7 0 2.5
      vertex 8.17349 0.343324 2.5
    endloop
  endfacet
  facet normal 0 0 1
    outer loop
      vertex 11.7086 -0.21981 2.5
      vertex 8.17349 -0.343324 2.5
      vertex 8.21391 -0.685706 2.5
    endloop
  endfacet
  facet normal 0 0 1
    outer loop
      vertex 11.7 0 2.5
      vertex 8.16 0 2.5
      vertex 8.17349 -0.343324 2.5
    endloop
  endfacet
  facet normal -0.813276 0.581878 0
    outer loop
      vertex 9.01071 2.66819 0
      vertex 9.2325 2.97818 2.5
      vertex 9.2325 2.97818 0
    endloop
  endfacet
  facet normal -0.813276 0.581878 0
    outer loop
      vertex 9.2325 2.97818 2.5
      vertex 9.01071 2.66819 0
      vertex 9.01071 2.66819 2.5
    endloop
  endfacet
  facet normal -0.303028 0.952982 0
    outer loop
      vertex 13.9977 5.99286 0
      vertex 13.5327 5.845 2.5
      vertex 13.9977 5.99286 2.5
    endloop
  endfacet
  facet normal -0.303028 0.952982 0
    outer loop
      vertex 13.5327 5.845 2.5
      vertex 13.9977 5.99286 0
      vertex 13.5327 5.845 0
    endloop
  endfacet
  facet normal -0.849241 -0.528006 0
    outer loop
      vertex 23.8816 1.50515 1.3
      vertex 23.7553 1.70829 2.5
      vertex 23.7553 1.70829 1.3
    endloop
  endfacet
  facet normal -0.849241 -0.528006 0
    outer loop
      vertex 23.7553 1.70829 2.5
      vertex 23.8816 1.50515 1.3
      vertex 23.8816 1.50515 2.5
    endloop
  endfacet
  facet normal -0.993092 -0.117336 0
    outer loop
      vertex 24.2914 0.21981 1.3
      vertex 24.2655 0.439019 2.5
      vertex 24.2655 0.439019 1.3
    endloop
  endfacet
  facet normal -0.993092 -0.117336 0
    outer loop
      vertex 24.2655 0.439019 2.5
      vertex 24.2914 0.21981 1.3
      vertex 24.2914 0.21981 2.5
    endloop
  endfacet
  facet normal -0.999236 -0.0390948 0
    outer loop
      vertex 24.3 0 1.3
      vertex 24.2914 0.21981 2.5
      vertex 24.2914 0.21981 1.3
    endloop
  endfacet
  facet normal -0.999236 -0.0390948 0
    outer loop
      vertex 24.2914 0.21981 2.5
      vertex 24.3 0 1.3
      vertex 24.3 0 2.5
    endloop
  endfacet
  facet normal 0.494795 -0.86901 0
    outer loop
      vertex 13.7845 3.12121 1.3
      vertex 14.0353 3.26401 2.5
      vertex 13.7845 3.12121 2.5
    endloop
  endfacet
  facet normal 0.494795 -0.86901 0
    outer loop
      vertex 14.0353 3.26401 2.5
      vertex 13.7845 3.12121 1.3
      vertex 14.0353 3.26401 1.3
    endloop
  endfacet
  facet normal -0.266208 -0.963916 0
    outer loop
      vertex 20.2577 3.92104 1.3
      vertex 20.5624 3.83689 2.5
      vertex 20.2577 3.92104 2.5
    endloop
  endfacet
  facet normal -0.266208 -0.963916 -0
    outer loop
      vertex 20.5624 3.83689 2.5
      vertex 20.2577 3.92104 1.3
      vertex 20.5624 3.83689 1.3
    endloop
  endfacet
  facet normal 0.416586 -0.909096 0
    outer loop
      vertex 14.297 3.39787 1.3
      vertex 14.5688 3.52242 2.5
      vertex 14.297 3.39787 2.5
    endloop
  endfacet
  facet normal 0.416586 -0.909096 0
    outer loop
      vertex 14.5688 3.52242 2.5
      vertex 14.297 3.39787 1.3
      vertex 14.5688 3.52242 1.3
    endloop
  endfacet
  facet normal 0.913976 0.405768 0
    outer loop
      vertex 12.0083 -1.29787 2.5
      vertex 11.9147 -1.08704 1.3
      vertex 11.9147 -1.08704 2.5
    endloop
  endfacet
  facet normal 0.913976 0.405768 0
    outer loop
      vertex 11.9147 -1.08704 1.3
      vertex 12.0083 -1.29787 2.5
      vertex 12.0083 -1.29787 1.3
    endloop
  endfacet
  facet normal 0.455387 0.890294 -0
    outer loop
      vertex 14.297 -3.39787 1.3
      vertex 14.0353 -3.26401 2.5
      vertex 14.297 -3.39787 2.5
    endloop
  endfacet
  facet normal 0.455387 0.890294 0
    outer loop
      vertex 14.0353 -3.26401 2.5
      vertex 14.297 -3.39787 1.3
      vertex 14.0353 -3.26401 1.3
    endloop
  endfacet
  facet normal 0.574913 0.818215 -0
    outer loop
      vertex 13.5452 -2.96985 1.3
      vertex 13.3182 -2.81035 2.5
      vertex 13.5452 -2.96985 2.5
    endloop
  endfacet
  facet normal 0.574913 0.818215 0
    outer loop
      vertex 13.3182 -2.81035 2.5
      vertex 13.5452 -2.96985 1.3
      vertex 13.3182 -2.81035 1.3
    endloop
  endfacet
  facet normal -0.981012 0.193948 0
    outer loop
      vertex 24.2224 -0.657024 1.3
      vertex 24.2655 -0.439019 2.5
      vertex 24.2655 -0.439019 1.3
    endloop
  endfacet
  facet normal -0.981012 0.193948 0
    outer loop
      vertex 24.2655 -0.439019 2.5
      vertex 24.2224 -0.657024 1.3
      vertex 24.2224 -0.657024 2.5
    endloop
  endfacet
  facet normal 0.0874315 -0.996171 0
    outer loop
      vertex 17.0145 4.14829 1.3
      vertex 17.3415 4.17699 2.5
      vertex 17.0145 4.14829 2.5
    endloop
  endfacet
  facet normal 0.0874315 -0.996171 0
    outer loop
      vertex 17.3415 4.17699 2.5
      vertex 17.0145 4.14829 1.3
      vertex 17.3415 4.17699 1.3
    endloop
  endfacet
  facet normal -0.0523915 0.998627 0
    outer loop
      vertex 18.6585 -4.17699 1.3
      vertex 18.3297 -4.19424 2.5
      vertex 18.6585 -4.17699 2.5
    endloop
  endfacet
  facet normal -0.0523915 0.998627 0
    outer loop
      vertex 18.3297 -4.19424 2.5
      vertex 18.6585 -4.17699 1.3
      vertex 18.3297 -4.19424 1.3
    endloop
  endfacet
  facet normal -0.913976 0.405768 0
    outer loop
      vertex 23.9917 -1.29787 1.3
      vertex 24.0853 -1.08704 2.5
      vertex 24.0853 -1.08704 1.3
    endloop
  endfacet
  facet normal -0.913976 0.405768 0
    outer loop
      vertex 24.0853 -1.08704 2.5
      vertex 23.9917 -1.29787 1.3
      vertex 23.9917 -1.29787 2.5
    endloop
  endfacet
  facet normal 0.229772 -0.973244 0
    outer loop
      vertex 15.7423 3.92104 1.3
      vertex 16.0532 3.99444 2.5
      vertex 15.7423 3.92104 2.5
    endloop
  endfacet
  facet normal 0.229772 -0.973244 0
    outer loop
      vertex 16.0532 3.99444 2.5
      vertex 15.7423 3.92104 1.3
      vertex 16.0532 3.99444 1.3
    endloop
  endfacet
  facet normal -0.696305 0.717746 0
    outer loop
      vertex 23.2836 -2.28748 1.3
      vertex 23.0968 -2.4687 2.5
      vertex 23.2836 -2.28748 2.5
    endloop
  endfacet
  facet normal -0.696305 0.717746 0
    outer loop
      vertex 23.0968 -2.4687 2.5
      vertex 23.2836 -2.28748 1.3
      vertex 23.0968 -2.4687 1.3
    endloop
  endfacet
  facet normal -0.266208 0.963916 0
    outer loop
      vertex 20.5624 -3.83689 1.3
      vertex 20.2577 -3.92104 2.5
      vertex 20.5624 -3.83689 2.5
    endloop
  endfacet
  facet normal -0.266208 0.963916 0
    outer loop
      vertex 20.2577 -3.92104 2.5
      vertex 20.5624 -3.83689 1.3
      vertex 20.2577 -3.92104 1.3
    endloop
  endfacet
  facet normal 0.963468 0.267822 0
    outer loop
      vertex 11.8377 -0.873229 2.5
      vertex 11.7776 -0.657024 1.3
      vertex 11.7776 -0.657024 2.5
    endloop
  endfacet
  facet normal 0.963468 0.267822 0
    outer loop
      vertex 11.7776 -0.657024 1.3
      vertex 11.8377 -0.873229 2.5
      vertex 11.8377 -0.873229 1.3
    endloop
  endfacet
  facet normal -0.813276 -0.581878 0
    outer loop
      vertex 23.7553 1.70829 1.3
      vertex 23.6133 1.90676 2.5
      vertex 23.6133 1.90676 1.3
    endloop
  endfacet
  facet normal -0.813276 -0.581878 0
    outer loop
      vertex 23.6133 1.90676 2.5
      vertex 23.7553 1.70829 1.3
      vertex 23.7553 1.70829 2.5
    endloop
  endfacet
  facet normal 0.0523915 -0.998627 0
    outer loop
      vertex 17.3415 4.17699 1.3
      vertex 17.6703 4.19424 2.5
      vertex 17.3415 4.17699 2.5
    endloop
  endfacet
  facet normal 0.0523915 -0.998627 0
    outer loop
      vertex 17.6703 4.19424 2.5
      vertex 17.3415 4.17699 1.3
      vertex 17.6703 4.19424 1.3
    endloop
  endfacet
  facet normal -0.775539 0.631299 0
    outer loop
      vertex 23.456 -2.1 1.3
      vertex 23.6133 -1.90676 2.5
      vertex 23.6133 -1.90676 1.3
    endloop
  endfacet
  facet normal -0.775539 0.631299 0
    outer loop
      vertex 23.6133 -1.90676 2.5
      vertex 23.456 -2.1 1.3
      vertex 23.456 -2.1 2.5
    endloop
  endfacet
  facet normal -0.940848 0.338829 0
    outer loop
      vertex 24.0853 -1.08704 1.3
      vertex 24.1623 -0.873229 2.5
      vertex 24.1623 -0.873229 1.3
    endloop
  endfacet
  facet normal -0.940848 0.338829 0
    outer loop
      vertex 24.1623 -0.873229 2.5
      vertex 24.0853 -1.08704 1.3
      vertex 24.0853 -1.08704 2.5
    endloop
  endfacet
  facet normal 0.993092 -0.117336 0
    outer loop
      vertex 11.7086 0.21981 2.5
      vertex 11.7345 0.439019 1.3
      vertex 11.7345 0.439019 2.5
    endloop
  endfacet
  facet normal 0.993092 -0.117336 0
    outer loop
      vertex 11.7345 0.439019 1.3
      vertex 11.7086 0.21981 2.5
      vertex 11.7086 0.21981 1.3
    endloop
  endfacet
  facet normal -0.655839 -0.754901 0
    outer loop
      vertex 22.896 2.64315 1.3
      vertex 23.0968 2.4687 2.5
      vertex 22.896 2.64315 2.5
    endloop
  endfacet
  facet normal -0.655839 -0.754901 -0
    outer loop
      vertex 23.0968 2.4687 2.5
      vertex 22.896 2.64315 1.3
      vertex 23.0968 2.4687 1.3
    endloop
  endfacet
  facet normal 0.883147 0.469097 0
    outer loop
      vertex 12.1184 -1.50515 2.5
      vertex 12.0083 -1.29787 1.3
      vertex 12.0083 -1.29787 2.5
    endloop
  endfacet
  facet normal 0.883147 0.469097 0
    outer loop
      vertex 12.0083 -1.29787 1.3
      vertex 12.1184 -1.50515 2.5
      vertex 12.1184 -1.50515 1.3
    endloop
  endfacet
  facet normal 0.193759 0.981049 -0
    outer loop
      vertex 16.3694 -4.05689 1.3
      vertex 16.0532 -3.99444 2.5
      vertex 16.3694 -4.05689 2.5
    endloop
  endfacet
  facet normal 0.193759 0.981049 0
    outer loop
      vertex 16.0532 -3.99444 2.5
      vertex 16.3694 -4.05689 1.3
      vertex 16.0532 -3.99444 1.3
    endloop
  endfacet
  facet normal -0.340315 -0.940311 0
    outer loop
      vertex 20.8601 3.74223 1.3
      vertex 21.15 3.63731 2.5
      vertex 20.8601 3.74223 2.5
    endloop
  endfacet
  facet normal -0.340315 -0.940311 -0
    outer loop
      vertex 21.15 3.63731 2.5
      vertex 20.8601 3.74223 1.3
      vertex 21.15 3.63731 1.3
    endloop
  endfacet
  facet normal -0.940848 -0.338829 0
    outer loop
      vertex 24.1623 0.873229 1.3
      vertex 24.0853 1.08704 2.5
      vertex 24.0853 1.08704 1.3
    endloop
  endfacet
  facet normal -0.940848 -0.338829 0
    outer loop
      vertex 24.0853 1.08704 2.5
      vertex 24.1623 0.873229 1.3
      vertex 24.1623 0.873229 2.5
    endloop
  endfacet
  facet normal 0.574913 -0.818215 0
    outer loop
      vertex 13.3182 2.81035 1.3
      vertex 13.5452 2.96985 2.5
      vertex 13.3182 2.81035 2.5
    endloop
  endfacet
  facet normal 0.574913 -0.818215 0
    outer loop
      vertex 13.5452 2.96985 2.5
      vertex 13.3182 2.81035 1.3
      vertex 13.5452 2.96985 1.3
    endloop
  endfacet
  facet normal -0.37822 0.925716 0
    outer loop
      vertex 21.4312 -3.52242 1.3
      vertex 21.15 -3.63731 2.5
      vertex 21.4312 -3.52242 2.5
    endloop
  endfacet
  facet normal -0.37822 0.925716 0
    outer loop
      vertex 21.15 -3.63731 2.5
      vertex 21.4312 -3.52242 1.3
      vertex 21.15 -3.63731 1.3
    endloop
  endfacet
  facet normal 0.940848 0.338829 0
    outer loop
      vertex 11.9147 -1.08704 2.5
      vertex 11.8377 -0.873229 1.3
      vertex 11.8377 -0.873229 2.5
    endloop
  endfacet
  facet normal 0.940848 0.338829 0
    outer loop
      vertex 11.8377 -0.873229 1.3
      vertex 11.9147 -1.08704 2.5
      vertex 11.9147 -1.08704 1.3
    endloop
  endfacet
  facet normal -0.416586 -0.909096 0
    outer loop
      vertex 21.4312 3.52242 1.3
      vertex 21.703 3.39787 2.5
      vertex 21.4312 3.52242 2.5
    endloop
  endfacet
  facet normal -0.416586 -0.909096 -0
    outer loop
      vertex 21.703 3.39787 2.5
      vertex 21.4312 3.52242 1.3
      vertex 21.703 3.39787 1.3
    endloop
  endfacet
  facet normal 0.736091 -0.676883 0
    outer loop
      vertex 12.544 2.1 2.5
      vertex 12.7164 2.28748 1.3
      vertex 12.7164 2.28748 2.5
    endloop
  endfacet
  facet normal 0.736091 -0.676883 0
    outer loop
      vertex 12.7164 2.28748 1.3
      vertex 12.544 2.1 2.5
      vertex 12.544 2.1 1.3
    endloop
  endfacet
  facet normal -0.813276 0.581878 0
    outer loop
      vertex 23.6133 -1.90676 1.3
      vertex 23.7553 -1.70829 2.5
      vertex 23.7553 -1.70829 1.3
    endloop
  endfacet
  facet normal -0.813276 0.581878 0
    outer loop
      vertex 23.7553 -1.70829 2.5
      vertex 23.6133 -1.90676 1.3
      vertex 23.6133 -1.90676 2.5
    endloop
  endfacet
  facet normal -0.696305 -0.717746 0
    outer loop
      vertex 23.0968 2.4687 1.3
      vertex 23.2836 2.28748 2.5
      vertex 23.0968 2.4687 2.5
    endloop
  endfacet
  facet normal -0.696305 -0.717746 -0
    outer loop
      vertex 23.2836 2.28748 2.5
      vertex 23.0968 2.4687 1.3
      vertex 23.2836 2.28748 1.3
    endloop
  endfacet
  facet normal -0.0174678 -0.999847 0
    outer loop
      vertex 18 4.2 1.3
      vertex 18.3297 4.19424 2.5
      vertex 18 4.2 2.5
    endloop
  endfacet
  facet normal -0.0174678 -0.999847 -0
    outer loop
      vertex 18.3297 4.19424 2.5
      vertex 18 4.2 1.3
      vertex 18.3297 4.19424 1.3
    endloop
  endfacet
  facet normal -0.913976 -0.405768 0
    outer loop
      vertex 24.0853 1.08704 1.3
      vertex 23.9917 1.29787 2.5
      vertex 23.9917 1.29787 1.3
    endloop
  endfacet
  facet normal -0.913976 -0.405768 0
    outer loop
      vertex 23.9917 1.29787 2.5
      vertex 24.0853 1.08704 1.3
      vertex 24.0853 1.08704 2.5
    endloop
  endfacet
  facet normal -0.615315 -0.788281 0
    outer loop
      vertex 22.6818 2.81035 1.3
      vertex 22.896 2.64315 2.5
      vertex 22.6818 2.81035 2.5
    endloop
  endfacet
  facet normal -0.615315 -0.788281 -0
    outer loop
      vertex 22.896 2.64315 2.5
      vertex 22.6818 2.81035 1.3
      vertex 22.896 2.64315 1.3
    endloop
  endfacet
  facet normal 0.883147 -0.469097 0
    outer loop
      vertex 12.0083 1.29787 2.5
      vertex 12.1184 1.50515 1.3
      vertex 12.1184 1.50515 2.5
    endloop
  endfacet
  facet normal 0.883147 -0.469097 0
    outer loop
      vertex 12.1184 1.50515 1.3
      vertex 12.0083 1.29787 2.5
      vertex 12.0083 1.29787 1.3
    endloop
  endfacet
  facet normal -0.574913 -0.818215 0
    outer loop
      vertex 22.4548 2.96985 1.3
      vertex 22.6818 2.81035 2.5
      vertex 22.4548 2.96985 2.5
    endloop
  endfacet
  facet normal -0.574913 -0.818215 -0
    outer loop
      vertex 22.6818 2.81035 2.5
      vertex 22.4548 2.96985 1.3
      vertex 22.6818 2.81035 1.3
    endloop
  endfacet
  facet normal -0.963468 -0.267822 0
    outer loop
      vertex 24.2224 0.657024 1.3
      vertex 24.1623 0.873229 2.5
      vertex 24.1623 0.873229 1.3
    endloop
  endfacet
  facet normal -0.963468 -0.267822 0
    outer loop
      vertex 24.1623 0.873229 2.5
      vertex 24.2224 0.657024 1.3
      vertex 24.2224 0.657024 2.5
    endloop
  endfacet
  facet normal -0.303021 -0.952984 0
    outer loop
      vertex 20.5624 3.83689 1.3
      vertex 20.8601 3.74223 2.5
      vertex 20.5624 3.83689 2.5
    endloop
  endfacet
  facet normal -0.303021 -0.952984 -0
    outer loop
      vertex 20.8601 3.74223 2.5
      vertex 20.5624 3.83689 1.3
      vertex 20.8601 3.74223 1.3
    endloop
  endfacet
  facet normal 0.981012 -0.193948 0
    outer loop
      vertex 11.7345 0.439019 2.5
      vertex 11.7776 0.657024 1.3
      vertex 11.7776 0.657024 2.5
    endloop
  endfacet
  facet normal 0.981012 -0.193948 0
    outer loop
      vertex 11.7776 0.657024 1.3
      vertex 11.7345 0.439019 2.5
      vertex 11.7345 0.439019 1.3
    endloop
  endfacet
  facet normal -0.736091 -0.676883 0
    outer loop
      vertex 23.456 2.1 1.3
      vertex 23.2836 2.28748 2.5
      vertex 23.2836 2.28748 1.3
    endloop
  endfacet
  facet normal -0.736091 -0.676883 0
    outer loop
      vertex 23.2836 2.28748 2.5
      vertex 23.456 2.1 1.3
      vertex 23.456 2.1 2.5
    endloop
  endfacet
  facet normal -0.615315 0.788281 0
    outer loop
      vertex 22.896 -2.64315 1.3
      vertex 22.6818 -2.81035 2.5
      vertex 22.896 -2.64315 2.5
    endloop
  endfacet
  facet normal -0.615315 0.788281 0
    outer loop
      vertex 22.6818 -2.81035 2.5
      vertex 22.896 -2.64315 1.3
      vertex 22.6818 -2.81035 1.3
    endloop
  endfacet
  facet normal -0.0174678 0.999847 0
    outer loop
      vertex 18.3297 -4.19424 1.3
      vertex 18 -4.2 2.5
      vertex 18.3297 -4.19424 2.5
    endloop
  endfacet
  facet normal -0.0174678 0.999847 0
    outer loop
      vertex 18 -4.2 2.5
      vertex 18.3297 -4.19424 1.3
      vertex 18 -4.2 1.3
    endloop
  endfacet
  facet normal 0.655839 0.754901 -0
    outer loop
      vertex 13.104 -2.64315 1.3
      vertex 12.9032 -2.4687 2.5
      vertex 13.104 -2.64315 2.5
    endloop
  endfacet
  facet normal 0.655839 0.754901 0
    outer loop
      vertex 12.9032 -2.4687 2.5
      vertex 13.104 -2.64315 1.3
      vertex 12.9032 -2.4687 1.3
    endloop
  endfacet
  facet normal -0.37822 -0.925716 0
    outer loop
      vertex 21.15 3.63731 1.3
      vertex 21.4312 3.52242 2.5
      vertex 21.15 3.63731 2.5
    endloop
  endfacet
  facet normal -0.37822 -0.925716 -0
    outer loop
      vertex 21.4312 3.52242 2.5
      vertex 21.15 3.63731 1.3
      vertex 21.4312 3.52242 1.3
    endloop
  endfacet
  facet normal -0.736091 0.676883 0
    outer loop
      vertex 23.2836 -2.28748 1.3
      vertex 23.456 -2.1 2.5
      vertex 23.456 -2.1 1.3
    endloop
  endfacet
  facet normal -0.736091 0.676883 0
    outer loop
      vertex 23.456 -2.1 2.5
      vertex 23.2836 -2.28748 1.3
      vertex 23.2836 -2.28748 2.5
    endloop
  endfacet
  facet normal 0.193759 -0.981049 0
    outer loop
      vertex 16.0532 3.99444 1.3
      vertex 16.3694 4.05689 2.5
      vertex 16.0532 3.99444 2.5
    endloop
  endfacet
  facet normal 0.193759 -0.981049 0
    outer loop
      vertex 16.3694 4.05689 2.5
      vertex 16.0532 3.99444 1.3
      vertex 16.3694 4.05689 1.3
    endloop
  endfacet
  facet normal 0.455387 -0.890294 0
    outer loop
      vertex 14.0353 3.26401 1.3
      vertex 14.297 3.39787 2.5
      vertex 14.0353 3.26401 2.5
    endloop
  endfacet
  facet normal 0.455387 -0.890294 0
    outer loop
      vertex 14.297 3.39787 2.5
      vertex 14.0353 3.26401 1.3
      vertex 14.297 3.39787 1.3
    endloop
  endfacet
  facet normal -0.416586 0.909096 0
    outer loop
      vertex 21.703 -3.39787 1.3
      vertex 21.4312 -3.52242 2.5
      vertex 21.703 -3.39787 2.5
    endloop
  endfacet
  facet normal -0.416586 0.909096 0
    outer loop
      vertex 21.4312 -3.52242 2.5
      vertex 21.703 -3.39787 1.3
      vertex 21.4312 -3.52242 1.3
    endloop
  endfacet
  facet normal -0.655839 0.754901 0
    outer loop
      vertex 23.0968 -2.4687 1.3
      vertex 22.896 -2.64315 2.5
      vertex 23.0968 -2.4687 2.5
    endloop
  endfacet
  facet normal -0.655839 0.754901 0
    outer loop
      vertex 22.896 -2.64315 2.5
      vertex 23.0968 -2.4687 1.3
      vertex 22.896 -2.64315 1.3
    endloop
  endfacet
  facet normal -0.193759 0.981049 0
    outer loop
      vertex 19.9468 -3.99444 1.3
      vertex 19.6306 -4.05689 2.5
      vertex 19.9468 -3.99444 2.5
    endloop
  endfacet
  facet normal -0.193759 0.981049 0
    outer loop
      vertex 19.6306 -4.05689 2.5
      vertex 19.9468 -3.99444 1.3
      vertex 19.6306 -4.05689 1.3
    endloop
  endfacet
  facet normal -0.963468 0.267822 0
    outer loop
      vertex 24.1623 -0.873229 1.3
      vertex 24.2224 -0.657024 2.5
      vertex 24.2224 -0.657024 1.3
    endloop
  endfacet
  facet normal -0.963468 0.267822 0
    outer loop
      vertex 24.2224 -0.657024 2.5
      vertex 24.1623 -0.873229 1.3
      vertex 24.1623 -0.873229 2.5
    endloop
  endfacet
  facet normal 0.963468 -0.267822 0
    outer loop
      vertex 11.7776 0.657024 2.5
      vertex 11.8377 0.873229 1.3
      vertex 11.8377 0.873229 2.5
    endloop
  endfacet
  facet normal 0.963468 -0.267822 0
    outer loop
      vertex 11.8377 0.873229 1.3
      vertex 11.7776 0.657024 2.5
      vertex 11.7776 0.657024 1.3
    endloop
  endfacet
  facet normal -0.0874315 0.996171 0
    outer loop
      vertex 18.9855 -4.14829 1.3
      vertex 18.6585 -4.17699 2.5
      vertex 18.9855 -4.14829 2.5
    endloop
  endfacet
  facet normal -0.0874315 0.996171 0
    outer loop
      vertex 18.6585 -4.17699 2.5
      vertex 18.9855 -4.14829 1.3
      vertex 18.6585 -4.17699 1.3
    endloop
  endfacet
  facet normal -0.157997 -0.98744 0
    outer loop
      vertex 19.3098 4.10822 1.3
      vertex 19.6306 4.05689 2.5
      vertex 19.3098 4.10822 2.5
    endloop
  endfacet
  facet normal -0.157997 -0.98744 -0
    outer loop
      vertex 19.6306 4.05689 2.5
      vertex 19.3098 4.10822 1.3
      vertex 19.6306 4.05689 1.3
    endloop
  endfacet
  facet normal -0.340315 0.940311 0
    outer loop
      vertex 21.15 -3.63731 1.3
      vertex 20.8601 -3.74223 2.5
      vertex 21.15 -3.63731 2.5
    endloop
  endfacet
  facet normal -0.340315 0.940311 0
    outer loop
      vertex 20.8601 -3.74223 2.5
      vertex 21.15 -3.63731 1.3
      vertex 20.8601 -3.74223 1.3
    endloop
  endfacet
  facet normal 0.993092 0.117336 0
    outer loop
      vertex 11.7345 -0.439019 2.5
      vertex 11.7086 -0.21981 1.3
      vertex 11.7086 -0.21981 2.5
    endloop
  endfacet
  facet normal 0.993092 0.117336 0
    outer loop
      vertex 11.7086 -0.21981 1.3
      vertex 11.7345 -0.439019 2.5
      vertex 11.7345 -0.439019 1.3
    endloop
  endfacet
  facet normal 0.615315 0.788281 -0
    outer loop
      vertex 13.3182 -2.81035 1.3
      vertex 13.104 -2.64315 2.5
      vertex 13.3182 -2.81035 2.5
    endloop
  endfacet
  facet normal 0.615315 0.788281 0
    outer loop
      vertex 13.104 -2.64315 2.5
      vertex 13.3182 -2.81035 1.3
      vertex 13.104 -2.64315 1.3
    endloop
  endfacet
  facet normal 0.999236 0.0390948 0
    outer loop
      vertex 11.7086 -0.21981 2.5
      vertex 11.7 0 1.3
      vertex 11.7 0 2.5
    endloop
  endfacet
  facet normal 0.999236 0.0390948 0
    outer loop
      vertex 11.7 0 1.3
      vertex 11.7086 -0.21981 2.5
      vertex 11.7086 -0.21981 1.3
    endloop
  endfacet
  facet normal 0.0874315 0.996171 -0
    outer loop
      vertex 17.3415 -4.17699 1.3
      vertex 17.0145 -4.14829 2.5
      vertex 17.3415 -4.17699 2.5
    endloop
  endfacet
  facet normal 0.0874315 0.996171 0
    outer loop
      vertex 17.0145 -4.14829 2.5
      vertex 17.3415 -4.17699 1.3
      vertex 17.0145 -4.14829 1.3
    endloop
  endfacet
  facet normal -0.993092 0.117336 0
    outer loop
      vertex 24.2655 -0.439019 1.3
      vertex 24.2914 -0.21981 2.5
      vertex 24.2914 -0.21981 1.3
    endloop
  endfacet
  facet normal -0.993092 0.117336 0
    outer loop
      vertex 24.2914 -0.21981 2.5
      vertex 24.2655 -0.439019 1.3
      vertex 24.2655 -0.439019 2.5
    endloop
  endfacet
  facet normal -0.455387 -0.890294 0
    outer loop
      vertex 21.703 3.39787 1.3
      vertex 21.9647 3.26401 2.5
      vertex 21.703 3.39787 2.5
    endloop
  endfacet
  facet normal -0.455387 -0.890294 -0
    outer loop
      vertex 21.9647 3.26401 2.5
      vertex 21.703 3.39787 1.3
      vertex 21.9647 3.26401 1.3
    endloop
  endfacet
  facet normal -0.883147 -0.469097 0
    outer loop
      vertex 23.9917 1.29787 1.3
      vertex 23.8816 1.50515 2.5
      vertex 23.8816 1.50515 1.3
    endloop
  endfacet
  facet normal -0.883147 -0.469097 0
    outer loop
      vertex 23.8816 1.50515 2.5
      vertex 23.9917 1.29787 1.3
      vertex 23.9917 1.29787 2.5
    endloop
  endfacet
  facet normal -0.0874315 -0.996171 0
    outer loop
      vertex 18.6585 4.17699 1.3
      vertex 18.9855 4.14829 2.5
      vertex 18.6585 4.17699 2.5
    endloop
  endfacet
  facet normal -0.0874315 -0.996171 -0
    outer loop
      vertex 18.9855 4.14829 2.5
      vertex 18.6585 4.17699 1.3
      vertex 18.9855 4.14829 1.3
    endloop
  endfacet
  facet normal 0.913976 -0.405768 0
    outer loop
      vertex 11.9147 1.08704 2.5
      vertex 12.0083 1.29787 1.3
      vertex 12.0083 1.29787 2.5
    endloop
  endfacet
  facet normal 0.913976 -0.405768 0
    outer loop
      vertex 12.0083 1.29787 1.3
      vertex 11.9147 1.08704 2.5
      vertex 11.9147 1.08704 1.3
    endloop
  endfacet
  facet normal 0.0523915 0.998627 -0
    outer loop
      vertex 17.6703 -4.19424 1.3
      vertex 17.3415 -4.17699 2.5
      vertex 17.6703 -4.19424 2.5
    endloop
  endfacet
  facet normal 0.0523915 0.998627 0
    outer loop
      vertex 17.3415 -4.17699 2.5
      vertex 17.6703 -4.19424 1.3
      vertex 17.3415 -4.17699 1.3
    endloop
  endfacet
  facet normal 0.157997 0.98744 -0
    outer loop
      vertex 16.6902 -4.10822 1.3
      vertex 16.3694 -4.05689 2.5
      vertex 16.6902 -4.10822 2.5
    endloop
  endfacet
  facet normal 0.157997 0.98744 0
    outer loop
      vertex 16.3694 -4.05689 2.5
      vertex 16.6902 -4.10822 1.3
      vertex 16.3694 -4.05689 1.3
    endloop
  endfacet
  facet normal -0.883147 0.469097 0
    outer loop
      vertex 23.8816 -1.50515 1.3
      vertex 23.9917 -1.29787 2.5
      vertex 23.9917 -1.29787 1.3
    endloop
  endfacet
  facet normal -0.883147 0.469097 0
    outer loop
      vertex 23.9917 -1.29787 2.5
      vertex 23.8816 -1.50515 1.3
      vertex 23.8816 -1.50515 2.5
    endloop
  endfacet
  facet normal -0.775539 -0.631299 0
    outer loop
      vertex 23.6133 1.90676 1.3
      vertex 23.456 2.1 2.5
      vertex 23.456 2.1 1.3
    endloop
  endfacet
  facet normal -0.775539 -0.631299 0
    outer loop
      vertex 23.456 2.1 2.5
      vertex 23.6133 1.90676 1.3
      vertex 23.6133 1.90676 2.5
    endloop
  endfacet
  facet normal 0.940848 -0.338829 0
    outer loop
      vertex 11.8377 0.873229 2.5
      vertex 11.9147 1.08704 1.3
      vertex 11.9147 1.08704 2.5
    endloop
  endfacet
  facet normal 0.940848 -0.338829 0
    outer loop
      vertex 11.9147 1.08704 1.3
      vertex 11.8377 0.873229 2.5
      vertex 11.8377 0.873229 1.3
    endloop
  endfacet
  facet normal 0.655839 -0.754901 0
    outer loop
      vertex 12.9032 2.4687 1.3
      vertex 13.104 2.64315 2.5
      vertex 12.9032 2.4687 2.5
    endloop
  endfacet
  facet normal 0.655839 -0.754901 0
    outer loop
      vertex 13.104 2.64315 2.5
      vertex 12.9032 2.4687 1.3
      vertex 13.104 2.64315 1.3
    endloop
  endfacet
  facet normal -0.534556 0.845133 0
    outer loop
      vertex 22.4548 -2.96985 1.3
      vertex 22.2155 -3.12121 2.5
      vertex 22.4548 -2.96985 2.5
    endloop
  endfacet
  facet normal -0.534556 0.845133 0
    outer loop
      vertex 22.2155 -3.12121 2.5
      vertex 22.4548 -2.96985 1.3
      vertex 22.2155 -3.12121 1.3
    endloop
  endfacet
  facet normal 0.736091 0.676883 0
    outer loop
      vertex 12.7164 -2.28748 2.5
      vertex 12.544 -2.1 1.3
      vertex 12.544 -2.1 2.5
    endloop
  endfacet
  facet normal 0.736091 0.676883 0
    outer loop
      vertex 12.544 -2.1 1.3
      vertex 12.7164 -2.28748 2.5
      vertex 12.7164 -2.28748 1.3
    endloop
  endfacet
  facet normal 0.999236 -0.0390948 0
    outer loop
      vertex 11.7 0 2.5
      vertex 11.7086 0.21981 1.3
      vertex 11.7086 0.21981 2.5
    endloop
  endfacet
  facet normal 0.999236 -0.0390948 0
    outer loop
      vertex 11.7086 0.21981 1.3
      vertex 11.7 0 2.5
      vertex 11.7 0 1.3
    endloop
  endfacet
  facet normal -0.534556 -0.845133 0
    outer loop
      vertex 22.2155 3.12121 1.3
      vertex 22.4548 2.96985 2.5
      vertex 22.2155 3.12121 2.5
    endloop
  endfacet
  facet normal -0.534556 -0.845133 -0
    outer loop
      vertex 22.4548 2.96985 2.5
      vertex 22.2155 3.12121 1.3
      vertex 22.4548 2.96985 1.3
    endloop
  endfacet
  facet normal -0.981012 -0.193948 0
    outer loop
      vertex 24.2655 0.439019 1.3
      vertex 24.2224 0.657024 2.5
      vertex 24.2224 0.657024 1.3
    endloop
  endfacet
  facet normal -0.981012 -0.193948 0
    outer loop
      vertex 24.2224 0.657024 2.5
      vertex 24.2655 0.439019 1.3
      vertex 24.2655 0.439019 2.5
    endloop
  endfacet
  facet normal -0.0523915 -0.998627 0
    outer loop
      vertex 18.3297 4.19424 1.3
      vertex 18.6585 4.17699 2.5
      vertex 18.3297 4.19424 2.5
    endloop
  endfacet
  facet normal -0.0523915 -0.998627 -0
    outer loop
      vertex 18.6585 4.17699 2.5
      vertex 18.3297 4.19424 1.3
      vertex 18.6585 4.17699 1.3
    endloop
  endfacet
  facet normal -0.193759 -0.981049 0
    outer loop
      vertex 19.6306 4.05689 1.3
      vertex 19.9468 3.99444 2.5
      vertex 19.6306 4.05689 2.5
    endloop
  endfacet
  facet normal -0.193759 -0.981049 -0
    outer loop
      vertex 19.9468 3.99444 2.5
      vertex 19.6306 4.05689 1.3
      vertex 19.9468 3.99444 1.3
    endloop
  endfacet
  facet normal -0.494795 -0.86901 0
    outer loop
      vertex 21.9647 3.26401 1.3
      vertex 22.2155 3.12121 2.5
      vertex 21.9647 3.26401 2.5
    endloop
  endfacet
  facet normal -0.494795 -0.86901 -0
    outer loop
      vertex 22.2155 3.12121 2.5
      vertex 21.9647 3.26401 1.3
      vertex 22.2155 3.12121 1.3
    endloop
  endfacet
  facet normal -0.849241 0.528006 0
    outer loop
      vertex 23.7553 -1.70829 1.3
      vertex 23.8816 -1.50515 2.5
      vertex 23.8816 -1.50515 1.3
    endloop
  endfacet
  facet normal -0.849241 0.528006 0
    outer loop
      vertex 23.8816 -1.50515 2.5
      vertex 23.7553 -1.70829 1.3
      vertex 23.7553 -1.70829 2.5
    endloop
  endfacet
  facet normal 0.534556 -0.845133 0
    outer loop
      vertex 13.5452 2.96985 1.3
      vertex 13.7845 3.12121 2.5
      vertex 13.5452 2.96985 2.5
    endloop
  endfacet
  facet normal 0.534556 -0.845133 0
    outer loop
      vertex 13.7845 3.12121 2.5
      vertex 13.5452 2.96985 1.3
      vertex 13.7845 3.12121 1.3
    endloop
  endfacet
  facet normal 0.534556 0.845133 -0
    outer loop
      vertex 13.7845 -3.12121 1.3
      vertex 13.5452 -2.96985 2.5
      vertex 13.7845 -3.12121 2.5
    endloop
  endfacet
  facet normal 0.534556 0.845133 0
    outer loop
      vertex 13.5452 -2.96985 2.5
      vertex 13.7845 -3.12121 1.3
      vertex 13.5452 -2.96985 1.3
    endloop
  endfacet
  facet normal 0.122626 -0.992453 0
    outer loop
      vertex 16.6902 4.10822 1.3
      vertex 17.0145 4.14829 2.5
      vertex 16.6902 4.10822 2.5
    endloop
  endfacet
  facet normal 0.122626 -0.992453 0
    outer loop
      vertex 17.0145 4.14829 2.5
      vertex 16.6902 4.10822 1.3
      vertex 17.0145 4.14829 1.3
    endloop
  endfacet
  facet normal 0.813276 -0.581878 0
    outer loop
      vertex 12.2447 1.70829 2.5
      vertex 12.3867 1.90676 1.3
      vertex 12.3867 1.90676 2.5
    endloop
  endfacet
  facet normal 0.813276 -0.581878 0
    outer loop
      vertex 12.3867 1.90676 1.3
      vertex 12.2447 1.70829 2.5
      vertex 12.2447 1.70829 1.3
    endloop
  endfacet
  facet normal 0.266208 0.963916 -0
    outer loop
      vertex 15.7423 -3.92104 1.3
      vertex 15.4376 -3.83689 2.5
      vertex 15.7423 -3.92104 2.5
    endloop
  endfacet
  facet normal 0.266208 0.963916 0
    outer loop
      vertex 15.4376 -3.83689 2.5
      vertex 15.7423 -3.92104 1.3
      vertex 15.4376 -3.83689 1.3
    endloop
  endfacet
  facet normal -0.157997 0.98744 0
    outer loop
      vertex 19.6306 -4.05689 1.3
      vertex 19.3098 -4.10822 2.5
      vertex 19.6306 -4.05689 2.5
    endloop
  endfacet
  facet normal -0.157997 0.98744 0
    outer loop
      vertex 19.3098 -4.10822 2.5
      vertex 19.6306 -4.05689 1.3
      vertex 19.3098 -4.10822 1.3
    endloop
  endfacet
  facet normal 0.0174678 -0.999847 0
    outer loop
      vertex 17.6703 4.19424 1.3
      vertex 18 4.2 2.5
      vertex 17.6703 4.19424 2.5
    endloop
  endfacet
  facet normal 0.0174678 -0.999847 0
    outer loop
      vertex 18 4.2 2.5
      vertex 17.6703 4.19424 1.3
      vertex 18 4.2 1.3
    endloop
  endfacet
  facet normal 0.303021 -0.952984 0
    outer loop
      vertex 15.1399 3.74223 1.3
      vertex 15.4376 3.83689 2.5
      vertex 15.1399 3.74223 2.5
    endloop
  endfacet
  facet normal 0.303021 -0.952984 0
    outer loop
      vertex 15.4376 3.83689 2.5
      vertex 15.1399 3.74223 1.3
      vertex 15.4376 3.83689 1.3
    endloop
  endfacet
  facet normal -0.494795 0.86901 0
    outer loop
      vertex 22.2155 -3.12121 1.3
      vertex 21.9647 -3.26401 2.5
      vertex 22.2155 -3.12121 2.5
    endloop
  endfacet
  facet normal -0.494795 0.86901 0
    outer loop
      vertex 21.9647 -3.26401 2.5
      vertex 22.2155 -3.12121 1.3
      vertex 21.9647 -3.26401 1.3
    endloop
  endfacet
  facet normal -0.303021 0.952984 0
    outer loop
      vertex 20.8601 -3.74223 1.3
      vertex 20.5624 -3.83689 2.5
      vertex 20.8601 -3.74223 2.5
    endloop
  endfacet
  facet normal -0.303021 0.952984 0
    outer loop
      vertex 20.5624 -3.83689 2.5
      vertex 20.8601 -3.74223 1.3
      vertex 20.5624 -3.83689 1.3
    endloop
  endfacet
  facet normal -0.122626 0.992453 0
    outer loop
      vertex 19.3098 -4.10822 1.3
      vertex 18.9855 -4.14829 2.5
      vertex 19.3098 -4.10822 2.5
    endloop
  endfacet
  facet normal -0.122626 0.992453 0
    outer loop
      vertex 18.9855 -4.14829 2.5
      vertex 19.3098 -4.10822 1.3
      vertex 18.9855 -4.14829 1.3
    endloop
  endfacet
  facet normal 0.494795 0.86901 -0
    outer loop
      vertex 14.0353 -3.26401 1.3
      vertex 13.7845 -3.12121 2.5
      vertex 14.0353 -3.26401 2.5
    endloop
  endfacet
  facet normal 0.494795 0.86901 0
    outer loop
      vertex 13.7845 -3.12121 2.5
      vertex 14.0353 -3.26401 1.3
      vertex 13.7845 -3.12121 1.3
    endloop
  endfacet
  facet normal -0.999236 0.0390948 0
    outer loop
      vertex 24.2914 -0.21981 1.3
      vertex 24.3 0 2.5
      vertex 24.3 0 1.3
    endloop
  endfacet
  facet normal -0.999236 0.0390948 0
    outer loop
      vertex 24.3 0 2.5
      vertex 24.2914 -0.21981 1.3
      vertex 24.2914 -0.21981 2.5
    endloop
  endfacet
  facet normal 0.981012 0.193948 0
    outer loop
      vertex 11.7776 -0.657024 2.5
      vertex 11.7345 -0.439019 1.3
      vertex 11.7345 -0.439019 2.5
    endloop
  endfacet
  facet normal 0.981012 0.193948 0
    outer loop
      vertex 11.7345 -0.439019 1.3
      vertex 11.7776 -0.657024 2.5
      vertex 11.7776 -0.657024 1.3
    endloop
  endfacet
  facet normal 0.266208 -0.963916 0
    outer loop
      vertex 15.4376 3.83689 1.3
      vertex 15.7423 3.92104 2.5
      vertex 15.4376 3.83689 2.5
    endloop
  endfacet
  facet normal 0.266208 -0.963916 0
    outer loop
      vertex 15.7423 3.92104 2.5
      vertex 15.4376 3.83689 1.3
      vertex 15.7423 3.92104 1.3
    endloop
  endfacet
  facet normal 0.229772 0.973244 -0
    outer loop
      vertex 16.0532 -3.99444 1.3
      vertex 15.7423 -3.92104 2.5
      vertex 16.0532 -3.99444 2.5
    endloop
  endfacet
  facet normal 0.229772 0.973244 0
    outer loop
      vertex 15.7423 -3.92104 2.5
      vertex 16.0532 -3.99444 1.3
      vertex 15.7423 -3.92104 1.3
    endloop
  endfacet
  facet normal 0.696305 -0.717746 0
    outer loop
      vertex 12.7164 2.28748 1.3
      vertex 12.9032 2.4687 2.5
      vertex 12.7164 2.28748 2.5
    endloop
  endfacet
  facet normal 0.696305 -0.717746 0
    outer loop
      vertex 12.9032 2.4687 2.5
      vertex 12.7164 2.28748 1.3
      vertex 12.9032 2.4687 1.3
    endloop
  endfacet
  facet normal -0.229772 -0.973244 0
    outer loop
      vertex 19.9468 3.99444 1.3
      vertex 20.2577 3.92104 2.5
      vertex 19.9468 3.99444 2.5
    endloop
  endfacet
  facet normal -0.229772 -0.973244 -0
    outer loop
      vertex 20.2577 3.92104 2.5
      vertex 19.9468 3.99444 1.3
      vertex 20.2577 3.92104 1.3
    endloop
  endfacet
  facet normal -0.229772 0.973244 0
    outer loop
      vertex 20.2577 -3.92104 1.3
      vertex 19.9468 -3.99444 2.5
      vertex 20.2577 -3.92104 2.5
    endloop
  endfacet
  facet normal -0.229772 0.973244 0
    outer loop
      vertex 19.9468 -3.99444 2.5
      vertex 20.2577 -3.92104 1.3
      vertex 19.9468 -3.99444 1.3
    endloop
  endfacet
  facet normal 0.775539 -0.631299 0
    outer loop
      vertex 12.3867 1.90676 2.5
      vertex 12.544 2.1 1.3
      vertex 12.544 2.1 2.5
    endloop
  endfacet
  facet normal 0.775539 -0.631299 0
    outer loop
      vertex 12.544 2.1 1.3
      vertex 12.3867 1.90676 2.5
      vertex 12.3867 1.90676 1.3
    endloop
  endfacet
  facet normal 0.615315 -0.788281 0
    outer loop
      vertex 13.104 2.64315 1.3
      vertex 13.3182 2.81035 2.5
      vertex 13.104 2.64315 2.5
    endloop
  endfacet
  facet normal 0.615315 -0.788281 0
    outer loop
      vertex 13.3182 2.81035 2.5
      vertex 13.104 2.64315 1.3
      vertex 13.3182 2.81035 1.3
    endloop
  endfacet
  facet normal 0.37822 -0.925716 0
    outer loop
      vertex 14.5688 3.52242 1.3
      vertex 14.85 3.63731 2.5
      vertex 14.5688 3.52242 2.5
    endloop
  endfacet
  facet normal 0.37822 -0.925716 0
    outer loop
      vertex 14.85 3.63731 2.5
      vertex 14.5688 3.52242 1.3
      vertex 14.85 3.63731 1.3
    endloop
  endfacet
  facet normal 0.340315 -0.940311 0
    outer loop
      vertex 14.85 3.63731 1.3
      vertex 15.1399 3.74223 2.5
      vertex 14.85 3.63731 2.5
    endloop
  endfacet
  facet normal 0.340315 -0.940311 0
    outer loop
      vertex 15.1399 3.74223 2.5
      vertex 14.85 3.63731 1.3
      vertex 15.1399 3.74223 1.3
    endloop
  endfacet
  facet normal 0.696305 0.717746 -0
    outer loop
      vertex 12.9032 -2.4687 1.3
      vertex 12.7164 -2.28748 2.5
      vertex 12.9032 -2.4687 2.5
    endloop
  endfacet
  facet normal 0.696305 0.717746 0
    outer loop
      vertex 12.7164 -2.28748 2.5
      vertex 12.9032 -2.4687 1.3
      vertex 12.7164 -2.28748 1.3
    endloop
  endfacet
  facet normal 0.0174678 0.999847 -0
    outer loop
      vertex 18 -4.2 1.3
      vertex 17.6703 -4.19424 2.5
      vertex 18 -4.2 2.5
    endloop
  endfacet
  facet normal 0.0174678 0.999847 0
    outer loop
      vertex 17.6703 -4.19424 2.5
      vertex 18 -4.2 1.3
      vertex 17.6703 -4.19424 1.3
    endloop
  endfacet
  facet normal -0.574913 0.818215 0
    outer loop
      vertex 22.6818 -2.81035 1.3
      vertex 22.4548 -2.96985 2.5
      vertex 22.6818 -2.81035 2.5
    endloop
  endfacet
  facet normal -0.574913 0.818215 0
    outer loop
      vertex 22.4548 -2.96985 2.5
      vertex 22.6818 -2.81035 1.3
      vertex 22.4548 -2.96985 1.3
    endloop
  endfacet
  facet normal 0.849241 0.528006 0
    outer loop
      vertex 12.2447 -1.70829 2.5
      vertex 12.1184 -1.50515 1.3
      vertex 12.1184 -1.50515 2.5
    endloop
  endfacet
  facet normal 0.849241 0.528006 0
    outer loop
      vertex 12.1184 -1.50515 1.3
      vertex 12.2447 -1.70829 2.5
      vertex 12.2447 -1.70829 1.3
    endloop
  endfacet
  facet normal 0.37822 0.925716 -0
    outer loop
      vertex 14.85 -3.63731 1.3
      vertex 14.5688 -3.52242 2.5
      vertex 14.85 -3.63731 2.5
    endloop
  endfacet
  facet normal 0.37822 0.925716 0
    outer loop
      vertex 14.5688 -3.52242 2.5
      vertex 14.85 -3.63731 1.3
      vertex 14.5688 -3.52242 1.3
    endloop
  endfacet
  facet normal 0.340315 0.940311 -0
    outer loop
      vertex 15.1399 -3.74223 1.3
      vertex 14.85 -3.63731 2.5
      vertex 15.1399 -3.74223 2.5
    endloop
  endfacet
  facet normal 0.340315 0.940311 0
    outer loop
      vertex 14.85 -3.63731 2.5
      vertex 15.1399 -3.74223 1.3
      vertex 14.85 -3.63731 1.3
    endloop
  endfacet
  facet normal 0.157997 -0.98744 0
    outer loop
      vertex 16.3694 4.05689 1.3
      vertex 16.6902 4.10822 2.5
      vertex 16.3694 4.05689 2.5
    endloop
  endfacet
  facet normal 0.157997 -0.98744 0
    outer loop
      vertex 16.6902 4.10822 2.5
      vertex 16.3694 4.05689 1.3
      vertex 16.6902 4.10822 1.3
    endloop
  endfacet
  facet normal -0.122626 -0.992453 0
    outer loop
      vertex 18.9855 4.14829 1.3
      vertex 19.3098 4.10822 2.5
      vertex 18.9855 4.14829 2.5
    endloop
  endfacet
  facet normal -0.122626 -0.992453 -0
    outer loop
      vertex 19.3098 4.10822 2.5
      vertex 18.9855 4.14829 1.3
      vertex 19.3098 4.10822 1.3
    endloop
  endfacet
  facet normal 0.775539 0.631299 0
    outer loop
      vertex 12.544 -2.1 2.5
      vertex 12.3867 -1.90676 1.3
      vertex 12.3867 -1.90676 2.5
    endloop
  endfacet
  facet normal 0.775539 0.631299 0
    outer loop
      vertex 12.3867 -1.90676 1.3
      vertex 12.544 -2.1 2.5
      vertex 12.544 -2.1 1.3
    endloop
  endfacet
  facet normal 0.303021 0.952984 -0
    outer loop
      vertex 15.4376 -3.83689 1.3
      vertex 15.1399 -3.74223 2.5
      vertex 15.4376 -3.83689 2.5
    endloop
  endfacet
  facet normal 0.303021 0.952984 0
    outer loop
      vertex 15.1399 -3.74223 2.5
      vertex 15.4376 -3.83689 1.3
      vertex 15.1399 -3.74223 1.3
    endloop
  endfacet
  facet normal 0.849241 -0.528006 0
    outer loop
      vertex 12.1184 1.50515 2.5
      vertex 12.2447 1.70829 1.3
      vertex 12.2447 1.70829 2.5
    endloop
  endfacet
  facet normal 0.849241 -0.528006 0
    outer loop
      vertex 12.2447 1.70829 1.3
      vertex 12.1184 1.50515 2.5
      vertex 12.1184 1.50515 1.3
    endloop
  endfacet
  facet normal 0.122626 0.992453 -0
    outer loop
      vertex 17.0145 -4.14829 1.3
      vertex 16.6902 -4.10822 2.5
      vertex 17.0145 -4.14829 2.5
    endloop
  endfacet
  facet normal 0.122626 0.992453 0
    outer loop
      vertex 16.6902 -4.10822 2.5
      vertex 17.0145 -4.14829 1.3
      vertex 16.6902 -4.10822 1.3
    endloop
  endfacet
  facet normal -0.455387 0.890294 0
    outer loop
      vertex 21.9647 -3.26401 1.3
      vertex 21.703 -3.39787 2.5
      vertex 21.9647 -3.26401 2.5
    endloop
  endfacet
  facet normal -0.455387 0.890294 0
    outer loop
      vertex 21.703 -3.39787 2.5
      vertex 21.9647 -3.26401 1.3
      vertex 21.703 -3.39787 1.3
    endloop
  endfacet
  facet normal 0.416586 0.909096 -0
    outer loop
      vertex 14.5688 -3.52242 1.3
      vertex 14.297 -3.39787 2.5
      vertex 14.5688 -3.52242 2.5
    endloop
  endfacet
  facet normal 0.416586 0.909096 0
    outer loop
      vertex 14.297 -3.39787 2.5
      vertex 14.5688 -3.52242 1.3
      vertex 14.297 -3.39787 1.3
    endloop
  endfacet
  facet normal 0.813276 0.581878 0
    outer loop
      vertex 12.3867 -1.90676 2.5
      vertex 12.2447 -1.70829 1.3
      vertex 12.2447 -1.70829 2.5
    endloop
  endfacet
  facet normal 0.813276 0.581878 0
    outer loop
      vertex 12.2447 -1.70829 1.3
      vertex 12.3867 -1.90676 2.5
      vertex 12.3867 -1.90676 1.3
    endloop
  endfacet
  facet normal 0 0 -1
    outer loop
      vertex 27.8265 -0.343324 0
      vertex 27.8265 0.343324 0
      vertex 27.84 0 0
    endloop
  endfacet
  facet normal 0 0 -1
    outer loop
      vertex 27.7861 -0.685706 0
      vertex 27.8265 0.343324 0
      vertex 27.8265 -0.343324 0
    endloop
  endfacet
  facet normal 0 0 -1
    outer loop
      vertex 27.7861 -0.685706 0
      vertex 27.7861 0.685706 0
      vertex 27.8265 0.343324 0
    endloop
  endfacet
  facet normal 0 0 -1
    outer loop
      vertex 27.7189 -1.02621 0
      vertex 27.7861 0.685706 0
      vertex 27.7861 -0.685706 0
    endloop
  endfacet
  facet normal 0 0 -1
    outer loop
      vertex 27.7189 -1.02621 0
      vertex 27.7189 1.02621 0
      vertex 27.7861 0.685706 0
    endloop
  endfacet
  facet normal 0 0 -1
    outer loop
      vertex 27.625 -1.3639 0
      vertex 27.7189 1.02621 0
      vertex 27.7189 -1.02621 0
    endloop
  endfacet
  facet normal 0 0 -1
    outer loop
      vertex 27.625 -1.3639 0
      vertex 27.625 1.3639 0
      vertex 27.7189 1.02621 0
    endloop
  endfacet
  facet normal 0 0 -1
    outer loop
      vertex 27.5047 -1.69785 0
      vertex 27.625 1.3639 0
      vertex 27.625 -1.3639 0
    endloop
  endfacet
  facet normal 0 0 -1
    outer loop
      vertex 27.5047 -1.69785 0
      vertex 27.5047 1.69785 0
      vertex 27.625 1.3639 0
    endloop
  endfacet
  facet normal 0 0 -1
    outer loop
      vertex 27.3584 -2.02715 0
      vertex 27.5047 1.69785 0
      vertex 27.5047 -1.69785 0
    endloop
  endfacet
  facet normal 0 0 -1
    outer loop
      vertex 27.3584 -2.02715 0
      vertex 27.3584 2.02715 0
      vertex 27.5047 1.69785 0
    endloop
  endfacet
  facet normal 0 0 -1
    outer loop
      vertex 27.1864 -2.35089 0
      vertex 27.3584 2.02715 0
      vertex 27.3584 -2.02715 0
    endloop
  endfacet
  facet normal 0 0 -1
    outer loop
      vertex 27.1864 -2.35089 0
      vertex 27.1864 2.35089 0
      vertex 27.3584 2.02715 0
    endloop
  endfacet
  facet normal 0 0 -1
    outer loop
      vertex 26.9893 -2.66819 0
      vertex 27.1864 2.35089 0
      vertex 27.1864 -2.35089 0
    endloop
  endfacet
  facet normal 0 0 -1
    outer loop
      vertex 26.9893 -2.66819 0
      vertex 26.9893 2.66819 0
      vertex 27.1864 2.35089 0
    endloop
  endfacet
  facet normal 0 0 -1
    outer loop
      vertex 26.7675 -2.97818 0
      vertex 26.9893 2.66819 0
      vertex 26.9893 -2.66819 0
    endloop
  endfacet
  facet normal 0 0 -1
    outer loop
      vertex 26.7675 -2.97818 0
      vertex 26.7675 2.97818 0
      vertex 26.9893 2.66819 0
    endloop
  endfacet
  facet normal 0 0 -1
    outer loop
      vertex 26.5217 -3.28 0
      vertex 26.7675 2.97818 0
      vertex 26.7675 -2.97818 0
    endloop
  endfacet
  facet normal 0 0 -1
    outer loop
      vertex 26.5217 -3.28 0
      vertex 26.5217 3.28 0
      vertex 26.7675 2.97818 0
    endloop
  endfacet
  facet normal 0 0 -1
    outer loop
      vertex 26.2525 -3.57283 0
      vertex 26.5217 3.28 0
      vertex 26.5217 -3.28 0
    endloop
  endfacet
  facet normal 0 0 -1
    outer loop
      vertex 26.2525 -3.57283 0
      vertex 26.2525 3.57283 0
      vertex 26.5217 3.28 0
    endloop
  endfacet
  facet normal 0 0 -1
    outer loop
      vertex 25.9607 -3.85587 0
      vertex 26.2525 3.57283 0
      vertex 26.2525 -3.57283 0
    endloop
  endfacet
  facet normal 0 0 -1
    outer loop
      vertex 25.9607 -3.85587 0
      vertex 25.9607 3.85587 0
      vertex 26.2525 3.57283 0
    endloop
  endfacet
  facet normal 0 0 -1
    outer loop
      vertex 25.6471 -4.12834 0
      vertex 25.9607 3.85587 0
      vertex 25.9607 -3.85587 0
    endloop
  endfacet
  facet normal 0 0 -1
    outer loop
      vertex 25.6471 -4.12834 0
      vertex 25.6471 4.12834 0
      vertex 25.9607 3.85587 0
    endloop
  endfacet
  facet normal 0 0 -1
    outer loop
      vertex 25.3125 -4.3895 0
      vertex 25.6471 4.12834 0
      vertex 25.6471 -4.12834 0
    endloop
  endfacet
  facet normal 0 0 -1
    outer loop
      vertex 25.3125 -4.3895 0
      vertex 25.3125 4.3895 0
      vertex 25.6471 4.12834 0
    endloop
  endfacet
  facet normal 0 0 -1
    outer loop
      vertex 24.9579 -4.63862 0
      vertex 25.3125 4.3895 0
      vertex 25.3125 -4.3895 0
    endloop
  endfacet
  facet normal 0 0 -1
    outer loop
      vertex 24.9579 -4.63862 0
      vertex 24.9579 4.63862 0
      vertex 25.3125 4.3895 0
    endloop
  endfacet
  facet normal 0 0 -1
    outer loop
      vertex 24.5842 -4.87503 0
      vertex 24.9579 4.63862 0
      vertex 24.9579 -4.63862 0
    endloop
  endfacet
  facet normal 0 0 -1
    outer loop
      vertex 24.5842 -4.87503 0
      vertex 24.5842 4.87503 0
      vertex 24.9579 4.63862 0
    endloop
  endfacet
  facet normal 0 0 -1
    outer loop
      vertex 24.1925 -5.09808 0
      vertex 24.5842 4.87503 0
      vertex 24.5842 -4.87503 0
    endloop
  endfacet
  facet normal 0 0 -1
    outer loop
      vertex 24.1925 -5.09808 0
      vertex 24.1925 5.09808 0
      vertex 24.5842 4.87503 0
    endloop
  endfacet
  facet normal 0 0 -1
    outer loop
      vertex 23.7838 -5.30715 0
      vertex 24.1925 5.09808 0
      vertex 24.1925 -5.09808 0
    endloop
  endfacet
  facet normal 0 0 -1
    outer loop
      vertex 23.7838 -5.30715 0
      vertex 23.7838 5.30715 0
      vertex 24.1925 5.09808 0
    endloop
  endfacet
  facet normal 0 0 -1
    outer loop
      vertex 23.3592 -5.50168 0
      vertex 23.7838 5.30715 0
      vertex 23.7838 -5.30715 0
    endloop
  endfacet
  facet normal 0 0 -1
    outer loop
      vertex 23.3592 -5.50168 0
      vertex 23.3592 5.50168 0
      vertex 23.7838 5.30715 0
    endloop
  endfacet
  facet normal 0 0 -1
    outer loop
      vertex 22.92 -5.68113 0
      vertex 23.3592 5.50168 0
      vertex 23.3592 -5.50168 0
    endloop
  endfacet
  facet normal 0 0 -1
    outer loop
      vertex 22.92 -5.68113 0
      vertex 22.92 5.68113 0
      vertex 23.3592 5.50168 0
    endloop
  endfacet
  facet normal 0 0 -1
    outer loop
      vertex 22.4673 -5.845 0
      vertex 22.92 5.68113 0
      vertex 22.92 -5.68113 0
    endloop
  endfacet
  facet normal 0 0 -1
    outer loop
      vertex 22.4673 -5.845 0
      vertex 22.4673 5.845 0
      vertex 22.92 5.68113 0
    endloop
  endfacet
  facet normal 0 0 -1
    outer loop
      vertex 22.0023 -5.99286 0
      vertex 22.4673 5.845 0
      vertex 22.4673 -5.845 0
    endloop
  endfacet
  facet normal 0 0 -1
    outer loop
      vertex 22.0023 -5.99286 0
      vertex 22.0023 5.99286 0
      vertex 22.4673 5.845 0
    endloop
  endfacet
  facet normal 0 0 -1
    outer loop
      vertex 21.5263 -6.12429 0
      vertex 22.0023 5.99286 0
      vertex 22.0023 -5.99286 0
    endloop
  endfacet
  facet normal 0 0 -1
    outer loop
      vertex 21.5263 -6.12429 0
      vertex 21.5263 6.12429 0
      vertex 22.0023 5.99286 0
    endloop
  endfacet
  facet normal 0 0 -1
    outer loop
      vertex 21.0407 -6.23893 0
      vertex 21.5263 6.12429 0
      vertex 21.5263 -6.12429 0
    endloop
  endfacet
  facet normal 0 0 -1
    outer loop
      vertex 21.0407 -6.23893 0
      vertex 21.0407 6.23893 0
      vertex 21.5263 6.12429 0
    endloop
  endfacet
  facet normal 0 0 -1
    outer loop
      vertex 20.5468 -6.33647 0
      vertex 21.0407 6.23893 0
      vertex 21.0407 -6.23893 0
    endloop
  endfacet
  facet normal 0 0 -1
    outer loop
      vertex 20.5468 -6.33647 0
      vertex 20.5468 6.33647 0
      vertex 21.0407 6.23893 0
    endloop
  endfacet
  facet normal 0 0 -1
    outer loop
      vertex 20.0459 -6.41665 0
      vertex 20.5468 6.33647 0
      vertex 20.5468 -6.33647 0
    endloop
  endfacet
  facet normal 0 0 -1
    outer loop
      vertex 20.0459 -6.41665 0
      vertex 20.0459 6.41665 0
      vertex 20.5468 6.33647 0
    endloop
  endfacet
  facet normal 0 0 -1
    outer loop
      vertex 19.5393 -6.47923 0
      vertex 20.0459 6.41665 0
      vertex 20.0459 -6.41665 0
    endloop
  endfacet
  facet normal 0 0 -1
    outer loop
      vertex 19.5393 -6.47923 0
      vertex 19.5393 6.47923 0
      vertex 20.0459 6.41665 0
    endloop
  endfacet
  facet normal 0 0 -1
    outer loop
      vertex 19.0286 -6.52406 0
      vertex 19.5393 6.47923 0
      vertex 19.5393 -6.47923 0
    endloop
  endfacet
  facet normal 0 0 -1
    outer loop
      vertex 19.0286 -6.52406 0
      vertex 19.0286 6.52406 0
      vertex 19.5393 6.47923 0
    endloop
  endfacet
  facet normal 0 0 -1
    outer loop
      vertex 18.515 -6.55101 0
      vertex 19.0286 6.52406 0
      vertex 19.0286 -6.52406 0
    endloop
  endfacet
  facet normal 0 0 -1
    outer loop
      vertex 18.515 -6.55101 0
      vertex 18.515 6.55101 0
      vertex 19.0286 6.52406 0
    endloop
  endfacet
  facet normal 0 0 -1
    outer loop
      vertex 18 -6.56 0
      vertex 18.515 6.55101 0
      vertex 18.515 -6.55101 0
    endloop
  endfacet
  facet normal 0 0 -1
    outer loop
      vertex 18 -6.56 0
      vertex 18 6.56 0
      vertex 18.515 6.55101 0
    endloop
  endfacet
  facet normal 0 0 -1
    outer loop
      vertex 17.485 -6.55101 0
      vertex 18 6.56 0
      vertex 18 -6.56 0
    endloop
  endfacet
  facet normal 0 0 -1
    outer loop
      vertex 17.485 -6.55101 0
      vertex 17.485 6.55101 0
      vertex 18 6.56 0
    endloop
  endfacet
  facet normal 0 0 -1
    outer loop
      vertex 16.9714 -6.52406 0
      vertex 17.485 6.55101 0
      vertex 17.485 -6.55101 0
    endloop
  endfacet
  facet normal 0 0 -1
    outer loop
      vertex 16.9714 -6.52406 0
      vertex 16.9714 6.52406 0
      vertex 17.485 6.55101 0
    endloop
  endfacet
  facet normal 0 0 -1
    outer loop
      vertex 16.4607 -6.47923 0
      vertex 16.9714 6.52406 0
      vertex 16.9714 -6.52406 0
    endloop
  endfacet
  facet normal 0 0 -1
    outer loop
      vertex 16.4607 -6.47923 0
      vertex 16.4607 6.47923 0
      vertex 16.9714 6.52406 0
    endloop
  endfacet
  facet normal 0 0 -1
    outer loop
      vertex 15.9541 -6.41665 0
      vertex 16.4607 6.47923 0
      vertex 16.4607 -6.47923 0
    endloop
  endfacet
  facet normal 0 0 -1
    outer loop
      vertex 15.9541 -6.41665 0
      vertex 15.9541 6.41665 0
      vertex 16.4607 6.47923 0
    endloop
  endfacet
  facet normal 0 0 -1
    outer loop
      vertex 15.4532 -6.33647 0
      vertex 15.9541 6.41665 0
      vertex 15.9541 -6.41665 0
    endloop
  endfacet
  facet normal 0 0 -1
    outer loop
      vertex 15.4532 -6.33647 0
      vertex 15.4532 6.33647 0
      vertex 15.9541 6.41665 0
    endloop
  endfacet
  facet normal 0 0 -1
    outer loop
      vertex 14.9593 -6.23893 0
      vertex 15.4532 6.33647 0
      vertex 15.4532 -6.33647 0
    endloop
  endfacet
  facet normal 0 0 -1
    outer loop
      vertex 14.9593 -6.23893 0
      vertex 14.9593 6.23893 0
      vertex 15.4532 6.33647 0
    endloop
  endfacet
  facet normal 0 0 -1
    outer loop
      vertex 14.4737 -6.12429 0
      vertex 14.9593 6.23893 0
      vertex 14.9593 -6.23893 0
    endloop
  endfacet
  facet normal 0 0 -1
    outer loop
      vertex 14.4737 -6.12429 0
      vertex 14.4737 6.12429 0
      vertex 14.9593 6.23893 0
    endloop
  endfacet
  facet normal 0 0 -1
    outer loop
      vertex 13.9977 -5.99286 0
      vertex 14.4737 6.12429 0
      vertex 14.4737 -6.12429 0
    endloop
  endfacet
  facet normal 0 0 -1
    outer loop
      vertex 13.9977 -5.99286 0
      vertex 13.9977 5.99286 0
      vertex 14.4737 6.12429 0
    endloop
  endfacet
  facet normal 0 0 -1
    outer loop
      vertex 13.5327 -5.845 0
      vertex 13.9977 5.99286 0
      vertex 13.9977 -5.99286 0
    endloop
  endfacet
  facet normal 0 0 -1
    outer loop
      vertex 13.5327 -5.845 0
      vertex 13.5327 5.845 0
      vertex 13.9977 5.99286 0
    endloop
  endfacet
  facet normal 0 0 -1
    outer loop
      vertex 13.08 -5.68113 0
      vertex 13.5327 5.845 0
      vertex 13.5327 -5.845 0
    endloop
  endfacet
  facet normal 0 0 -1
    outer loop
      vertex 13.08 -5.68113 0
      vertex 13.08 5.68113 0
      vertex 13.5327 5.845 0
    endloop
  endfacet
  facet normal 0 0 -1
    outer loop
      vertex 12.6408 -5.50168 0
      vertex 13.08 5.68113 0
      vertex 13.08 -5.68113 0
    endloop
  endfacet
  facet normal 0 0 -1
    outer loop
      vertex 12.6408 -5.50168 0
      vertex 12.6408 5.50168 0
      vertex 13.08 5.68113 0
    endloop
  endfacet
  facet normal 0 0 -1
    outer loop
      vertex 12.2162 -5.30715 0
      vertex 12.6408 5.50168 0
      vertex 12.6408 -5.50168 0
    endloop
  endfacet
  facet normal 0 0 -1
    outer loop
      vertex 12.2162 -5.30715 0
      vertex 12.2162 5.30715 0
      vertex 12.6408 5.50168 0
    endloop
  endfacet
  facet normal 0 0 -1
    outer loop
      vertex 11.8075 -5.09808 0
      vertex 12.2162 5.30715 0
      vertex 12.2162 -5.30715 0
    endloop
  endfacet
  facet normal 0 0 -1
    outer loop
      vertex 11.8075 -5.09808 0
      vertex 11.8075 5.09808 0
      vertex 12.2162 5.30715 0
    endloop
  endfacet
  facet normal 0 0 -1
    outer loop
      vertex 11.4158 -4.87503 0
      vertex 11.8075 5.09808 0
      vertex 11.8075 -5.09808 0
    endloop
  endfacet
  facet normal 0 0 -1
    outer loop
      vertex 11.4158 -4.87503 0
      vertex 11.4158 4.87503 0
      vertex 11.8075 5.09808 0
    endloop
  endfacet
  facet normal 0 0 -1
    outer loop
      vertex 11.0421 -4.63862 0
      vertex 11.4158 4.87503 0
      vertex 11.4158 -4.87503 0
    endloop
  endfacet
  facet normal 0 0 -1
    outer loop
      vertex 11.0421 -4.63862 0
      vertex 11.0421 4.63862 0
      vertex 11.4158 4.87503 0
    endloop
  endfacet
  facet normal 0 0 -1
    outer loop
      vertex 10.6875 -4.3895 0
      vertex 11.0421 4.63862 0
      vertex 11.0421 -4.63862 0
    endloop
  endfacet
  facet normal 0 0 -1
    outer loop
      vertex 10.6875 -4.3895 0
      vertex 10.6875 4.3895 0
      vertex 11.0421 4.63862 0
    endloop
  endfacet
  facet normal 0 0 -1
    outer loop
      vertex 10.3529 -4.12834 0
      vertex 10.6875 4.3895 0
      vertex 10.6875 -4.3895 0
    endloop
  endfacet
  facet normal 0 0 -1
    outer loop
      vertex 10.3529 -4.12834 0
      vertex 10.3529 4.12834 0
      vertex 10.6875 4.3895 0
    endloop
  endfacet
  facet normal 0 0 -1
    outer loop
      vertex 10.0393 -3.85587 0
      vertex 10.3529 4.12834 0
      vertex 10.3529 -4.12834 0
    endloop
  endfacet
  facet normal 0 0 -1
    outer loop
      vertex 10.0393 -3.85587 0
      vertex 10.0393 3.85587 0
      vertex 10.3529 4.12834 0
    endloop
  endfacet
  facet normal 0 0 -1
    outer loop
      vertex 9.74748 -3.57283 0
      vertex 10.0393 3.85587 0
      vertex 10.0393 -3.85587 0
    endloop
  endfacet
  facet normal 0 0 -1
    outer loop
      vertex 9.74748 -3.57283 0
      vertex 9.74748 3.57283 0
      vertex 10.0393 3.85587 0
    endloop
  endfacet
  facet normal 0 0 -1
    outer loop
      vertex 9.47831 -3.28 0
      vertex 9.74748 3.57283 0
      vertex 9.74748 -3.57283 0
    endloop
  endfacet
  facet normal 0 0 -1
    outer loop
      vertex 9.47831 -3.28 0
      vertex 9.47831 3.28 0
      vertex 9.74748 3.57283 0
    endloop
  endfacet
  facet normal 0 0 -1
    outer loop
      vertex 9.2325 -2.97818 0
      vertex 9.47831 3.28 0
      vertex 9.47831 -3.28 0
    endloop
  endfacet
  facet normal 0 0 -1
    outer loop
      vertex 9.2325 -2.97818 0
      vertex 9.2325 2.97818 0
      vertex 9.47831 3.28 0
    endloop
  endfacet
  facet normal 0 0 -1
    outer loop
      vertex 9.01071 -2.66819 0
      vertex 9.2325 2.97818 0
      vertex 9.2325 -2.97818 0
    endloop
  endfacet
  facet normal 0 0 -1
    outer loop
      vertex 9.01071 -2.66819 0
      vertex 9.01071 2.66819 0
      vertex 9.2325 2.97818 0
    endloop
  endfacet
  facet normal 0 0 -1
    outer loop
      vertex 8.81357 -2.35089 0
      vertex 9.01071 2.66819 0
      vertex 9.01071 -2.66819 0
    endloop
  endfacet
  facet normal 0 0 -1
    outer loop
      vertex 8.81357 -2.35089 0
      vertex 8.81357 2.35089 0
      vertex 9.01071 2.66819 0
    endloop
  endfacet
  facet normal 0 0 -1
    outer loop
      vertex 8.6416 -2.02715 0
      vertex 8.81357 2.35089 0
      vertex 8.81357 -2.35089 0
    endloop
  endfacet
  facet normal 0 0 -1
    outer loop
      vertex 8.6416 -2.02715 0
      vertex 8.6416 2.02715 0
      vertex 8.81357 2.35089 0
    endloop
  endfacet
  facet normal 0 0 -1
    outer loop
      vertex 8.49529 -1.69785 0
      vertex 8.6416 2.02715 0
      vertex 8.6416 -2.02715 0
    endloop
  endfacet
  facet normal 0 0 -1
    outer loop
      vertex 8.49529 -1.69785 0
      vertex 8.49529 1.69785 0
      vertex 8.6416 2.02715 0
    endloop
  endfacet
  facet normal 0 0 -1
    outer loop
      vertex 8.37503 -1.3639 0
      vertex 8.49529 1.69785 0
      vertex 8.49529 -1.69785 0
    endloop
  endfacet
  facet normal 0 0 -1
    outer loop
      vertex 8.37503 -1.3639 0
      vertex 8.37503 1.3639 0
      vertex 8.49529 1.69785 0
    endloop
  endfacet
  facet normal 0 0 -1
    outer loop
      vertex 8.28115 -1.02621 0
      vertex 8.37503 1.3639 0
      vertex 8.37503 -1.3639 0
    endloop
  endfacet
  facet normal 0 0 -1
    outer loop
      vertex 8.28115 -1.02621 0
      vertex 8.28115 1.02621 0
      vertex 8.37503 1.3639 0
    endloop
  endfacet
  facet normal 0 0 -1
    outer loop
      vertex 8.21391 -0.685706 0
      vertex 8.28115 1.02621 0
      vertex 8.28115 -1.02621 0
    endloop
  endfacet
  facet normal 0 0 -1
    outer loop
      vertex 8.21391 -0.685706 0
      vertex 8.21391 0.685706 0
      vertex 8.28115 1.02621 0
    endloop
  endfacet
  facet normal 0 0 -1
    outer loop
      vertex 8.17349 -0.343324 0
      vertex 8.21391 0.685706 0
      vertex 8.21391 -0.685706 0
    endloop
  endfacet
  facet normal 0 0 -1
    outer loop
      vertex 8.17349 -0.343324 0
      vertex 8.17349 0.343324 0
      vertex 8.21391 0.685706 0
    endloop
  endfacet
  facet normal 0 -0 -1
    outer loop
      vertex 8.17349 0.343324 0
      vertex 8.17349 -0.343324 0
      vertex 8.16 0 0
    endloop
  endfacet
  facet normal 0 0 1
    outer loop
      vertex 21 0 1.3
      vertex 24.3 0 1.3
      vertex 24.2914 0.21981 1.3
    endloop
  endfacet
  facet normal 0 0 1
    outer loop
      vertex 20.9959 0.104671 1.3
      vertex 24.2914 0.21981 1.3
      vertex 24.2655 0.439019 1.3
    endloop
  endfacet
  facet normal 0 0 1
    outer loop
      vertex 24.3 0 1.3
      vertex 21 0 1.3
      vertex 24.2914 -0.21981 1.3
    endloop
  endfacet
  facet normal 0 0 1
    outer loop
      vertex 20.9959 0.104671 1.3
      vertex 24.2655 0.439019 1.3
      vertex 24.2224 0.657024 1.3
    endloop
  endfacet
  facet normal -0 0 1
    outer loop
      vertex 20.9959 -0.104671 1.3
      vertex 24.2914 -0.21981 1.3
      vertex 21 0 1.3
    endloop
  endfacet
  facet normal 0 0 1
    outer loop
      vertex 20.9959 0.104671 1.3
      vertex 24.2224 0.657024 1.3
      vertex 24.1623 0.873229 1.3
    endloop
  endfacet
  facet normal 0 0 1
    outer loop
      vertex 24.2914 -0.21981 1.3
      vertex 20.9959 -0.104671 1.3
      vertex 24.2655 -0.439019 1.3
    endloop
  endfacet
  facet normal 0 0 1
    outer loop
      vertex 20.9836 0.209057 1.3
      vertex 24.1623 0.873229 1.3
      vertex 24.0853 1.08704 1.3
    endloop
  endfacet
  facet normal 0 0 1
    outer loop
      vertex 24.2655 -0.439019 1.3
      vertex 20.9959 -0.104671 1.3
      vertex 24.2224 -0.657024 1.3
    endloop
  endfacet
  facet normal 0 0 1
    outer loop
      vertex 20.9836 0.209057 1.3
      vertex 24.0853 1.08704 1.3
      vertex 23.9917 1.29787 1.3
    endloop
  endfacet
  facet normal 0 0 1
    outer loop
      vertex 24.2224 -0.657024 1.3
      vertex 20.9959 -0.104671 1.3
      vertex 24.1623 -0.873229 1.3
    endloop
  endfacet
  facet normal 0 0 1
    outer loop
      vertex 20.9631 0.312868 1.3
      vertex 23.9917 1.29787 1.3
      vertex 23.8816 1.50515 1.3
    endloop
  endfacet
  facet normal -0 0 1
    outer loop
      vertex 20.9836 -0.209057 1.3
      vertex 24.1623 -0.873229 1.3
      vertex 20.9959 -0.104671 1.3
    endloop
  endfacet
  facet normal 0 0 1
    outer loop
      vertex 20.9631 0.312868 1.3
      vertex 23.8816 1.50515 1.3
      vertex 23.7553 1.70829 1.3
    endloop
  endfacet
  facet normal 0 0 1
    outer loop
      vertex 24.1623 -0.873229 1.3
      vertex 20.9836 -0.209057 1.3
      vertex 24.0853 -1.08704 1.3
    endloop
  endfacet
  facet normal 0 0 1
    outer loop
      vertex 20.9344 0.415823 1.3
      vertex 23.7553 1.70829 1.3
      vertex 23.6133 1.90676 1.3
    endloop
  endfacet
  facet normal 0 0 1
    outer loop
      vertex 24.0853 -1.08704 1.3
      vertex 20.9836 -0.209057 1.3
      vertex 23.9917 -1.29787 1.3
    endloop
  endfacet
  facet normal 0 0 1
    outer loop
      vertex 20.8978 0.517637 1.3
      vertex 23.6133 1.90676 1.3
      vertex 23.456 2.1 1.3
    endloop
  endfacet
  facet normal -0 0 1
    outer loop
      vertex 20.9631 -0.312868 1.3
      vertex 23.9917 -1.29787 1.3
      vertex 20.9836 -0.209057 1.3
    endloop
  endfacet
  facet normal 0 0 1
    outer loop
      vertex 20.8978 0.517637 1.3
      vertex 23.456 2.1 1.3
      vertex 23.2836 2.28748 1.3
    endloop
  endfacet
  facet normal 0 0 1
    outer loop
      vertex 23.9917 -1.29787 1.3
      vertex 20.9631 -0.312868 1.3
      vertex 23.8816 -1.50515 1.3
    endloop
  endfacet
  facet normal 0 0 1
    outer loop
      vertex 20.8532 0.618033 1.3
      vertex 23.2836 2.28748 1.3
      vertex 23.0968 2.4687 1.3
    endloop
  endfacet
  facet normal 0 0 1
    outer loop
      vertex 23.8816 -1.50515 1.3
      vertex 20.9631 -0.312868 1.3
      vertex 23.7553 -1.70829 1.3
    endloop
  endfacet
  facet normal 0 0 1
    outer loop
      vertex 20.8007 0.716736 1.3
      vertex 23.0968 2.4687 1.3
      vertex 22.896 2.64315 1.3
    endloop
  endfacet
  facet normal -0 0 1
    outer loop
      vertex 20.9344 -0.415823 1.3
      vertex 23.7553 -1.70829 1.3
      vertex 20.9631 -0.312868 1.3
    endloop
  endfacet
  facet normal 0 0 1
    outer loop
      vertex 20.7406 0.813473 1.3
      vertex 22.896 2.64315 1.3
      vertex 22.6818 2.81035 1.3
    endloop
  endfacet
  facet normal 0 0 1
    outer loop
      vertex 23.7553 -1.70829 1.3
      vertex 20.9344 -0.415823 1.3
      vertex 23.6133 -1.90676 1.3
    endloop
  endfacet
  facet normal 0 0 1
    outer loop
      vertex 20.673 0.907981 1.3
      vertex 22.6818 2.81035 1.3
      vertex 22.4548 2.96985 1.3
    endloop
  endfacet
  facet normal -0 0 1
    outer loop
      vertex 20.8978 -0.517637 1.3
      vertex 23.6133 -1.90676 1.3
      vertex 20.9344 -0.415823 1.3
    endloop
  endfacet
  facet normal 0 0 1
    outer loop
      vertex 20.5981 1 1.3
      vertex 22.4548 2.96985 1.3
      vertex 22.2155 3.12121 1.3
    endloop
  endfacet
  facet normal 0 0 1
    outer loop
      vertex 23.6133 -1.90676 1.3
      vertex 20.8978 -0.517637 1.3
      vertex 23.456 -2.1 1.3
    endloop
  endfacet
  facet normal 0 0 1
    outer loop
      vertex 20.516 1.08928 1.3
      vertex 22.2155 3.12121 1.3
      vertex 21.9647 3.26401 1.3
    endloop
  endfacet
  facet normal 0 0 1
    outer loop
      vertex 23.456 -2.1 1.3
      vertex 20.8978 -0.517637 1.3
      vertex 23.2836 -2.28748 1.3
    endloop
  endfacet
  facet normal 0 0 1
    outer loop
      vertex 20.4271 1.17557 1.3
      vertex 21.9647 3.26401 1.3
      vertex 21.703 3.39787 1.3
    endloop
  endfacet
  facet normal -0 0 1
    outer loop
      vertex 20.8532 -0.618033 1.3
      vertex 23.2836 -2.28748 1.3
      vertex 20.8978 -0.517637 1.3
    endloop
  endfacet
  facet normal 0 0 1
    outer loop
      vertex 20.2294 1.33826 1.3
      vertex 21.703 3.39787 1.3
      vertex 21.4312 3.52242 1.3
    endloop
  endfacet
  facet normal 0 0 1
    outer loop
      vertex 23.2836 -2.28748 1.3
      vertex 20.8532 -0.618033 1.3
      vertex 23.0968 -2.4687 1.3
    endloop
  endfacet
  facet normal 0 0 1
    outer loop
      vertex 20.1213 1.41421 1.3
      vertex 21.4312 3.52242 1.3
      vertex 21.15 3.63731 1.3
    endloop
  endfacet
  facet normal -0 0 1
    outer loop
      vertex 20.8007 -0.716736 1.3
      vertex 23.0968 -2.4687 1.3
      vertex 20.8532 -0.618033 1.3
    endloop
  endfacet
  facet normal 0 0 1
    outer loop
      vertex 23.0968 -2.4687 1.3
      vertex 20.8007 -0.716736 1.3
      vertex 22.896 -2.64315 1.3
    endloop
  endfacet
  facet normal 0 0 1
    outer loop
      vertex 24.2914 0.21981 1.3
      vertex 20.9959 0.104671 1.3
      vertex 21 0 1.3
    endloop
  endfacet
  facet normal 0 0 1
    outer loop
      vertex 24.1623 0.873229 1.3
      vertex 20.9836 0.209057 1.3
      vertex 20.9959 0.104671 1.3
    endloop
  endfacet
  facet normal 0 0 1
    outer loop
      vertex 23.9917 1.29787 1.3
      vertex 20.9631 0.312868 1.3
      vertex 20.9836 0.209057 1.3
    endloop
  endfacet
  facet normal 0 0 1
    outer loop
      vertex 23.7553 1.70829 1.3
      vertex 20.9344 0.415823 1.3
      vertex 20.9631 0.312868 1.3
    endloop
  endfacet
  facet normal 0 0 1
    outer loop
      vertex 23.6133 1.90676 1.3
      vertex 20.8978 0.517637 1.3
      vertex 20.9344 0.415823 1.3
    endloop
  endfacet
  facet normal 0 0 1
    outer loop
      vertex 20.0074 1.48629 1.3
      vertex 21.15 3.63731 1.3
      vertex 20.8601 3.74223 1.3
    endloop
  endfacet
  facet normal 0 0 1
    outer loop
      vertex 23.2836 2.28748 1.3
      vertex 20.8532 0.618033 1.3
      vertex 20.8978 0.517637 1.3
    endloop
  endfacet
  facet normal 0 0 1
    outer loop
      vertex 23.0968 2.4687 1.3
      vertex 20.8007 0.716736 1.3
      vertex 20.8532 0.618033 1.3
    endloop
  endfacet
  facet normal 0 0 1
    outer loop
      vertex 22.896 2.64315 1.3
      vertex 20.7406 0.813473 1.3
      vertex 20.8007 0.716736 1.3
    endloop
  endfacet
  facet normal 0 0 1
    outer loop
      vertex 22.6818 2.81035 1.3
      vertex 20.673 0.907981 1.3
      vertex 20.7406 0.813473 1.3
    endloop
  endfacet
  facet normal 0 0 1
    outer loop
      vertex 22.4548 2.96985 1.3
      vertex 20.5981 1 1.3
      vertex 20.673 0.907981 1.3
    endloop
  endfacet
  facet normal 0 0 1
    outer loop
      vertex 19.7634 1.61803 1.3
      vertex 20.8601 3.74223 1.3
      vertex 20.5624 3.83689 1.3
    endloop
  endfacet
  facet normal 0 0 1
    outer loop
      vertex 22.2155 3.12121 1.3
      vertex 20.516 1.08928 1.3
      vertex 20.5981 1 1.3
    endloop
  endfacet
  facet normal 0 0 1
    outer loop
      vertex 21.9647 3.26401 1.3
      vertex 20.4271 1.17557 1.3
      vertex 20.516 1.08928 1.3
    endloop
  endfacet
  facet normal 0 0 1
    outer loop
      vertex 21.703 3.39787 1.3
      vertex 20.3314 1.25864 1.3
      vertex 20.4271 1.17557 1.3
    endloop
  endfacet
  facet normal 0 0 1
    outer loop
      vertex 19.6339 1.67734 1.3
      vertex 20.5624 3.83689 1.3
      vertex 20.2577 3.92104 1.3
    endloop
  endfacet
  facet normal 0 0 1
    outer loop
      vertex 21.703 3.39787 1.3
      vertex 20.2294 1.33826 1.3
      vertex 20.3314 1.25864 1.3
    endloop
  endfacet
  facet normal 0 0 1
    outer loop
      vertex 21.4312 3.52242 1.3
      vertex 20.1213 1.41421 1.3
      vertex 20.2294 1.33826 1.3
    endloop
  endfacet
  facet normal 0 0 1
    outer loop
      vertex 21.15 3.63731 1.3
      vertex 20.0074 1.48629 1.3
      vertex 20.1213 1.41421 1.3
    endloop
  endfacet
  facet normal 0 0 1
    outer loop
      vertex 19.5 1.73205 1.3
      vertex 20.2577 3.92104 1.3
      vertex 19.9468 3.99444 1.3
    endloop
  endfacet
  facet normal 0 0 1
    outer loop
      vertex 20.8601 3.74223 1.3
      vertex 19.888 1.55429 1.3
      vertex 20.0074 1.48629 1.3
    endloop
  endfacet
  facet normal 0 0 1
    outer loop
      vertex 20.8601 3.74223 1.3
      vertex 19.7634 1.61803 1.3
      vertex 19.888 1.55429 1.3
    endloop
  endfacet
  facet normal 0 0 1
    outer loop
      vertex 20.5624 3.83689 1.3
      vertex 19.6339 1.67734 1.3
      vertex 19.7634 1.61803 1.3
    endloop
  endfacet
  facet normal 0 0 1
    outer loop
      vertex 19.2202 1.82709 1.3
      vertex 19.9468 3.99444 1.3
      vertex 19.6306 4.05689 1.3
    endloop
  endfacet
  facet normal 0 0 1
    outer loop
      vertex 20.2577 3.92104 1.3
      vertex 19.5 1.73205 1.3
      vertex 19.6339 1.67734 1.3
    endloop
  endfacet
  facet normal 0 0 1
    outer loop
      vertex 19.9468 3.99444 1.3
      vertex 19.362 1.78201 1.3
      vertex 19.5 1.73205 1.3
    endloop
  endfacet
  facet normal 0 0 1
    outer loop
      vertex 19.0751 1.86716 1.3
      vertex 19.6306 4.05689 1.3
      vertex 19.3098 4.10822 1.3
    endloop
  endfacet
  facet normal 0 0 1
    outer loop
      vertex 19.9468 3.99444 1.3
      vertex 19.2202 1.82709 1.3
      vertex 19.362 1.78201 1.3
    endloop
  endfacet
  facet normal 0 0 1
    outer loop
      vertex 19.6306 4.05689 1.3
      vertex 19.0751 1.86716 1.3
      vertex 19.2202 1.82709 1.3
    endloop
  endfacet
  facet normal 0 0 1
    outer loop
      vertex 18.7765 1.93185 1.3
      vertex 19.3098 4.10822 1.3
      vertex 18.9855 4.14829 1.3
    endloop
  endfacet
  facet normal 0 0 1
    outer loop
      vertex 19.3098 4.10822 1.3
      vertex 18.9271 1.90211 1.3
      vertex 19.0751 1.86716 1.3
    endloop
  endfacet
  facet normal 0 0 1
    outer loop
      vertex 19.3098 4.10822 1.3
      vertex 18.7765 1.93185 1.3
      vertex 18.9271 1.90211 1.3
    endloop
  endfacet
  facet normal 0 0 1
    outer loop
      vertex 18.6237 1.9563 1.3
      vertex 18.9855 4.14829 1.3
      vertex 18.6585 4.17699 1.3
    endloop
  endfacet
  facet normal 0 0 1
    outer loop
      vertex 18.9855 4.14829 1.3
      vertex 18.6237 1.9563 1.3
      vertex 18.7765 1.93185 1.3
    endloop
  endfacet
  facet normal 0 0 1
    outer loop
      vertex 18.6585 4.17699 1.3
      vertex 18.4693 1.97538 1.3
      vertex 18.6237 1.9563 1.3
    endloop
  endfacet
  facet normal 0 0 1
    outer loop
      vertex 18.3136 1.98904 1.3
      vertex 18.6585 4.17699 1.3
      vertex 18.3297 4.19424 1.3
    endloop
  endfacet
  facet normal 0 0 1
    outer loop
      vertex 18.6585 4.17699 1.3
      vertex 18.3136 1.98904 1.3
      vertex 18.4693 1.97538 1.3
    endloop
  endfacet
  facet normal 0 0 1
    outer loop
      vertex 18.3297 4.19424 1.3
      vertex 18.157 1.99726 1.3
      vertex 18.3136 1.98904 1.3
    endloop
  endfacet
  facet normal 0 0 1
    outer loop
      vertex 18 4.2 1.3
      vertex 18.157 1.99726 1.3
      vertex 18.3297 4.19424 1.3
    endloop
  endfacet
  facet normal 0 0 1
    outer loop
      vertex 18 4.2 1.3
      vertex 18 2 1.3
      vertex 18.157 1.99726 1.3
    endloop
  endfacet
  facet normal 0 0 1
    outer loop
      vertex 18 4.2 1.3
      vertex 17.843 1.99726 1.3
      vertex 18 2 1.3
    endloop
  endfacet
  facet normal -0 0 1
    outer loop
      vertex 17.6703 4.19424 1.3
      vertex 17.843 1.99726 1.3
      vertex 18 4.2 1.3
    endloop
  endfacet
  facet normal 0 0 1
    outer loop
      vertex 17.843 1.99726 1.3
      vertex 17.6703 4.19424 1.3
      vertex 17.6864 1.98904 1.3
    endloop
  endfacet
  facet normal -0 0 1
    outer loop
      vertex 17.3415 4.17699 1.3
      vertex 17.6864 1.98904 1.3
      vertex 17.6703 4.19424 1.3
    endloop
  endfacet
  facet normal 0 0 1
    outer loop
      vertex 17.6864 1.98904 1.3
      vertex 17.3415 4.17699 1.3
      vertex 17.5307 1.97538 1.3
    endloop
  endfacet
  facet normal 0 0 1
    outer loop
      vertex 17.5307 1.97538 1.3
      vertex 17.3415 4.17699 1.3
      vertex 17.3763 1.9563 1.3
    endloop
  endfacet
  facet normal -0 0 1
    outer loop
      vertex 17.0145 4.14829 1.3
      vertex 17.3763 1.9563 1.3
      vertex 17.3415 4.17699 1.3
    endloop
  endfacet
  facet normal 0 0 1
    outer loop
      vertex 17.3763 1.9563 1.3
      vertex 17.0145 4.14829 1.3
      vertex 17.2235 1.93185 1.3
    endloop
  endfacet
  facet normal -0 0 1
    outer loop
      vertex 16.6902 4.10822 1.3
      vertex 17.2235 1.93185 1.3
      vertex 17.0145 4.14829 1.3
    endloop
  endfacet
  facet normal 0 0 1
    outer loop
      vertex 17.2235 1.93185 1.3
      vertex 16.6902 4.10822 1.3
      vertex 17.0729 1.90211 1.3
    endloop
  endfacet
  facet normal 0 0 1
    outer loop
      vertex 17.0729 1.90211 1.3
      vertex 16.6902 4.10822 1.3
      vertex 16.9249 1.86716 1.3
    endloop
  endfacet
  facet normal -0 0 1
    outer loop
      vertex 16.3694 4.05689 1.3
      vertex 16.9249 1.86716 1.3
      vertex 16.6902 4.10822 1.3
    endloop
  endfacet
  facet normal 0 0 1
    outer loop
      vertex 16.9249 1.86716 1.3
      vertex 16.3694 4.05689 1.3
      vertex 16.7798 1.82709 1.3
    endloop
  endfacet
  facet normal -0 0 1
    outer loop
      vertex 16.0532 3.99444 1.3
      vertex 16.7798 1.82709 1.3
      vertex 16.3694 4.05689 1.3
    endloop
  endfacet
  facet normal 0 0 1
    outer loop
      vertex 16.7798 1.82709 1.3
      vertex 16.0532 3.99444 1.3
      vertex 16.638 1.78201 1.3
    endloop
  endfacet
  facet normal 0 0 1
    outer loop
      vertex 16.638 1.78201 1.3
      vertex 16.0532 3.99444 1.3
      vertex 16.5 1.73205 1.3
    endloop
  endfacet
  facet normal -0 0 1
    outer loop
      vertex 15.7423 3.92104 1.3
      vertex 16.5 1.73205 1.3
      vertex 16.0532 3.99444 1.3
    endloop
  endfacet
  facet normal 0 0 1
    outer loop
      vertex 16.5 1.73205 1.3
      vertex 15.7423 3.92104 1.3
      vertex 16.3661 1.67734 1.3
    endloop
  endfacet
  facet normal -0 0 1
    outer loop
      vertex 15.4376 3.83689 1.3
      vertex 16.3661 1.67734 1.3
      vertex 15.7423 3.92104 1.3
    endloop
  endfacet
  facet normal 0 0 1
    outer loop
      vertex 16.3661 1.67734 1.3
      vertex 15.4376 3.83689 1.3
      vertex 16.2366 1.61803 1.3
    endloop
  endfacet
  facet normal -0 0 1
    outer loop
      vertex 15.1399 3.74223 1.3
      vertex 16.2366 1.61803 1.3
      vertex 15.4376 3.83689 1.3
    endloop
  endfacet
  facet normal 0 0 1
    outer loop
      vertex 16.2366 1.61803 1.3
      vertex 15.1399 3.74223 1.3
      vertex 16.112 1.55429 1.3
    endloop
  endfacet
  facet normal 0 0 1
    outer loop
      vertex 16.112 1.55429 1.3
      vertex 15.1399 3.74223 1.3
      vertex 15.9926 1.48629 1.3
    endloop
  endfacet
  facet normal -0 0 1
    outer loop
      vertex 14.85 3.63731 1.3
      vertex 15.9926 1.48629 1.3
      vertex 15.1399 3.74223 1.3
    endloop
  endfacet
  facet normal 0 0 1
    outer loop
      vertex 15.9926 1.48629 1.3
      vertex 14.85 3.63731 1.3
      vertex 15.8787 1.41421 1.3
    endloop
  endfacet
  facet normal -0 0 1
    outer loop
      vertex 14.5688 3.52242 1.3
      vertex 15.8787 1.41421 1.3
      vertex 14.85 3.63731 1.3
    endloop
  endfacet
  facet normal 0 0 1
    outer loop
      vertex 15.8787 1.41421 1.3
      vertex 14.5688 3.52242 1.3
      vertex 15.7706 1.33826 1.3
    endloop
  endfacet
  facet normal -0 0 1
    outer loop
      vertex 14.297 3.39787 1.3
      vertex 15.7706 1.33826 1.3
      vertex 14.5688 3.52242 1.3
    endloop
  endfacet
  facet normal 0 0 1
    outer loop
      vertex 15.7706 1.33826 1.3
      vertex 14.297 3.39787 1.3
      vertex 15.6686 1.25864 1.3
    endloop
  endfacet
  facet normal 0 0 1
    outer loop
      vertex 15.6686 1.25864 1.3
      vertex 14.297 3.39787 1.3
      vertex 15.5729 1.17557 1.3
    endloop
  endfacet
  facet normal -0 0 1
    outer loop
      vertex 14.0353 3.26401 1.3
      vertex 15.5729 1.17557 1.3
      vertex 14.297 3.39787 1.3
    endloop
  endfacet
  facet normal 0 0 1
    outer loop
      vertex 15.5729 1.17557 1.3
      vertex 14.0353 3.26401 1.3
      vertex 15.484 1.08928 1.3
    endloop
  endfacet
  facet normal -0 0 1
    outer loop
      vertex 13.7845 3.12121 1.3
      vertex 15.484 1.08928 1.3
      vertex 14.0353 3.26401 1.3
    endloop
  endfacet
  facet normal 0 0 1
    outer loop
      vertex 15.484 1.08928 1.3
      vertex 13.7845 3.12121 1.3
      vertex 15.4019 1 1.3
    endloop
  endfacet
  facet normal -0 0 1
    outer loop
      vertex 13.5452 2.96985 1.3
      vertex 15.4019 1 1.3
      vertex 13.7845 3.12121 1.3
    endloop
  endfacet
  facet normal 0 0 1
    outer loop
      vertex 15.4019 1 1.3
      vertex 13.5452 2.96985 1.3
      vertex 15.327 0.907981 1.3
    endloop
  endfacet
  facet normal -0 0 1
    outer loop
      vertex 13.3182 2.81035 1.3
      vertex 15.327 0.907981 1.3
      vertex 13.5452 2.96985 1.3
    endloop
  endfacet
  facet normal 0 0 1
    outer loop
      vertex 15.327 0.907981 1.3
      vertex 13.3182 2.81035 1.3
      vertex 15.2594 0.813473 1.3
    endloop
  endfacet
  facet normal -0 0 1
    outer loop
      vertex 13.104 2.64315 1.3
      vertex 15.2594 0.813473 1.3
      vertex 13.3182 2.81035 1.3
    endloop
  endfacet
  facet normal 0 0 1
    outer loop
      vertex 15.2594 0.813473 1.3
      vertex 13.104 2.64315 1.3
      vertex 15.1993 0.716736 1.3
    endloop
  endfacet
  facet normal -0 0 1
    outer loop
      vertex 20.7406 -0.813473 1.3
      vertex 22.896 -2.64315 1.3
      vertex 20.8007 -0.716736 1.3
    endloop
  endfacet
  facet normal 0 0 1
    outer loop
      vertex 22.896 -2.64315 1.3
      vertex 20.7406 -0.813473 1.3
      vertex 22.6818 -2.81035 1.3
    endloop
  endfacet
  facet normal -0 0 1
    outer loop
      vertex 20.673 -0.907981 1.3
      vertex 22.6818 -2.81035 1.3
      vertex 20.7406 -0.813473 1.3
    endloop
  endfacet
  facet normal 0 0 1
    outer loop
      vertex 22.6818 -2.81035 1.3
      vertex 20.673 -0.907981 1.3
      vertex 22.4548 -2.96985 1.3
    endloop
  endfacet
  facet normal -0 0 1
    outer loop
      vertex 20.5981 -1 1.3
      vertex 22.4548 -2.96985 1.3
      vertex 20.673 -0.907981 1.3
    endloop
  endfacet
  facet normal 0 0 1
    outer loop
      vertex 22.4548 -2.96985 1.3
      vertex 20.5981 -1 1.3
      vertex 22.2155 -3.12121 1.3
    endloop
  endfacet
  facet normal -0 0 1
    outer loop
      vertex 20.516 -1.08928 1.3
      vertex 22.2155 -3.12121 1.3
      vertex 20.5981 -1 1.3
    endloop
  endfacet
  facet normal 0 0 1
    outer loop
      vertex 22.2155 -3.12121 1.3
      vertex 20.516 -1.08928 1.3
      vertex 21.9647 -3.26401 1.3
    endloop
  endfacet
  facet normal -0 0 1
    outer loop
      vertex 20.4271 -1.17557 1.3
      vertex 21.9647 -3.26401 1.3
      vertex 20.516 -1.08928 1.3
    endloop
  endfacet
  facet normal 0 0 1
    outer loop
      vertex 21.9647 -3.26401 1.3
      vertex 20.4271 -1.17557 1.3
      vertex 21.703 -3.39787 1.3
    endloop
  endfacet
  facet normal -0 0 1
    outer loop
      vertex 20.3314 -1.25864 1.3
      vertex 21.703 -3.39787 1.3
      vertex 20.4271 -1.17557 1.3
    endloop
  endfacet
  facet normal -0 0 1
    outer loop
      vertex 20.2294 -1.33826 1.3
      vertex 21.703 -3.39787 1.3
      vertex 20.3314 -1.25864 1.3
    endloop
  endfacet
  facet normal 0 0 1
    outer loop
      vertex 21.703 -3.39787 1.3
      vertex 20.2294 -1.33826 1.3
      vertex 21.4312 -3.52242 1.3
    endloop
  endfacet
  facet normal -0 0 1
    outer loop
      vertex 20.1213 -1.41421 1.3
      vertex 21.4312 -3.52242 1.3
      vertex 20.2294 -1.33826 1.3
    endloop
  endfacet
  facet normal 0 0 1
    outer loop
      vertex 21.4312 -3.52242 1.3
      vertex 20.1213 -1.41421 1.3
      vertex 21.15 -3.63731 1.3
    endloop
  endfacet
  facet normal -0 0 1
    outer loop
      vertex 20.0074 -1.48629 1.3
      vertex 21.15 -3.63731 1.3
      vertex 20.1213 -1.41421 1.3
    endloop
  endfacet
  facet normal 0 0 1
    outer loop
      vertex 21.15 -3.63731 1.3
      vertex 20.0074 -1.48629 1.3
      vertex 20.8601 -3.74223 1.3
    endloop
  endfacet
  facet normal -0 0 1
    outer loop
      vertex 19.888 -1.55429 1.3
      vertex 20.8601 -3.74223 1.3
      vertex 20.0074 -1.48629 1.3
    endloop
  endfacet
  facet normal -0 0 1
    outer loop
      vertex 19.7634 -1.61803 1.3
      vertex 20.8601 -3.74223 1.3
      vertex 19.888 -1.55429 1.3
    endloop
  endfacet
  facet normal 0 0 1
    outer loop
      vertex 20.8601 -3.74223 1.3
      vertex 19.7634 -1.61803 1.3
      vertex 20.5624 -3.83689 1.3
    endloop
  endfacet
  facet normal -0 0 1
    outer loop
      vertex 19.6339 -1.67734 1.3
      vertex 20.5624 -3.83689 1.3
      vertex 19.7634 -1.61803 1.3
    endloop
  endfacet
  facet normal 0 0 1
    outer loop
      vertex 20.5624 -3.83689 1.3
      vertex 19.6339 -1.67734 1.3
      vertex 20.2577 -3.92104 1.3
    endloop
  endfacet
  facet normal -0 0 1
    outer loop
      vertex 19.5 -1.73205 1.3
      vertex 20.2577 -3.92104 1.3
      vertex 19.6339 -1.67734 1.3
    endloop
  endfacet
  facet normal 0 0 1
    outer loop
      vertex 20.2577 -3.92104 1.3
      vertex 19.5 -1.73205 1.3
      vertex 19.9468 -3.99444 1.3
    endloop
  endfacet
  facet normal -0 0 1
    outer loop
      vertex 19.362 -1.78201 1.3
      vertex 19.9468 -3.99444 1.3
      vertex 19.5 -1.73205 1.3
    endloop
  endfacet
  facet normal -0 0 1
    outer loop
      vertex 19.2202 -1.82709 1.3
      vertex 19.9468 -3.99444 1.3
      vertex 19.362 -1.78201 1.3
    endloop
  endfacet
  facet normal 0 0 1
    outer loop
      vertex 19.9468 -3.99444 1.3
      vertex 19.2202 -1.82709 1.3
      vertex 19.6306 -4.05689 1.3
    endloop
  endfacet
  facet normal -0 0 1
    outer loop
      vertex 19.0751 -1.86716 1.3
      vertex 19.6306 -4.05689 1.3
      vertex 19.2202 -1.82709 1.3
    endloop
  endfacet
  facet normal 0 0 1
    outer loop
      vertex 19.6306 -4.05689 1.3
      vertex 19.0751 -1.86716 1.3
      vertex 19.3098 -4.10822 1.3
    endloop
  endfacet
  facet normal -0 0 1
    outer loop
      vertex 18.9271 -1.90211 1.3
      vertex 19.3098 -4.10822 1.3
      vertex 19.0751 -1.86716 1.3
    endloop
  endfacet
  facet normal -0 0 1
    outer loop
      vertex 18.7765 -1.93185 1.3
      vertex 19.3098 -4.10822 1.3
      vertex 18.9271 -1.90211 1.3
    endloop
  endfacet
  facet normal 0 0 1
    outer loop
      vertex 19.3098 -4.10822 1.3
      vertex 18.7765 -1.93185 1.3
      vertex 18.9855 -4.14829 1.3
    endloop
  endfacet
  facet normal -0 0 1
    outer loop
      vertex 18.6237 -1.9563 1.3
      vertex 18.9855 -4.14829 1.3
      vertex 18.7765 -1.93185 1.3
    endloop
  endfacet
  facet normal 0 0 1
    outer loop
      vertex 18.9855 -4.14829 1.3
      vertex 18.6237 -1.9563 1.3
      vertex 18.6585 -4.17699 1.3
    endloop
  endfacet
  facet normal -0 0 1
    outer loop
      vertex 18.4693 -1.97538 1.3
      vertex 18.6585 -4.17699 1.3
      vertex 18.6237 -1.9563 1.3
    endloop
  endfacet
  facet normal -0 0 1
    outer loop
      vertex 18.3136 -1.98904 1.3
      vertex 18.6585 -4.17699 1.3
      vertex 18.4693 -1.97538 1.3
    endloop
  endfacet
  facet normal 0 0 1
    outer loop
      vertex 18.6585 -4.17699 1.3
      vertex 18.3136 -1.98904 1.3
      vertex 18.3297 -4.19424 1.3
    endloop
  endfacet
  facet normal -0 0 1
    outer loop
      vertex 18.157 -1.99726 1.3
      vertex 18.3297 -4.19424 1.3
      vertex 18.3136 -1.98904 1.3
    endloop
  endfacet
  facet normal 0 0 1
    outer loop
      vertex 18 -4.2 1.3
      vertex 18.157 -1.99726 1.3
      vertex 18 -2 1.3
    endloop
  endfacet
  facet normal 0 0 1
    outer loop
      vertex 18.157 -1.99726 1.3
      vertex 18 -4.2 1.3
      vertex 18.3297 -4.19424 1.3
    endloop
  endfacet
  facet normal 0 0 1
    outer loop
      vertex 17.843 -1.99726 1.3
      vertex 18 -4.2 1.3
      vertex 18 -2 1.3
    endloop
  endfacet
  facet normal 0 0 1
    outer loop
      vertex 17.6703 -4.19424 1.3
      vertex 17.843 -1.99726 1.3
      vertex 17.6864 -1.98904 1.3
    endloop
  endfacet
  facet normal 0 0 1
    outer loop
      vertex 17.843 -1.99726 1.3
      vertex 17.6703 -4.19424 1.3
      vertex 18 -4.2 1.3
    endloop
  endfacet
  facet normal 0 0 1
    outer loop
      vertex 17.3415 -4.17699 1.3
      vertex 17.6864 -1.98904 1.3
      vertex 17.5307 -1.97538 1.3
    endloop
  endfacet
  facet normal 0 0 1
    outer loop
      vertex 17.3415 -4.17699 1.3
      vertex 17.5307 -1.97538 1.3
      vertex 17.3763 -1.9563 1.3
    endloop
  endfacet
  facet normal 0 0 1
    outer loop
      vertex 17.6864 -1.98904 1.3
      vertex 17.3415 -4.17699 1.3
      vertex 17.6703 -4.19424 1.3
    endloop
  endfacet
  facet normal 0 0 1
    outer loop
      vertex 17.0145 -4.14829 1.3
      vertex 17.3763 -1.9563 1.3
      vertex 17.2235 -1.93185 1.3
    endloop
  endfacet
  facet normal 0 0 1
    outer loop
      vertex 16.6902 -4.10822 1.3
      vertex 17.2235 -1.93185 1.3
      vertex 17.0729 -1.90211 1.3
    endloop
  endfacet
  facet normal 0 0 1
    outer loop
      vertex 17.3763 -1.9563 1.3
      vertex 17.0145 -4.14829 1.3
      vertex 17.3415 -4.17699 1.3
    endloop
  endfacet
  facet normal 0 0 1
    outer loop
      vertex 16.6902 -4.10822 1.3
      vertex 17.0729 -1.90211 1.3
      vertex 16.9249 -1.86716 1.3
    endloop
  endfacet
  facet normal 0 0 1
    outer loop
      vertex 16.3694 -4.05689 1.3
      vertex 16.9249 -1.86716 1.3
      vertex 16.7798 -1.82709 1.3
    endloop
  endfacet
  facet normal 0 0 1
    outer loop
      vertex 17.2235 -1.93185 1.3
      vertex 16.6902 -4.10822 1.3
      vertex 17.0145 -4.14829 1.3
    endloop
  endfacet
  facet normal 0 0 1
    outer loop
      vertex 16.0532 -3.99444 1.3
      vertex 16.7798 -1.82709 1.3
      vertex 16.638 -1.78201 1.3
    endloop
  endfacet
  facet normal 0 0 1
    outer loop
      vertex 16.0532 -3.99444 1.3
      vertex 16.638 -1.78201 1.3
      vertex 16.5 -1.73205 1.3
    endloop
  endfacet
  facet normal 0 0 1
    outer loop
      vertex 16.9249 -1.86716 1.3
      vertex 16.3694 -4.05689 1.3
      vertex 16.6902 -4.10822 1.3
    endloop
  endfacet
  facet normal 0 0 1
    outer loop
      vertex 15.7423 -3.92104 1.3
      vertex 16.5 -1.73205 1.3
      vertex 16.3661 -1.67734 1.3
    endloop
  endfacet
  facet normal 0 0 1
    outer loop
      vertex 15.4376 -3.83689 1.3
      vertex 16.3661 -1.67734 1.3
      vertex 16.2366 -1.61803 1.3
    endloop
  endfacet
  facet normal 0 0 1
    outer loop
      vertex 15.1399 -3.74223 1.3
      vertex 16.2366 -1.61803 1.3
      vertex 16.112 -1.55429 1.3
    endloop
  endfacet
  facet normal 0 0 1
    outer loop
      vertex 16.7798 -1.82709 1.3
      vertex 16.0532 -3.99444 1.3
      vertex 16.3694 -4.05689 1.3
    endloop
  endfacet
  facet normal 0 0 1
    outer loop
      vertex 15.1399 -3.74223 1.3
      vertex 16.112 -1.55429 1.3
      vertex 15.9926 -1.48629 1.3
    endloop
  endfacet
  facet normal 0 0 1
    outer loop
      vertex 14.85 -3.63731 1.3
      vertex 15.9926 -1.48629 1.3
      vertex 15.8787 -1.41421 1.3
    endloop
  endfacet
  facet normal 0 0 1
    outer loop
      vertex 14.5688 -3.52242 1.3
      vertex 15.8787 -1.41421 1.3
      vertex 15.7706 -1.33826 1.3
    endloop
  endfacet
  facet normal 0 0 1
    outer loop
      vertex 16.5 -1.73205 1.3
      vertex 15.7423 -3.92104 1.3
      vertex 16.0532 -3.99444 1.3
    endloop
  endfacet
  facet normal 0 0 1
    outer loop
      vertex 14.297 -3.39787 1.3
      vertex 15.7706 -1.33826 1.3
      vertex 15.6686 -1.25864 1.3
    endloop
  endfacet
  facet normal 0 0 1
    outer loop
      vertex 14.297 -3.39787 1.3
      vertex 15.6686 -1.25864 1.3
      vertex 15.5729 -1.17557 1.3
    endloop
  endfacet
  facet normal 0 0 1
    outer loop
      vertex 14.0353 -3.26401 1.3
      vertex 15.5729 -1.17557 1.3
      vertex 15.484 -1.08928 1.3
    endloop
  endfacet
  facet normal 0 0 1
    outer loop
      vertex 16.3661 -1.67734 1.3
      vertex 15.4376 -3.83689 1.3
      vertex 15.7423 -3.92104 1.3
    endloop
  endfacet
  facet normal 0 0 1
    outer loop
      vertex 13.7845 -3.12121 1.3
      vertex 15.484 -1.08928 1.3
      vertex 15.4019 -1 1.3
    endloop
  endfacet
  facet normal 0 0 1
    outer loop
      vertex 13.5452 -2.96985 1.3
      vertex 15.4019 -1 1.3
      vertex 15.327 -0.907981 1.3
    endloop
  endfacet
  facet normal 0 0 1
    outer loop
      vertex 13.3182 -2.81035 1.3
      vertex 15.327 -0.907981 1.3
      vertex 15.2594 -0.813473 1.3
    endloop
  endfacet
  facet normal 0 0 1
    outer loop
      vertex 13.104 -2.64315 1.3
      vertex 15.2594 -0.813473 1.3
      vertex 15.1993 -0.716736 1.3
    endloop
  endfacet
  facet normal 0 0 1
    outer loop
      vertex 12.9032 -2.4687 1.3
      vertex 15.1993 -0.716736 1.3
      vertex 15.1468 -0.618033 1.3
    endloop
  endfacet
  facet normal 0 0 1
    outer loop
      vertex 16.2366 -1.61803 1.3
      vertex 15.1399 -3.74223 1.3
      vertex 15.4376 -3.83689 1.3
    endloop
  endfacet
  facet normal 0 0 1
    outer loop
      vertex 12.7164 -2.28748 1.3
      vertex 15.1468 -0.618033 1.3
      vertex 15.1022 -0.517637 1.3
    endloop
  endfacet
  facet normal 0 0 1
    outer loop
      vertex 12.3867 -1.90676 1.3
      vertex 15.1022 -0.517637 1.3
      vertex 15.0656 -0.415823 1.3
    endloop
  endfacet
  facet normal 0 0 1
    outer loop
      vertex 12.2447 -1.70829 1.3
      vertex 15.0656 -0.415823 1.3
      vertex 15.0369 -0.312868 1.3
    endloop
  endfacet
  facet normal 0 0 1
    outer loop
      vertex 12.0083 -1.29787 1.3
      vertex 15.0369 -0.312868 1.3
      vertex 15.0164 -0.209057 1.3
    endloop
  endfacet
  facet normal 0 0 1
    outer loop
      vertex 11.8377 -0.873229 1.3
      vertex 15.0164 -0.209057 1.3
      vertex 15.0041 -0.104671 1.3
    endloop
  endfacet
  facet normal 0 0 1
    outer loop
      vertex 11.7086 -0.21981 1.3
      vertex 15.0041 -0.104671 1.3
      vertex 15 0 1.3
    endloop
  endfacet
  facet normal -0 0 1
    outer loop
      vertex 12.9032 2.4687 1.3
      vertex 15.1993 0.716736 1.3
      vertex 13.104 2.64315 1.3
    endloop
  endfacet
  facet normal 0 0 1
    outer loop
      vertex 15.9926 -1.48629 1.3
      vertex 14.85 -3.63731 1.3
      vertex 15.1399 -3.74223 1.3
    endloop
  endfacet
  facet normal 0 0 1
    outer loop
      vertex 15.1993 0.716736 1.3
      vertex 12.9032 2.4687 1.3
      vertex 15.1468 0.618033 1.3
    endloop
  endfacet
  facet normal 0 0 1
    outer loop
      vertex 15.8787 -1.41421 1.3
      vertex 14.5688 -3.52242 1.3
      vertex 14.85 -3.63731 1.3
    endloop
  endfacet
  facet normal -0 0 1
    outer loop
      vertex 12.7164 2.28748 1.3
      vertex 15.1468 0.618033 1.3
      vertex 12.9032 2.4687 1.3
    endloop
  endfacet
  facet normal 0 0 1
    outer loop
      vertex 15.7706 -1.33826 1.3
      vertex 14.297 -3.39787 1.3
      vertex 14.5688 -3.52242 1.3
    endloop
  endfacet
  facet normal 0 0 1
    outer loop
      vertex 15.1468 0.618033 1.3
      vertex 12.7164 2.28748 1.3
      vertex 15.1022 0.517637 1.3
    endloop
  endfacet
  facet normal 0 0 1
    outer loop
      vertex 15.5729 -1.17557 1.3
      vertex 14.0353 -3.26401 1.3
      vertex 14.297 -3.39787 1.3
    endloop
  endfacet
  facet normal -0 0 1
    outer loop
      vertex 12.544 2.1 1.3
      vertex 15.1022 0.517637 1.3
      vertex 12.7164 2.28748 1.3
    endloop
  endfacet
  facet normal 0 0 1
    outer loop
      vertex 15.484 -1.08928 1.3
      vertex 13.7845 -3.12121 1.3
      vertex 14.0353 -3.26401 1.3
    endloop
  endfacet
  facet normal -0 0 1
    outer loop
      vertex 12.3867 1.90676 1.3
      vertex 15.1022 0.517637 1.3
      vertex 12.544 2.1 1.3
    endloop
  endfacet
  facet normal 0 0 1
    outer loop
      vertex 15.4019 -1 1.3
      vertex 13.5452 -2.96985 1.3
      vertex 13.7845 -3.12121 1.3
    endloop
  endfacet
  facet normal 0 0 1
    outer loop
      vertex 15.1022 0.517637 1.3
      vertex 12.3867 1.90676 1.3
      vertex 15.0656 0.415823 1.3
    endloop
  endfacet
  facet normal 0 0 1
    outer loop
      vertex 15.327 -0.907981 1.3
      vertex 13.3182 -2.81035 1.3
      vertex 13.5452 -2.96985 1.3
    endloop
  endfacet
  facet normal -0 0 1
    outer loop
      vertex 12.2447 1.70829 1.3
      vertex 15.0656 0.415823 1.3
      vertex 12.3867 1.90676 1.3
    endloop
  endfacet
  facet normal 0 0 1
    outer loop
      vertex 15.2594 -0.813473 1.3
      vertex 13.104 -2.64315 1.3
      vertex 13.3182 -2.81035 1.3
    endloop
  endfacet
  facet normal 0 0 1
    outer loop
      vertex 15.0656 0.415823 1.3
      vertex 12.2447 1.70829 1.3
      vertex 15.0369 0.312868 1.3
    endloop
  endfacet
  facet normal 0 0 1
    outer loop
      vertex 15.1993 -0.716736 1.3
      vertex 12.9032 -2.4687 1.3
      vertex 13.104 -2.64315 1.3
    endloop
  endfacet
  facet normal -0 0 1
    outer loop
      vertex 12.1184 1.50515 1.3
      vertex 15.0369 0.312868 1.3
      vertex 12.2447 1.70829 1.3
    endloop
  endfacet
  facet normal 0 0 1
    outer loop
      vertex 15.1468 -0.618033 1.3
      vertex 12.7164 -2.28748 1.3
      vertex 12.9032 -2.4687 1.3
    endloop
  endfacet
  facet normal -0 0 1
    outer loop
      vertex 12.0083 1.29787 1.3
      vertex 15.0369 0.312868 1.3
      vertex 12.1184 1.50515 1.3
    endloop
  endfacet
  facet normal 0 0 1
    outer loop
      vertex 15.1022 -0.517637 1.3
      vertex 12.544 -2.1 1.3
      vertex 12.7164 -2.28748 1.3
    endloop
  endfacet
  facet normal 0 0 1
    outer loop
      vertex 15.0369 0.312868 1.3
      vertex 12.0083 1.29787 1.3
      vertex 15.0164 0.209057 1.3
    endloop
  endfacet
  facet normal 0 0 1
    outer loop
      vertex 15.1022 -0.517637 1.3
      vertex 12.3867 -1.90676 1.3
      vertex 12.544 -2.1 1.3
    endloop
  endfacet
  facet normal -0 0 1
    outer loop
      vertex 11.9147 1.08704 1.3
      vertex 15.0164 0.209057 1.3
      vertex 12.0083 1.29787 1.3
    endloop
  endfacet
  facet normal 0 0 1
    outer loop
      vertex 15.0656 -0.415823 1.3
      vertex 12.2447 -1.70829 1.3
      vertex 12.3867 -1.90676 1.3
    endloop
  endfacet
  facet normal -0 0 1
    outer loop
      vertex 11.8377 0.873229 1.3
      vertex 15.0164 0.209057 1.3
      vertex 11.9147 1.08704 1.3
    endloop
  endfacet
  facet normal 0 0 1
    outer loop
      vertex 15.0369 -0.312868 1.3
      vertex 12.1184 -1.50515 1.3
      vertex 12.2447 -1.70829 1.3
    endloop
  endfacet
  facet normal 0 0 1
    outer loop
      vertex 15.0164 0.209057 1.3
      vertex 11.8377 0.873229 1.3
      vertex 15.0041 0.104671 1.3
    endloop
  endfacet
  facet normal 0 0 1
    outer loop
      vertex 15.0369 -0.312868 1.3
      vertex 12.0083 -1.29787 1.3
      vertex 12.1184 -1.50515 1.3
    endloop
  endfacet
  facet normal -0 0 1
    outer loop
      vertex 11.7776 0.657024 1.3
      vertex 15.0041 0.104671 1.3
      vertex 11.8377 0.873229 1.3
    endloop
  endfacet
  facet normal 0 0 1
    outer loop
      vertex 15.0164 -0.209057 1.3
      vertex 11.9147 -1.08704 1.3
      vertex 12.0083 -1.29787 1.3
    endloop
  endfacet
  facet normal -0 0 1
    outer loop
      vertex 11.7345 0.439019 1.3
      vertex 15.0041 0.104671 1.3
      vertex 11.7776 0.657024 1.3
    endloop
  endfacet
  facet normal 0 0 1
    outer loop
      vertex 15.0164 -0.209057 1.3
      vertex 11.8377 -0.873229 1.3
      vertex 11.9147 -1.08704 1.3
    endloop
  endfacet
  facet normal -0 0 1
    outer loop
      vertex 11.7086 0.21981 1.3
      vertex 15.0041 0.104671 1.3
      vertex 11.7345 0.439019 1.3
    endloop
  endfacet
  facet normal 0 0 1
    outer loop
      vertex 15.0041 -0.104671 1.3
      vertex 11.7776 -0.657024 1.3
      vertex 11.8377 -0.873229 1.3
    endloop
  endfacet
  facet normal 0 0 1
    outer loop
      vertex 15.0041 0.104671 1.3
      vertex 11.7086 0.21981 1.3
      vertex 15 0 1.3
    endloop
  endfacet
  facet normal 0 0 1
    outer loop
      vertex 15.0041 -0.104671 1.3
      vertex 11.7345 -0.439019 1.3
      vertex 11.7776 -0.657024 1.3
    endloop
  endfacet
  facet normal 0 0 1
    outer loop
      vertex 11.7 0 1.3
      vertex 15 0 1.3
      vertex 11.7086 0.21981 1.3
    endloop
  endfacet
  facet normal 0 0 1
    outer loop
      vertex 15.0041 -0.104671 1.3
      vertex 11.7086 -0.21981 1.3
      vertex 11.7345 -0.439019 1.3
    endloop
  endfacet
  facet normal 0 0 1
    outer loop
      vertex 15 0 1.3
      vertex 11.7 0 1.3
      vertex 11.7086 -0.21981 1.3
    endloop
  endfacet
  facet normal 0.913881 0.405983 0
    outer loop
      vertex 20.8978 0.517637 2.5
      vertex 20.8532 0.618033 1.3
      vertex 20.8532 0.618033 2.5
    endloop
  endfacet
  facet normal 0.913881 0.405983 0
    outer loop
      vertex 20.8532 0.618033 1.3
      vertex 20.8978 0.517637 2.5
      vertex 20.8978 0.517637 1.3
    endloop
  endfacet
  facet normal 0.993129 0.117022 0
    outer loop
      vertex 20.9959 0.104671 2.5
      vertex 20.9836 0.209057 1.3
      vertex 20.9836 0.209057 2.5
    endloop
  endfacet
  facet normal 0.993129 0.117022 0
    outer loop
      vertex 20.9836 0.209057 1.3
      vertex 20.9959 0.104671 2.5
      vertex 20.9959 0.104671 1.3
    endloop
  endfacet
  facet normal 0.999234 0.0391403 0
    outer loop
      vertex 21 0 2.5
      vertex 20.9959 0.104671 1.3
      vertex 20.9959 0.104671 2.5
    endloop
  endfacet
  facet normal 0.999234 0.0391403 0
    outer loop
      vertex 20.9959 0.104671 1.3
      vertex 21 0 2.5
      vertex 21 0 1.3
    endloop
  endfacet
  facet normal -0.0174496 0.999848 0
    outer loop
      vertex 18 2 1.3
      vertex 17.843 1.99726 2.5
      vertex 18 2 2.5
    endloop
  endfacet
  facet normal -0.0174496 0.999848 0
    outer loop
      vertex 17.843 1.99726 2.5
      vertex 18 2 1.3
      vertex 17.843 1.99726 1.3
    endloop
  endfacet
  facet normal 0.302971 -0.953 0
    outer loop
      vertex 19.2202 -1.82709 1.3
      vertex 19.362 -1.78201 2.5
      vertex 19.2202 -1.82709 2.5
    endloop
  endfacet
  facet normal 0.302971 -0.953 0
    outer loop
      vertex 19.362 -1.78201 2.5
      vertex 19.2202 -1.82709 1.3
      vertex 19.362 -1.78201 1.3
    endloop
  endfacet
  facet normal 0.0174496 0.999848 -0
    outer loop
      vertex 18.157 1.99726 1.3
      vertex 18 2 2.5
      vertex 18.157 1.99726 2.5
    endloop
  endfacet
  facet normal 0.0174496 0.999848 0
    outer loop
      vertex 18 2 2.5
      vertex 18.157 1.99726 1.3
      vertex 18 2 1.3
    endloop
  endfacet
  facet normal -0.0873971 0.996174 0
    outer loop
      vertex 17.6864 1.98904 1.3
      vertex 17.5307 1.97538 2.5
      vertex 17.6864 1.98904 2.5
    endloop
  endfacet
  facet normal -0.0873971 0.996174 0
    outer loop
      vertex 17.5307 1.97538 2.5
      vertex 17.6864 1.98904 1.3
      vertex 17.5307 1.97538 1.3
    endloop
  endfacet
  facet normal 0.775559 0.631276 0
    outer loop
      vertex 20.673 0.907981 2.5
      vertex 20.5981 1 1.3
      vertex 20.5981 1 2.5
    endloop
  endfacet
  facet normal 0.775559 0.631276 0
    outer loop
      vertex 20.5981 1 1.3
      vertex 20.673 0.907981 2.5
      vertex 20.673 0.907981 1.3
    endloop
  endfacet
  facet normal 0.574884 -0.818235 0
    outer loop
      vertex 20.1213 -1.41421 1.3
      vertex 20.2294 -1.33826 2.5
      vertex 20.1213 -1.41421 2.5
    endloop
  endfacet
  facet normal 0.574884 -0.818235 0
    outer loop
      vertex 20.2294 -1.33826 2.5
      vertex 20.1213 -1.41421 1.3
      vertex 20.2294 -1.33826 1.3
    endloop
  endfacet
  facet normal 0.193735 0.981054 -0
    outer loop
      vertex 18.9271 1.90211 1.3
      vertex 18.7765 1.93185 2.5
      vertex 18.9271 1.90211 2.5
    endloop
  endfacet
  facet normal 0.193735 0.981054 0
    outer loop
      vertex 18.7765 1.93185 2.5
      vertex 18.9271 1.90211 1.3
      vertex 18.7765 1.93185 1.3
    endloop
  endfacet
  facet normal -0.655516 -0.755181 0
    outer loop
      vertex 15.5729 -1.17557 1.3
      vertex 15.6686 -1.25864 2.5
      vertex 15.5729 -1.17557 2.5
    endloop
  endfacet
  facet normal -0.655516 -0.755181 -0
    outer loop
      vertex 15.6686 -1.25864 2.5
      vertex 15.5729 -1.17557 1.3
      vertex 15.6686 -1.25864 1.3
    endloop
  endfacet
  facet normal 0.340408 -0.940278 0
    outer loop
      vertex 19.362 -1.78201 1.3
      vertex 19.5 -1.73205 2.5
      vertex 19.362 -1.78201 2.5
    endloop
  endfacet
  facet normal 0.340408 -0.940278 0
    outer loop
      vertex 19.5 -1.73205 2.5
      vertex 19.362 -1.78201 1.3
      vertex 19.5 -1.73205 1.3
    endloop
  endfacet
  facet normal 0.696495 -0.717562 0
    outer loop
      vertex 20.4271 -1.17557 1.3
      vertex 20.516 -1.08928 2.5
      vertex 20.4271 -1.17557 2.5
    endloop
  endfacet
  facet normal 0.696495 -0.717562 0
    outer loop
      vertex 20.516 -1.08928 2.5
      vertex 20.4271 -1.17557 1.3
      vertex 20.516 -1.08928 1.3
    endloop
  endfacet
  facet normal 0.999234 -0.0391403 0
    outer loop
      vertex 20.9959 -0.104671 2.5
      vertex 21 0 1.3
      vertex 21 0 2.5
    endloop
  endfacet
  facet normal 0.999234 -0.0391403 0
    outer loop
      vertex 21 0 1.3
      vertex 20.9959 -0.104671 2.5
      vertex 20.9959 -0.104671 1.3
    endloop
  endfacet
  facet normal 0.913881 -0.405983 0
    outer loop
      vertex 20.8532 -0.618033 2.5
      vertex 20.8978 -0.517637 1.3
      vertex 20.8978 -0.517637 2.5
    endloop
  endfacet
  facet normal 0.913881 -0.405983 0
    outer loop
      vertex 20.8978 -0.517637 1.3
      vertex 20.8532 -0.618033 2.5
      vertex 20.8532 -0.618033 1.3
    endloop
  endfacet
  facet normal 0.849418 -0.52772 0
    outer loop
      vertex 20.7406 -0.813473 2.5
      vertex 20.8007 -0.716736 1.3
      vertex 20.8007 -0.716736 2.5
    endloop
  endfacet
  facet normal 0.849418 -0.52772 0
    outer loop
      vertex 20.8007 -0.716736 1.3
      vertex 20.7406 -0.813473 2.5
      vertex 20.7406 -0.813473 1.3
    endloop
  endfacet
  facet normal 0.229827 -0.973231 0
    outer loop
      vertex 18.9271 -1.90211 1.3
      vertex 19.0751 -1.86716 2.5
      vertex 18.9271 -1.90211 2.5
    endloop
  endfacet
  facet normal 0.229827 -0.973231 0
    outer loop
      vertex 19.0751 -1.86716 2.5
      vertex 18.9271 -1.90211 1.3
      vertex 19.0751 -1.86716 1.3
    endloop
  endfacet
  facet normal 0.882878 -0.469602 0
    outer loop
      vertex 20.8007 -0.716736 2.5
      vertex 20.8532 -0.618033 1.3
      vertex 20.8532 -0.618033 2.5
    endloop
  endfacet
  facet normal 0.882878 -0.469602 0
    outer loop
      vertex 20.8532 -0.618033 1.3
      vertex 20.8007 -0.716736 2.5
      vertex 20.8007 -0.716736 1.3
    endloop
  endfacet
  facet normal -0.494884 0.868959 0
    outer loop
      vertex 16.112 1.55429 1.3
      vertex 15.9926 1.48629 2.5
      vertex 16.112 1.55429 2.5
    endloop
  endfacet
  facet normal -0.494884 0.868959 0
    outer loop
      vertex 15.9926 1.48629 2.5
      vertex 16.112 1.55429 1.3
      vertex 15.9926 1.48629 1.3
    endloop
  endfacet
  facet normal -0.574884 0.818235 0
    outer loop
      vertex 15.8787 1.41421 1.3
      vertex 15.7706 1.33826 2.5
      vertex 15.8787 1.41421 2.5
    endloop
  endfacet
  facet normal -0.574884 0.818235 0
    outer loop
      vertex 15.7706 1.33826 2.5
      vertex 15.8787 1.41421 1.3
      vertex 15.7706 1.33826 1.3
    endloop
  endfacet
  facet normal 0.494884 0.868959 -0
    outer loop
      vertex 20.0074 1.48629 1.3
      vertex 19.888 1.55429 2.5
      vertex 20.0074 1.48629 2.5
    endloop
  endfacet
  facet normal 0.494884 0.868959 0
    outer loop
      vertex 19.888 1.55429 2.5
      vertex 20.0074 1.48629 1.3
      vertex 19.888 1.55429 1.3
    endloop
  endfacet
  facet normal -0.999234 -0.0391403 0
    outer loop
      vertex 15.0041 -0.104671 1.3
      vertex 15 0 2.5
      vertex 15 0 1.3
    endloop
  endfacet
  facet normal -0.999234 -0.0391403 0
    outer loop
      vertex 15 0 2.5
      vertex 15.0041 -0.104671 1.3
      vertex 15.0041 -0.104671 2.5
    endloop
  endfacet
  facet normal 0.0873971 0.996174 -0
    outer loop
      vertex 18.4693 1.97538 1.3
      vertex 18.3136 1.98904 2.5
      vertex 18.4693 1.97538 2.5
    endloop
  endfacet
  facet normal 0.0873971 0.996174 0
    outer loop
      vertex 18.3136 1.98904 2.5
      vertex 18.4693 1.97538 1.3
      vertex 18.3136 1.98904 1.3
    endloop
  endfacet
  facet normal 0.266191 0.96392 -0
    outer loop
      vertex 19.2202 1.82709 1.3
      vertex 19.0751 1.86716 2.5
      vertex 19.2202 1.82709 2.5
    endloop
  endfacet
  facet normal 0.266191 0.96392 0
    outer loop
      vertex 19.0751 1.86716 2.5
      vertex 19.2202 1.82709 1.3
      vertex 19.0751 1.86716 1.3
    endloop
  endfacet
  facet normal -0.229827 0.973231 0
    outer loop
      vertex 17.0729 1.90211 1.3
      vertex 16.9249 1.86716 2.5
      vertex 17.0729 1.90211 2.5
    endloop
  endfacet
  facet normal -0.229827 0.973231 0
    outer loop
      vertex 16.9249 1.86716 2.5
      vertex 17.0729 1.90211 1.3
      vertex 16.9249 1.86716 1.3
    endloop
  endfacet
  facet normal 0.302971 0.953 -0
    outer loop
      vertex 19.362 1.78201 1.3
      vertex 19.2202 1.82709 2.5
      vertex 19.362 1.78201 2.5
    endloop
  endfacet
  facet normal 0.302971 0.953 0
    outer loop
      vertex 19.2202 1.82709 2.5
      vertex 19.362 1.78201 1.3
      vertex 19.2202 1.82709 1.3
    endloop
  endfacet
  facet normal 0.574884 0.818235 -0
    outer loop
      vertex 20.2294 1.33826 1.3
      vertex 20.1213 1.41421 2.5
      vertex 20.2294 1.33826 2.5
    endloop
  endfacet
  facet normal 0.574884 0.818235 0
    outer loop
      vertex 20.1213 1.41421 2.5
      vertex 20.2294 1.33826 1.3
      vertex 20.1213 1.41421 1.3
    endloop
  endfacet
  facet normal 0.193735 -0.981054 0
    outer loop
      vertex 18.7765 -1.93185 1.3
      vertex 18.9271 -1.90211 2.5
      vertex 18.7765 -1.93185 2.5
    endloop
  endfacet
  facet normal 0.193735 -0.981054 0
    outer loop
      vertex 18.9271 -1.90211 2.5
      vertex 18.7765 -1.93185 1.3
      vertex 18.9271 -1.90211 1.3
    endloop
  endfacet
  facet normal 0.81335 0.581775 0
    outer loop
      vertex 20.7406 0.813473 2.5
      vertex 20.673 0.907981 1.3
      vertex 20.673 0.907981 2.5
    endloop
  endfacet
  facet normal 0.81335 0.581775 0
    outer loop
      vertex 20.673 0.907981 1.3
      vertex 20.7406 0.813473 2.5
      vertex 20.7406 0.813473 1.3
    endloop
  endfacet
  facet normal 0.158003 -0.987439 0
    outer loop
      vertex 18.6237 -1.9563 1.3
      vertex 18.7765 -1.93185 2.5
      vertex 18.6237 -1.9563 2.5
    endloop
  endfacet
  facet normal 0.158003 -0.987439 0
    outer loop
      vertex 18.7765 -1.93185 2.5
      vertex 18.6237 -1.9563 1.3
      vertex 18.7765 -1.93185 1.3
    endloop
  endfacet
  facet normal 0.534752 0.845009 -0
    outer loop
      vertex 20.1213 1.41421 1.3
      vertex 20.0074 1.48629 2.5
      vertex 20.1213 1.41421 2.5
    endloop
  endfacet
  facet normal 0.534752 0.845009 0
    outer loop
      vertex 20.0074 1.48629 2.5
      vertex 20.1213 1.41421 1.3
      vertex 20.0074 1.48629 1.3
    endloop
  endfacet
  facet normal 0.963273 -0.268524 0
    outer loop
      vertex 20.9344 -0.415823 2.5
      vertex 20.9631 -0.312868 1.3
      vertex 20.9631 -0.312868 2.5
    endloop
  endfacet
  facet normal 0.963273 -0.268524 0
    outer loop
      vertex 20.9631 -0.312868 1.3
      vertex 20.9344 -0.415823 2.5
      vertex 20.9344 -0.415823 1.3
    endloop
  endfacet
  facet normal -0.455426 -0.890274 0
    outer loop
      vertex 16.112 -1.55429 1.3
      vertex 16.2366 -1.61803 2.5
      vertex 16.112 -1.55429 2.5
    endloop
  endfacet
  facet normal -0.455426 -0.890274 -0
    outer loop
      vertex 16.2366 -1.61803 2.5
      vertex 16.112 -1.55429 1.3
      vertex 16.2366 -1.61803 1.3
    endloop
  endfacet
  facet normal -0.981054 -0.193733 0
    outer loop
      vertex 15.0369 -0.312868 1.3
      vertex 15.0164 -0.209057 2.5
      vertex 15.0164 -0.209057 1.3
    endloop
  endfacet
  facet normal -0.981054 -0.193733 0
    outer loop
      vertex 15.0164 -0.209057 2.5
      vertex 15.0369 -0.312868 1.3
      vertex 15.0369 -0.312868 2.5
    endloop
  endfacet
  facet normal -0.999234 0.0391403 0
    outer loop
      vertex 15 0 1.3
      vertex 15.0041 0.104671 2.5
      vertex 15.0041 0.104671 1.3
    endloop
  endfacet
  facet normal -0.999234 0.0391403 0
    outer loop
      vertex 15.0041 0.104671 2.5
      vertex 15 0 1.3
      vertex 15 0 2.5
    endloop
  endfacet
  facet normal 0.941044 0.338285 0
    outer loop
      vertex 20.9344 0.415823 2.5
      vertex 20.8978 0.517637 1.3
      vertex 20.8978 0.517637 2.5
    endloop
  endfacet
  facet normal 0.941044 0.338285 0
    outer loop
      vertex 20.8978 0.517637 1.3
      vertex 20.9344 0.415823 2.5
      vertex 20.9344 0.415823 1.3
    endloop
  endfacet
  facet normal 0.158003 0.987439 -0
    outer loop
      vertex 18.7765 1.93185 1.3
      vertex 18.6237 1.9563 2.5
      vertex 18.7765 1.93185 2.5
    endloop
  endfacet
  facet normal 0.158003 0.987439 0
    outer loop
      vertex 18.6237 1.9563 2.5
      vertex 18.7765 1.93185 1.3
      vertex 18.6237 1.9563 1.3
    endloop
  endfacet
  facet normal 0.981054 -0.193733 0
    outer loop
      vertex 20.9631 -0.312868 2.5
      vertex 20.9836 -0.209057 1.3
      vertex 20.9836 -0.209057 2.5
    endloop
  endfacet
  facet normal 0.981054 -0.193733 0
    outer loop
      vertex 20.9836 -0.209057 1.3
      vertex 20.9631 -0.312868 2.5
      vertex 20.9631 -0.312868 1.3
    endloop
  endfacet
  facet normal -0.534752 -0.845009 0
    outer loop
      vertex 15.8787 -1.41421 1.3
      vertex 15.9926 -1.48629 2.5
      vertex 15.8787 -1.41421 2.5
    endloop
  endfacet
  facet normal -0.534752 -0.845009 -0
    outer loop
      vertex 15.9926 -1.48629 2.5
      vertex 15.8787 -1.41421 1.3
      vertex 15.9926 -1.48629 1.3
    endloop
  endfacet
  facet normal 0.655516 0.755181 -0
    outer loop
      vertex 20.4271 1.17557 1.3
      vertex 20.3314 1.25864 2.5
      vertex 20.4271 1.17557 2.5
    endloop
  endfacet
  facet normal 0.655516 0.755181 0
    outer loop
      vertex 20.3314 1.25864 2.5
      vertex 20.4271 1.17557 1.3
      vertex 20.3314 1.25864 1.3
    endloop
  endfacet
  facet normal -0.266191 -0.96392 0
    outer loop
      vertex 16.7798 -1.82709 1.3
      vertex 16.9249 -1.86716 2.5
      vertex 16.7798 -1.82709 2.5
    endloop
  endfacet
  facet normal -0.266191 -0.96392 -0
    outer loop
      vertex 16.9249 -1.86716 2.5
      vertex 16.7798 -1.82709 1.3
      vertex 16.9249 -1.86716 1.3
    endloop
  endfacet
  facet normal -0.302971 0.953 0
    outer loop
      vertex 16.7798 1.82709 1.3
      vertex 16.638 1.78201 2.5
      vertex 16.7798 1.82709 2.5
    endloop
  endfacet
  facet normal -0.302971 0.953 0
    outer loop
      vertex 16.638 1.78201 2.5
      vertex 16.7798 1.82709 1.3
      vertex 16.638 1.78201 1.3
    endloop
  endfacet
  facet normal -0.993129 -0.117022 0
    outer loop
      vertex 15.0164 -0.209057 1.3
      vertex 15.0041 -0.104671 2.5
      vertex 15.0041 -0.104671 1.3
    endloop
  endfacet
  facet normal -0.993129 -0.117022 0
    outer loop
      vertex 15.0041 -0.104671 2.5
      vertex 15.0164 -0.209057 1.3
      vertex 15.0164 -0.209057 2.5
    endloop
  endfacet
  facet normal -0.158003 -0.987439 0
    outer loop
      vertex 17.2235 -1.93185 1.3
      vertex 17.3763 -1.9563 2.5
      vertex 17.2235 -1.93185 2.5
    endloop
  endfacet
  facet normal -0.158003 -0.987439 -0
    outer loop
      vertex 17.3763 -1.9563 2.5
      vertex 17.2235 -1.93185 1.3
      vertex 17.3763 -1.9563 1.3
    endloop
  endfacet
  facet normal -0.882878 0.469602 0
    outer loop
      vertex 15.1468 0.618033 1.3
      vertex 15.1993 0.716736 2.5
      vertex 15.1993 0.716736 1.3
    endloop
  endfacet
  facet normal -0.882878 0.469602 0
    outer loop
      vertex 15.1993 0.716736 2.5
      vertex 15.1468 0.618033 1.3
      vertex 15.1468 0.618033 2.5
    endloop
  endfacet
  facet normal 0.993129 -0.117022 0
    outer loop
      vertex 20.9836 -0.209057 2.5
      vertex 20.9959 -0.104671 1.3
      vertex 20.9959 -0.104671 2.5
    endloop
  endfacet
  facet normal 0.993129 -0.117022 0
    outer loop
      vertex 20.9959 -0.104671 1.3
      vertex 20.9836 -0.209057 2.5
      vertex 20.9836 -0.209057 1.3
    endloop
  endfacet
  facet normal -0.0174496 -0.999848 0
    outer loop
      vertex 17.843 -1.99726 1.3
      vertex 18 -2 2.5
      vertex 17.843 -1.99726 2.5
    endloop
  endfacet
  facet normal -0.0174496 -0.999848 -0
    outer loop
      vertex 18 -2 2.5
      vertex 17.843 -1.99726 1.3
      vertex 18 -2 1.3
    endloop
  endfacet
  facet normal -0.534752 0.845009 0
    outer loop
      vertex 15.9926 1.48629 1.3
      vertex 15.8787 1.41421 2.5
      vertex 15.9926 1.48629 2.5
    endloop
  endfacet
  facet normal -0.534752 0.845009 0
    outer loop
      vertex 15.8787 1.41421 2.5
      vertex 15.9926 1.48629 1.3
      vertex 15.8787 1.41421 1.3
    endloop
  endfacet
  facet normal -0.963273 0.268524 0
    outer loop
      vertex 15.0369 0.312868 1.3
      vertex 15.0656 0.415823 2.5
      vertex 15.0656 0.415823 1.3
    endloop
  endfacet
  facet normal -0.963273 0.268524 0
    outer loop
      vertex 15.0656 0.415823 2.5
      vertex 15.0369 0.312868 1.3
      vertex 15.0369 0.312868 2.5
    endloop
  endfacet
  facet normal 0.882878 0.469602 0
    outer loop
      vertex 20.8532 0.618033 2.5
      vertex 20.8007 0.716736 1.3
      vertex 20.8007 0.716736 2.5
    endloop
  endfacet
  facet normal 0.882878 0.469602 0
    outer loop
      vertex 20.8007 0.716736 1.3
      vertex 20.8532 0.618033 2.5
      vertex 20.8532 0.618033 1.3
    endloop
  endfacet
  facet normal -0.340408 -0.940278 0
    outer loop
      vertex 16.5 -1.73205 1.3
      vertex 16.638 -1.78201 2.5
      vertex 16.5 -1.73205 2.5
    endloop
  endfacet
  facet normal -0.340408 -0.940278 -0
    outer loop
      vertex 16.638 -1.78201 2.5
      vertex 16.5 -1.73205 1.3
      vertex 16.638 -1.78201 1.3
    endloop
  endfacet
  facet normal 0.736085 0.676889 0
    outer loop
      vertex 20.5981 1 2.5
      vertex 20.516 1.08928 1.3
      vertex 20.516 1.08928 2.5
    endloop
  endfacet
  facet normal 0.736085 0.676889 0
    outer loop
      vertex 20.516 1.08928 1.3
      vertex 20.5981 1 2.5
      vertex 20.5981 1 1.3
    endloop
  endfacet
  facet normal -0.0524183 -0.998625 0
    outer loop
      vertex 17.6864 -1.98904 1.3
      vertex 17.843 -1.99726 2.5
      vertex 17.6864 -1.98904 2.5
    endloop
  endfacet
  facet normal -0.0524183 -0.998625 -0
    outer loop
      vertex 17.843 -1.99726 2.5
      vertex 17.6864 -1.98904 1.3
      vertex 17.843 -1.99726 1.3
    endloop
  endfacet
  facet normal 0.455426 -0.890274 0
    outer loop
      vertex 19.7634 -1.61803 1.3
      vertex 19.888 -1.55429 2.5
      vertex 19.7634 -1.61803 2.5
    endloop
  endfacet
  facet normal 0.455426 -0.890274 0
    outer loop
      vertex 19.888 -1.55429 2.5
      vertex 19.7634 -1.61803 1.3
      vertex 19.888 -1.55429 1.3
    endloop
  endfacet
  facet normal 0.0524183 -0.998625 0
    outer loop
      vertex 18.157 -1.99726 1.3
      vertex 18.3136 -1.98904 2.5
      vertex 18.157 -1.99726 2.5
    endloop
  endfacet
  facet normal 0.0524183 -0.998625 0
    outer loop
      vertex 18.3136 -1.98904 2.5
      vertex 18.157 -1.99726 1.3
      vertex 18.3136 -1.98904 1.3
    endloop
  endfacet
  facet normal 0.61532 -0.788277 0
    outer loop
      vertex 20.2294 -1.33826 1.3
      vertex 20.3314 -1.25864 2.5
      vertex 20.2294 -1.33826 2.5
    endloop
  endfacet
  facet normal 0.61532 -0.788277 0
    outer loop
      vertex 20.3314 -1.25864 2.5
      vertex 20.2294 -1.33826 1.3
      vertex 20.3314 -1.25864 1.3
    endloop
  endfacet
  facet normal -0.266191 0.96392 0
    outer loop
      vertex 16.9249 1.86716 1.3
      vertex 16.7798 1.82709 2.5
      vertex 16.9249 1.86716 2.5
    endloop
  endfacet
  facet normal -0.266191 0.96392 0
    outer loop
      vertex 16.7798 1.82709 2.5
      vertex 16.9249 1.86716 1.3
      vertex 16.7798 1.82709 1.3
    endloop
  endfacet
  facet normal -0.122642 -0.992451 0
    outer loop
      vertex 17.3763 -1.9563 1.3
      vertex 17.5307 -1.97538 2.5
      vertex 17.3763 -1.9563 2.5
    endloop
  endfacet
  facet normal -0.122642 -0.992451 -0
    outer loop
      vertex 17.5307 -1.97538 2.5
      vertex 17.3763 -1.9563 1.3
      vertex 17.5307 -1.97538 1.3
    endloop
  endfacet
  facet normal -0.81335 0.581775 0
    outer loop
      vertex 15.2594 0.813473 1.3
      vertex 15.327 0.907981 2.5
      vertex 15.327 0.907981 1.3
    endloop
  endfacet
  facet normal -0.81335 0.581775 0
    outer loop
      vertex 15.327 0.907981 2.5
      vertex 15.2594 0.813473 1.3
      vertex 15.2594 0.813473 2.5
    endloop
  endfacet
  facet normal 0.849418 0.52772 0
    outer loop
      vertex 20.8007 0.716736 2.5
      vertex 20.7406 0.813473 1.3
      vertex 20.7406 0.813473 2.5
    endloop
  endfacet
  facet normal 0.849418 0.52772 0
    outer loop
      vertex 20.7406 0.813473 1.3
      vertex 20.8007 0.716736 2.5
      vertex 20.8007 0.716736 1.3
    endloop
  endfacet
  facet normal 0.229827 0.973231 -0
    outer loop
      vertex 19.0751 1.86716 1.3
      vertex 18.9271 1.90211 2.5
      vertex 19.0751 1.86716 2.5
    endloop
  endfacet
  facet normal 0.229827 0.973231 0
    outer loop
      vertex 18.9271 1.90211 2.5
      vertex 19.0751 1.86716 1.3
      vertex 18.9271 1.90211 1.3
    endloop
  endfacet
  facet normal 0.0174496 -0.999848 0
    outer loop
      vertex 18 -2 1.3
      vertex 18.157 -1.99726 2.5
      vertex 18 -2 2.5
    endloop
  endfacet
  facet normal 0.0174496 -0.999848 0
    outer loop
      vertex 18.157 -1.99726 2.5
      vertex 18 -2 1.3
      vertex 18.157 -1.99726 1.3
    endloop
  endfacet
  facet normal 0.941044 -0.338285 0
    outer loop
      vertex 20.8978 -0.517637 2.5
      vertex 20.9344 -0.415823 1.3
      vertex 20.9344 -0.415823 2.5
    endloop
  endfacet
  facet normal 0.941044 -0.338285 0
    outer loop
      vertex 20.9344 -0.415823 1.3
      vertex 20.8978 -0.517637 2.5
      vertex 20.8978 -0.517637 1.3
    endloop
  endfacet
  facet normal -0.993129 0.117022 0
    outer loop
      vertex 15.0041 0.104671 1.3
      vertex 15.0164 0.209057 2.5
      vertex 15.0164 0.209057 1.3
    endloop
  endfacet
  facet normal -0.993129 0.117022 0
    outer loop
      vertex 15.0164 0.209057 2.5
      vertex 15.0041 0.104671 1.3
      vertex 15.0041 0.104671 2.5
    endloop
  endfacet
  facet normal -0.340408 0.940278 0
    outer loop
      vertex 16.638 1.78201 1.3
      vertex 16.5 1.73205 2.5
      vertex 16.638 1.78201 2.5
    endloop
  endfacet
  facet normal -0.340408 0.940278 0
    outer loop
      vertex 16.5 1.73205 2.5
      vertex 16.638 1.78201 1.3
      vertex 16.5 1.73205 1.3
    endloop
  endfacet
  facet normal -0.378234 0.92571 0
    outer loop
      vertex 16.5 1.73205 1.3
      vertex 16.3661 1.67734 2.5
      vertex 16.5 1.73205 2.5
    endloop
  endfacet
  facet normal -0.378234 0.92571 0
    outer loop
      vertex 16.3661 1.67734 2.5
      vertex 16.5 1.73205 1.3
      vertex 16.3661 1.67734 1.3
    endloop
  endfacet
  facet normal -0.0873971 -0.996174 0
    outer loop
      vertex 17.5307 -1.97538 1.3
      vertex 17.6864 -1.98904 2.5
      vertex 17.5307 -1.97538 2.5
    endloop
  endfacet
  facet normal -0.0873971 -0.996174 -0
    outer loop
      vertex 17.6864 -1.98904 2.5
      vertex 17.5307 -1.97538 1.3
      vertex 17.6864 -1.98904 1.3
    endloop
  endfacet
  facet normal 0.378234 -0.92571 0
    outer loop
      vertex 19.5 -1.73205 1.3
      vertex 19.6339 -1.67734 2.5
      vertex 19.5 -1.73205 2.5
    endloop
  endfacet
  facet normal 0.378234 -0.92571 0
    outer loop
      vertex 19.6339 -1.67734 2.5
      vertex 19.5 -1.73205 1.3
      vertex 19.6339 -1.67734 1.3
    endloop
  endfacet
  facet normal 0.494884 -0.868959 0
    outer loop
      vertex 19.888 -1.55429 1.3
      vertex 20.0074 -1.48629 2.5
      vertex 19.888 -1.55429 2.5
    endloop
  endfacet
  facet normal 0.494884 -0.868959 0
    outer loop
      vertex 20.0074 -1.48629 2.5
      vertex 19.888 -1.55429 1.3
      vertex 20.0074 -1.48629 1.3
    endloop
  endfacet
  facet normal 0.534752 -0.845009 0
    outer loop
      vertex 20.0074 -1.48629 1.3
      vertex 20.1213 -1.41421 2.5
      vertex 20.0074 -1.48629 2.5
    endloop
  endfacet
  facet normal 0.534752 -0.845009 0
    outer loop
      vertex 20.1213 -1.41421 2.5
      vertex 20.0074 -1.48629 1.3
      vertex 20.1213 -1.41421 1.3
    endloop
  endfacet
  facet normal -0.882878 -0.469602 0
    outer loop
      vertex 15.1993 -0.716736 1.3
      vertex 15.1468 -0.618033 2.5
      vertex 15.1468 -0.618033 1.3
    endloop
  endfacet
  facet normal -0.882878 -0.469602 0
    outer loop
      vertex 15.1468 -0.618033 2.5
      vertex 15.1993 -0.716736 1.3
      vertex 15.1993 -0.716736 2.5
    endloop
  endfacet
  facet normal 0.122642 0.992451 -0
    outer loop
      vertex 18.6237 1.9563 1.3
      vertex 18.4693 1.97538 2.5
      vertex 18.6237 1.9563 2.5
    endloop
  endfacet
  facet normal 0.122642 0.992451 0
    outer loop
      vertex 18.4693 1.97538 2.5
      vertex 18.6237 1.9563 1.3
      vertex 18.4693 1.97538 1.3
    endloop
  endfacet
  facet normal -0.913881 0.405983 0
    outer loop
      vertex 15.1022 0.517637 1.3
      vertex 15.1468 0.618033 2.5
      vertex 15.1468 0.618033 1.3
    endloop
  endfacet
  facet normal -0.913881 0.405983 0
    outer loop
      vertex 15.1468 0.618033 2.5
      vertex 15.1022 0.517637 1.3
      vertex 15.1022 0.517637 2.5
    endloop
  endfacet
  facet normal -0.736085 0.676889 0
    outer loop
      vertex 15.4019 1 1.3
      vertex 15.484 1.08928 2.5
      vertex 15.484 1.08928 1.3
    endloop
  endfacet
  facet normal -0.736085 0.676889 0
    outer loop
      vertex 15.484 1.08928 2.5
      vertex 15.4019 1 1.3
      vertex 15.4019 1 2.5
    endloop
  endfacet
  facet normal -0.696495 0.717562 0
    outer loop
      vertex 15.5729 1.17557 1.3
      vertex 15.484 1.08928 2.5
      vertex 15.5729 1.17557 2.5
    endloop
  endfacet
  facet normal -0.696495 0.717562 0
    outer loop
      vertex 15.484 1.08928 2.5
      vertex 15.5729 1.17557 1.3
      vertex 15.484 1.08928 1.3
    endloop
  endfacet
  facet normal 0.61532 0.788277 -0
    outer loop
      vertex 20.3314 1.25864 1.3
      vertex 20.2294 1.33826 2.5
      vertex 20.3314 1.25864 2.5
    endloop
  endfacet
  facet normal 0.61532 0.788277 0
    outer loop
      vertex 20.2294 1.33826 2.5
      vertex 20.3314 1.25864 1.3
      vertex 20.2294 1.33826 1.3
    endloop
  endfacet
  facet normal 0.963273 0.268524 0
    outer loop
      vertex 20.9631 0.312868 2.5
      vertex 20.9344 0.415823 1.3
      vertex 20.9344 0.415823 2.5
    endloop
  endfacet
  facet normal 0.963273 0.268524 0
    outer loop
      vertex 20.9344 0.415823 1.3
      vertex 20.9631 0.312868 2.5
      vertex 20.9631 0.312868 1.3
    endloop
  endfacet
  facet normal 0.736085 -0.676889 0
    outer loop
      vertex 20.516 -1.08928 2.5
      vertex 20.5981 -1 1.3
      vertex 20.5981 -1 2.5
    endloop
  endfacet
  facet normal 0.736085 -0.676889 0
    outer loop
      vertex 20.5981 -1 1.3
      vertex 20.516 -1.08928 2.5
      vertex 20.516 -1.08928 1.3
    endloop
  endfacet
  facet normal -0.229827 -0.973231 0
    outer loop
      vertex 16.9249 -1.86716 1.3
      vertex 17.0729 -1.90211 2.5
      vertex 16.9249 -1.86716 2.5
    endloop
  endfacet
  facet normal -0.229827 -0.973231 -0
    outer loop
      vertex 17.0729 -1.90211 2.5
      vertex 16.9249 -1.86716 1.3
      vertex 17.0729 -1.90211 1.3
    endloop
  endfacet
  facet normal 0.0524183 0.998625 -0
    outer loop
      vertex 18.3136 1.98904 1.3
      vertex 18.157 1.99726 2.5
      vertex 18.3136 1.98904 2.5
    endloop
  endfacet
  facet normal 0.0524183 0.998625 0
    outer loop
      vertex 18.157 1.99726 2.5
      vertex 18.3136 1.98904 1.3
      vertex 18.157 1.99726 1.3
    endloop
  endfacet
  facet normal -0.775559 -0.631276 0
    outer loop
      vertex 15.4019 -1 1.3
      vertex 15.327 -0.907981 2.5
      vertex 15.327 -0.907981 1.3
    endloop
  endfacet
  facet normal -0.775559 -0.631276 0
    outer loop
      vertex 15.327 -0.907981 2.5
      vertex 15.4019 -1 1.3
      vertex 15.4019 -1 2.5
    endloop
  endfacet
  facet normal 0.455426 0.890274 -0
    outer loop
      vertex 19.888 1.55429 1.3
      vertex 19.7634 1.61803 2.5
      vertex 19.888 1.55429 2.5
    endloop
  endfacet
  facet normal 0.455426 0.890274 0
    outer loop
      vertex 19.7634 1.61803 2.5
      vertex 19.888 1.55429 1.3
      vertex 19.7634 1.61803 1.3
    endloop
  endfacet
  facet normal 0.416398 -0.909182 0
    outer loop
      vertex 19.6339 -1.67734 1.3
      vertex 19.7634 -1.61803 2.5
      vertex 19.6339 -1.67734 2.5
    endloop
  endfacet
  facet normal 0.416398 -0.909182 0
    outer loop
      vertex 19.7634 -1.61803 2.5
      vertex 19.6339 -1.67734 1.3
      vertex 19.7634 -1.61803 1.3
    endloop
  endfacet
  facet normal 0.981054 0.193733 0
    outer loop
      vertex 20.9836 0.209057 2.5
      vertex 20.9631 0.312868 1.3
      vertex 20.9631 0.312868 2.5
    endloop
  endfacet
  facet normal 0.981054 0.193733 0
    outer loop
      vertex 20.9631 0.312868 1.3
      vertex 20.9836 0.209057 2.5
      vertex 20.9836 0.209057 1.3
    endloop
  endfacet
  facet normal 0.696495 0.717562 -0
    outer loop
      vertex 20.516 1.08928 1.3
      vertex 20.4271 1.17557 2.5
      vertex 20.516 1.08928 2.5
    endloop
  endfacet
  facet normal 0.696495 0.717562 0
    outer loop
      vertex 20.4271 1.17557 2.5
      vertex 20.516 1.08928 1.3
      vertex 20.4271 1.17557 1.3
    endloop
  endfacet
  facet normal -0.574884 -0.818235 0
    outer loop
      vertex 15.7706 -1.33826 1.3
      vertex 15.8787 -1.41421 2.5
      vertex 15.7706 -1.33826 2.5
    endloop
  endfacet
  facet normal -0.574884 -0.818235 -0
    outer loop
      vertex 15.8787 -1.41421 2.5
      vertex 15.7706 -1.33826 1.3
      vertex 15.8787 -1.41421 1.3
    endloop
  endfacet
  facet normal 0.122642 -0.992451 0
    outer loop
      vertex 18.4693 -1.97538 1.3
      vertex 18.6237 -1.9563 2.5
      vertex 18.4693 -1.97538 2.5
    endloop
  endfacet
  facet normal 0.122642 -0.992451 0
    outer loop
      vertex 18.6237 -1.9563 2.5
      vertex 18.4693 -1.97538 1.3
      vertex 18.6237 -1.9563 1.3
    endloop
  endfacet
  facet normal -0.0524183 0.998625 0
    outer loop
      vertex 17.843 1.99726 1.3
      vertex 17.6864 1.98904 2.5
      vertex 17.843 1.99726 2.5
    endloop
  endfacet
  facet normal -0.0524183 0.998625 0
    outer loop
      vertex 17.6864 1.98904 2.5
      vertex 17.843 1.99726 1.3
      vertex 17.6864 1.98904 1.3
    endloop
  endfacet
  facet normal 0.416398 0.909182 -0
    outer loop
      vertex 19.7634 1.61803 1.3
      vertex 19.6339 1.67734 2.5
      vertex 19.7634 1.61803 2.5
    endloop
  endfacet
  facet normal 0.416398 0.909182 0
    outer loop
      vertex 19.6339 1.67734 2.5
      vertex 19.7634 1.61803 1.3
      vertex 19.6339 1.67734 1.3
    endloop
  endfacet
  facet normal 0.81335 -0.581775 0
    outer loop
      vertex 20.673 -0.907981 2.5
      vertex 20.7406 -0.813473 1.3
      vertex 20.7406 -0.813473 2.5
    endloop
  endfacet
  facet normal 0.81335 -0.581775 0
    outer loop
      vertex 20.7406 -0.813473 1.3
      vertex 20.673 -0.907981 2.5
      vertex 20.673 -0.907981 1.3
    endloop
  endfacet
  facet normal 0.775559 -0.631276 0
    outer loop
      vertex 20.5981 -1 2.5
      vertex 20.673 -0.907981 1.3
      vertex 20.673 -0.907981 2.5
    endloop
  endfacet
  facet normal 0.775559 -0.631276 0
    outer loop
      vertex 20.673 -0.907981 1.3
      vertex 20.5981 -1 2.5
      vertex 20.5981 -1 1.3
    endloop
  endfacet
  facet normal 0.266191 -0.96392 0
    outer loop
      vertex 19.0751 -1.86716 1.3
      vertex 19.2202 -1.82709 2.5
      vertex 19.0751 -1.86716 2.5
    endloop
  endfacet
  facet normal 0.266191 -0.96392 0
    outer loop
      vertex 19.2202 -1.82709 2.5
      vertex 19.0751 -1.86716 1.3
      vertex 19.2202 -1.82709 1.3
    endloop
  endfacet
  facet normal -0.655516 0.755181 0
    outer loop
      vertex 15.6686 1.25864 1.3
      vertex 15.5729 1.17557 2.5
      vertex 15.6686 1.25864 2.5
    endloop
  endfacet
  facet normal -0.655516 0.755181 0
    outer loop
      vertex 15.5729 1.17557 2.5
      vertex 15.6686 1.25864 1.3
      vertex 15.5729 1.17557 1.3
    endloop
  endfacet
  facet normal -0.122642 0.992451 0
    outer loop
      vertex 17.5307 1.97538 1.3
      vertex 17.3763 1.9563 2.5
      vertex 17.5307 1.97538 2.5
    endloop
  endfacet
  facet normal -0.122642 0.992451 0
    outer loop
      vertex 17.3763 1.9563 2.5
      vertex 17.5307 1.97538 1.3
      vertex 17.3763 1.9563 1.3
    endloop
  endfacet
  facet normal -0.302971 -0.953 0
    outer loop
      vertex 16.638 -1.78201 1.3
      vertex 16.7798 -1.82709 2.5
      vertex 16.638 -1.78201 2.5
    endloop
  endfacet
  facet normal -0.302971 -0.953 -0
    outer loop
      vertex 16.7798 -1.82709 2.5
      vertex 16.638 -1.78201 1.3
      vertex 16.7798 -1.82709 1.3
    endloop
  endfacet
  facet normal -0.61532 -0.788277 0
    outer loop
      vertex 15.6686 -1.25864 1.3
      vertex 15.7706 -1.33826 2.5
      vertex 15.6686 -1.25864 2.5
    endloop
  endfacet
  facet normal -0.61532 -0.788277 -0
    outer loop
      vertex 15.7706 -1.33826 2.5
      vertex 15.6686 -1.25864 1.3
      vertex 15.7706 -1.33826 1.3
    endloop
  endfacet
  facet normal 0.0873971 -0.996174 0
    outer loop
      vertex 18.3136 -1.98904 1.3
      vertex 18.4693 -1.97538 2.5
      vertex 18.3136 -1.98904 2.5
    endloop
  endfacet
  facet normal 0.0873971 -0.996174 0
    outer loop
      vertex 18.4693 -1.97538 2.5
      vertex 18.3136 -1.98904 1.3
      vertex 18.4693 -1.97538 1.3
    endloop
  endfacet
  facet normal -0.963273 -0.268524 0
    outer loop
      vertex 15.0656 -0.415823 1.3
      vertex 15.0369 -0.312868 2.5
      vertex 15.0369 -0.312868 1.3
    endloop
  endfacet
  facet normal -0.963273 -0.268524 0
    outer loop
      vertex 15.0369 -0.312868 2.5
      vertex 15.0656 -0.415823 1.3
      vertex 15.0656 -0.415823 2.5
    endloop
  endfacet
  facet normal 0.340408 0.940278 -0
    outer loop
      vertex 19.5 1.73205 1.3
      vertex 19.362 1.78201 2.5
      vertex 19.5 1.73205 2.5
    endloop
  endfacet
  facet normal 0.340408 0.940278 0
    outer loop
      vertex 19.362 1.78201 2.5
      vertex 19.5 1.73205 1.3
      vertex 19.362 1.78201 1.3
    endloop
  endfacet
  facet normal 0.378234 0.92571 -0
    outer loop
      vertex 19.6339 1.67734 1.3
      vertex 19.5 1.73205 2.5
      vertex 19.6339 1.67734 2.5
    endloop
  endfacet
  facet normal 0.378234 0.92571 0
    outer loop
      vertex 19.5 1.73205 2.5
      vertex 19.6339 1.67734 1.3
      vertex 19.5 1.73205 1.3
    endloop
  endfacet
  facet normal -0.61532 0.788277 0
    outer loop
      vertex 15.7706 1.33826 1.3
      vertex 15.6686 1.25864 2.5
      vertex 15.7706 1.33826 2.5
    endloop
  endfacet
  facet normal -0.61532 0.788277 0
    outer loop
      vertex 15.6686 1.25864 2.5
      vertex 15.7706 1.33826 1.3
      vertex 15.6686 1.25864 1.3
    endloop
  endfacet
  facet normal 0.655516 -0.755181 0
    outer loop
      vertex 20.3314 -1.25864 1.3
      vertex 20.4271 -1.17557 2.5
      vertex 20.3314 -1.25864 2.5
    endloop
  endfacet
  facet normal 0.655516 -0.755181 0
    outer loop
      vertex 20.4271 -1.17557 2.5
      vertex 20.3314 -1.25864 1.3
      vertex 20.4271 -1.17557 1.3
    endloop
  endfacet
  facet normal -0.193735 -0.981054 0
    outer loop
      vertex 17.0729 -1.90211 1.3
      vertex 17.2235 -1.93185 2.5
      vertex 17.0729 -1.90211 2.5
    endloop
  endfacet
  facet normal -0.193735 -0.981054 -0
    outer loop
      vertex 17.2235 -1.93185 2.5
      vertex 17.0729 -1.90211 1.3
      vertex 17.2235 -1.93185 1.3
    endloop
  endfacet
  facet normal -0.696495 -0.717562 0
    outer loop
      vertex 15.484 -1.08928 1.3
      vertex 15.5729 -1.17557 2.5
      vertex 15.484 -1.08928 2.5
    endloop
  endfacet
  facet normal -0.696495 -0.717562 -0
    outer loop
      vertex 15.5729 -1.17557 2.5
      vertex 15.484 -1.08928 1.3
      vertex 15.5729 -1.17557 1.3
    endloop
  endfacet
  facet normal -0.455426 0.890274 0
    outer loop
      vertex 16.2366 1.61803 1.3
      vertex 16.112 1.55429 2.5
      vertex 16.2366 1.61803 2.5
    endloop
  endfacet
  facet normal -0.455426 0.890274 0
    outer loop
      vertex 16.112 1.55429 2.5
      vertex 16.2366 1.61803 1.3
      vertex 16.112 1.55429 1.3
    endloop
  endfacet
  facet normal -0.416398 0.909182 0
    outer loop
      vertex 16.3661 1.67734 1.3
      vertex 16.2366 1.61803 2.5
      vertex 16.3661 1.67734 2.5
    endloop
  endfacet
  facet normal -0.416398 0.909182 0
    outer loop
      vertex 16.2366 1.61803 2.5
      vertex 16.3661 1.67734 1.3
      vertex 16.2366 1.61803 1.3
    endloop
  endfacet
  facet normal -0.775559 0.631276 0
    outer loop
      vertex 15.327 0.907981 1.3
      vertex 15.4019 1 2.5
      vertex 15.4019 1 1.3
    endloop
  endfacet
  facet normal -0.775559 0.631276 0
    outer loop
      vertex 15.4019 1 2.5
      vertex 15.327 0.907981 1.3
      vertex 15.327 0.907981 2.5
    endloop
  endfacet
  facet normal -0.981054 0.193733 0
    outer loop
      vertex 15.0164 0.209057 1.3
      vertex 15.0369 0.312868 2.5
      vertex 15.0369 0.312868 1.3
    endloop
  endfacet
  facet normal -0.981054 0.193733 0
    outer loop
      vertex 15.0369 0.312868 2.5
      vertex 15.0164 0.209057 1.3
      vertex 15.0164 0.209057 2.5
    endloop
  endfacet
  facet normal -0.158003 0.987439 0
    outer loop
      vertex 17.3763 1.9563 1.3
      vertex 17.2235 1.93185 2.5
      vertex 17.3763 1.9563 2.5
    endloop
  endfacet
  facet normal -0.158003 0.987439 0
    outer loop
      vertex 17.2235 1.93185 2.5
      vertex 17.3763 1.9563 1.3
      vertex 17.2235 1.93185 1.3
    endloop
  endfacet
  facet normal -0.193735 0.981054 0
    outer loop
      vertex 17.2235 1.93185 1.3
      vertex 17.0729 1.90211 2.5
      vertex 17.2235 1.93185 2.5
    endloop
  endfacet
  facet normal -0.193735 0.981054 0
    outer loop
      vertex 17.0729 1.90211 2.5
      vertex 17.2235 1.93185 1.3
      vertex 17.0729 1.90211 1.3
    endloop
  endfacet
  facet normal -0.849418 0.52772 0
    outer loop
      vertex 15.1993 0.716736 1.3
      vertex 15.2594 0.813473 2.5
      vertex 15.2594 0.813473 1.3
    endloop
  endfacet
  facet normal -0.849418 0.52772 0
    outer loop
      vertex 15.2594 0.813473 2.5
      vertex 15.1993 0.716736 1.3
      vertex 15.1993 0.716736 2.5
    endloop
  endfacet
  facet normal -0.941044 0.338285 0
    outer loop
      vertex 15.0656 0.415823 1.3
      vertex 15.1022 0.517637 2.5
      vertex 15.1022 0.517637 1.3
    endloop
  endfacet
  facet normal -0.941044 0.338285 0
    outer loop
      vertex 15.1022 0.517637 2.5
      vertex 15.0656 0.415823 1.3
      vertex 15.0656 0.415823 2.5
    endloop
  endfacet
  facet normal -0.736085 -0.676889 0
    outer loop
      vertex 15.484 -1.08928 1.3
      vertex 15.4019 -1 2.5
      vertex 15.4019 -1 1.3
    endloop
  endfacet
  facet normal -0.736085 -0.676889 0
    outer loop
      vertex 15.4019 -1 2.5
      vertex 15.484 -1.08928 1.3
      vertex 15.484 -1.08928 2.5
    endloop
  endfacet
  facet normal -0.941044 -0.338285 0
    outer loop
      vertex 15.1022 -0.517637 1.3
      vertex 15.0656 -0.415823 2.5
      vertex 15.0656 -0.415823 1.3
    endloop
  endfacet
  facet normal -0.941044 -0.338285 0
    outer loop
      vertex 15.0656 -0.415823 2.5
      vertex 15.1022 -0.517637 1.3
      vertex 15.1022 -0.517637 2.5
    endloop
  endfacet
  facet normal -0.913881 -0.405983 0
    outer loop
      vertex 15.1468 -0.618033 1.3
      vertex 15.1022 -0.517637 2.5
      vertex 15.1022 -0.517637 1.3
    endloop
  endfacet
  facet normal -0.913881 -0.405983 0
    outer loop
      vertex 15.1022 -0.517637 2.5
      vertex 15.1468 -0.618033 1.3
      vertex 15.1468 -0.618033 2.5
    endloop
  endfacet
  facet normal -0.494884 -0.868959 0
    outer loop
      vertex 15.9926 -1.48629 1.3
      vertex 16.112 -1.55429 2.5
      vertex 15.9926 -1.48629 2.5
    endloop
  endfacet
  facet normal -0.494884 -0.868959 -0
    outer loop
      vertex 16.112 -1.55429 2.5
      vertex 15.9926 -1.48629 1.3
      vertex 16.112 -1.55429 1.3
    endloop
  endfacet
  facet normal -0.849418 -0.52772 0
    outer loop
      vertex 15.2594 -0.813473 1.3
      vertex 15.1993 -0.716736 2.5
      vertex 15.1993 -0.716736 1.3
    endloop
  endfacet
  facet normal -0.849418 -0.52772 0
    outer loop
      vertex 15.1993 -0.716736 2.5
      vertex 15.2594 -0.813473 1.3
      vertex 15.2594 -0.813473 2.5
    endloop
  endfacet
  facet normal -0.416398 -0.909182 0
    outer loop
      vertex 16.2366 -1.61803 1.3
      vertex 16.3661 -1.67734 2.5
      vertex 16.2366 -1.61803 2.5
    endloop
  endfacet
  facet normal -0.416398 -0.909182 -0
    outer loop
      vertex 16.3661 -1.67734 2.5
      vertex 16.2366 -1.61803 1.3
      vertex 16.3661 -1.67734 1.3
    endloop
  endfacet
  facet normal -0.378234 -0.92571 0
    outer loop
      vertex 16.3661 -1.67734 1.3
      vertex 16.5 -1.73205 2.5
      vertex 16.3661 -1.67734 2.5
    endloop
  endfacet
  facet normal -0.378234 -0.92571 -0
    outer loop
      vertex 16.5 -1.73205 2.5
      vertex 16.3661 -1.67734 1.3
      vertex 16.5 -1.73205 1.3
    endloop
  endfacet
  facet normal 0 0 1
    outer loop
      vertex 20.9959 0.104671 2.5
      vertex 20.9959 -0.104671 2.5
      vertex 21 0 2.5
    endloop
  endfacet
  facet normal 0 0 1
    outer loop
      vertex 20.9836 0.209057 2.5
      vertex 20.9959 -0.104671 2.5
      vertex 20.9959 0.104671 2.5
    endloop
  endfacet
  facet normal 0 0 1
    outer loop
      vertex 20.9836 0.209057 2.5
      vertex 20.9836 -0.209057 2.5
      vertex 20.9959 -0.104671 2.5
    endloop
  endfacet
  facet normal 0 0 1
    outer loop
      vertex 20.9631 0.312868 2.5
      vertex 20.9836 -0.209057 2.5
      vertex 20.9836 0.209057 2.5
    endloop
  endfacet
  facet normal 0 0 1
    outer loop
      vertex 20.9631 0.312868 2.5
      vertex 20.9631 -0.312868 2.5
      vertex 20.9836 -0.209057 2.5
    endloop
  endfacet
  facet normal 0 0 1
    outer loop
      vertex 20.9344 0.415823 2.5
      vertex 20.9631 -0.312868 2.5
      vertex 20.9631 0.312868 2.5
    endloop
  endfacet
  facet normal 0 0 1
    outer loop
      vertex 20.9344 0.415823 2.5
      vertex 20.9344 -0.415823 2.5
      vertex 20.9631 -0.312868 2.5
    endloop
  endfacet
  facet normal 0 0 1
    outer loop
      vertex 20.8978 0.517637 2.5
      vertex 20.9344 -0.415823 2.5
      vertex 20.9344 0.415823 2.5
    endloop
  endfacet
  facet normal 0 0 1
    outer loop
      vertex 20.8978 0.517637 2.5
      vertex 20.8978 -0.517637 2.5
      vertex 20.9344 -0.415823 2.5
    endloop
  endfacet
  facet normal 0 0 1
    outer loop
      vertex 20.8532 0.618033 2.5
      vertex 20.8978 -0.517637 2.5
      vertex 20.8978 0.517637 2.5
    endloop
  endfacet
  facet normal 0 0 1
    outer loop
      vertex 20.8532 0.618033 2.5
      vertex 20.8532 -0.618033 2.5
      vertex 20.8978 -0.517637 2.5
    endloop
  endfacet
  facet normal 0 0 1
    outer loop
      vertex 20.8007 0.716736 2.5
      vertex 20.8532 -0.618033 2.5
      vertex 20.8532 0.618033 2.5
    endloop
  endfacet
  facet normal 0 0 1
    outer loop
      vertex 20.8007 0.716736 2.5
      vertex 20.8007 -0.716736 2.5
      vertex 20.8532 -0.618033 2.5
    endloop
  endfacet
  facet normal 0 0 1
    outer loop
      vertex 20.7406 0.813473 2.5
      vertex 20.8007 -0.716736 2.5
      vertex 20.8007 0.716736 2.5
    endloop
  endfacet
  facet normal 0 0 1
    outer loop
      vertex 20.7406 0.813473 2.5
      vertex 20.7406 -0.813473 2.5
      vertex 20.8007 -0.716736 2.5
    endloop
  endfacet
  facet normal 0 0 1
    outer loop
      vertex 20.673 0.907981 2.5
      vertex 20.7406 -0.813473 2.5
      vertex 20.7406 0.813473 2.5
    endloop
  endfacet
  facet normal 0 0 1
    outer loop
      vertex 20.673 0.907981 2.5
      vertex 20.673 -0.907981 2.5
      vertex 20.7406 -0.813473 2.5
    endloop
  endfacet
  facet normal 0 0 1
    outer loop
      vertex 20.5981 1 2.5
      vertex 20.673 -0.907981 2.5
      vertex 20.673 0.907981 2.5
    endloop
  endfacet
  facet normal 0 0 1
    outer loop
      vertex 20.5981 1 2.5
      vertex 20.5981 -1 2.5
      vertex 20.673 -0.907981 2.5
    endloop
  endfacet
  facet normal 0 0 1
    outer loop
      vertex 20.516 1.08928 2.5
      vertex 20.5981 -1 2.5
      vertex 20.5981 1 2.5
    endloop
  endfacet
  facet normal 0 0 1
    outer loop
      vertex 20.516 1.08928 2.5
      vertex 20.516 -1.08928 2.5
      vertex 20.5981 -1 2.5
    endloop
  endfacet
  facet normal 0 0 1
    outer loop
      vertex 20.4271 1.17557 2.5
      vertex 20.516 -1.08928 2.5
      vertex 20.516 1.08928 2.5
    endloop
  endfacet
  facet normal 0 0 1
    outer loop
      vertex 20.4271 1.17557 2.5
      vertex 20.4271 -1.17557 2.5
      vertex 20.516 -1.08928 2.5
    endloop
  endfacet
  facet normal 0 0 1
    outer loop
      vertex 20.3314 1.25864 2.5
      vertex 20.4271 -1.17557 2.5
      vertex 20.4271 1.17557 2.5
    endloop
  endfacet
  facet normal 0 0 1
    outer loop
      vertex 20.3314 1.25864 2.5
      vertex 20.3314 -1.25864 2.5
      vertex 20.4271 -1.17557 2.5
    endloop
  endfacet
  facet normal 0 0 1
    outer loop
      vertex 20.2294 1.33826 2.5
      vertex 20.3314 -1.25864 2.5
      vertex 20.3314 1.25864 2.5
    endloop
  endfacet
  facet normal 0 0 1
    outer loop
      vertex 20.2294 1.33826 2.5
      vertex 20.2294 -1.33826 2.5
      vertex 20.3314 -1.25864 2.5
    endloop
  endfacet
  facet normal 0 0 1
    outer loop
      vertex 20.1213 1.41421 2.5
      vertex 20.2294 -1.33826 2.5
      vertex 20.2294 1.33826 2.5
    endloop
  endfacet
  facet normal 0 0 1
    outer loop
      vertex 20.1213 1.41421 2.5
      vertex 20.1213 -1.41421 2.5
      vertex 20.2294 -1.33826 2.5
    endloop
  endfacet
  facet normal 0 0 1
    outer loop
      vertex 20.0074 1.48629 2.5
      vertex 20.1213 -1.41421 2.5
      vertex 20.1213 1.41421 2.5
    endloop
  endfacet
  facet normal 0 0 1
    outer loop
      vertex 20.0074 1.48629 2.5
      vertex 20.0074 -1.48629 2.5
      vertex 20.1213 -1.41421 2.5
    endloop
  endfacet
  facet normal 0 0 1
    outer loop
      vertex 19.888 1.55429 2.5
      vertex 20.0074 -1.48629 2.5
      vertex 20.0074 1.48629 2.5
    endloop
  endfacet
  facet normal 0 0 1
    outer loop
      vertex 19.888 1.55429 2.5
      vertex 19.888 -1.55429 2.5
      vertex 20.0074 -1.48629 2.5
    endloop
  endfacet
  facet normal 0 0 1
    outer loop
      vertex 19.7634 1.61803 2.5
      vertex 19.888 -1.55429 2.5
      vertex 19.888 1.55429 2.5
    endloop
  endfacet
  facet normal 0 0 1
    outer loop
      vertex 19.7634 1.61803 2.5
      vertex 19.7634 -1.61803 2.5
      vertex 19.888 -1.55429 2.5
    endloop
  endfacet
  facet normal 0 0 1
    outer loop
      vertex 19.6339 1.67734 2.5
      vertex 19.7634 -1.61803 2.5
      vertex 19.7634 1.61803 2.5
    endloop
  endfacet
  facet normal 0 0 1
    outer loop
      vertex 19.6339 1.67734 2.5
      vertex 19.6339 -1.67734 2.5
      vertex 19.7634 -1.61803 2.5
    endloop
  endfacet
  facet normal 0 0 1
    outer loop
      vertex 19.5 1.73205 2.5
      vertex 19.6339 -1.67734 2.5
      vertex 19.6339 1.67734 2.5
    endloop
  endfacet
  facet normal 0 0 1
    outer loop
      vertex 19.5 1.73205 2.5
      vertex 19.5 -1.73205 2.5
      vertex 19.6339 -1.67734 2.5
    endloop
  endfacet
  facet normal 0 0 1
    outer loop
      vertex 19.362 1.78201 2.5
      vertex 19.5 -1.73205 2.5
      vertex 19.5 1.73205 2.5
    endloop
  endfacet
  facet normal 0 0 1
    outer loop
      vertex 19.362 1.78201 2.5
      vertex 19.362 -1.78201 2.5
      vertex 19.5 -1.73205 2.5
    endloop
  endfacet
  facet normal 0 0 1
    outer loop
      vertex 19.2202 1.82709 2.5
      vertex 19.362 -1.78201 2.5
      vertex 19.362 1.78201 2.5
    endloop
  endfacet
  facet normal 0 0 1
    outer loop
      vertex 19.2202 1.82709 2.5
      vertex 19.2202 -1.82709 2.5
      vertex 19.362 -1.78201 2.5
    endloop
  endfacet
  facet normal 0 0 1
    outer loop
      vertex 19.0751 1.86716 2.5
      vertex 19.2202 -1.82709 2.5
      vertex 19.2202 1.82709 2.5
    endloop
  endfacet
  facet normal 0 0 1
    outer loop
      vertex 19.0751 1.86716 2.5
      vertex 19.0751 -1.86716 2.5
      vertex 19.2202 -1.82709 2.5
    endloop
  endfacet
  facet normal 0 0 1
    outer loop
      vertex 18.9271 1.90211 2.5
      vertex 19.0751 -1.86716 2.5
      vertex 19.0751 1.86716 2.5
    endloop
  endfacet
  facet normal 0 0 1
    outer loop
      vertex 18.9271 1.90211 2.5
      vertex 18.9271 -1.90211 2.5
      vertex 19.0751 -1.86716 2.5
    endloop
  endfacet
  facet normal 0 0 1
    outer loop
      vertex 18.7765 1.93185 2.5
      vertex 18.9271 -1.90211 2.5
      vertex 18.9271 1.90211 2.5
    endloop
  endfacet
  facet normal 0 0 1
    outer loop
      vertex 18.7765 1.93185 2.5
      vertex 18.7765 -1.93185 2.5
      vertex 18.9271 -1.90211 2.5
    endloop
  endfacet
  facet normal 0 0 1
    outer loop
      vertex 18.6237 1.9563 2.5
      vertex 18.7765 -1.93185 2.5
      vertex 18.7765 1.93185 2.5
    endloop
  endfacet
  facet normal 0 0 1
    outer loop
      vertex 18.6237 1.9563 2.5
      vertex 18.6237 -1.9563 2.5
      vertex 18.7765 -1.93185 2.5
    endloop
  endfacet
  facet normal 0 0 1
    outer loop
      vertex 18.4693 1.97538 2.5
      vertex 18.6237 -1.9563 2.5
      vertex 18.6237 1.9563 2.5
    endloop
  endfacet
  facet normal 0 0 1
    outer loop
      vertex 18.4693 1.97538 2.5
      vertex 18.4693 -1.97538 2.5
      vertex 18.6237 -1.9563 2.5
    endloop
  endfacet
  facet normal 0 0 1
    outer loop
      vertex 18.3136 1.98904 2.5
      vertex 18.4693 -1.97538 2.5
      vertex 18.4693 1.97538 2.5
    endloop
  endfacet
  facet normal 0 0 1
    outer loop
      vertex 18.3136 1.98904 2.5
      vertex 18.3136 -1.98904 2.5
      vertex 18.4693 -1.97538 2.5
    endloop
  endfacet
  facet normal 0 0 1
    outer loop
      vertex 18.157 1.99726 2.5
      vertex 18.3136 -1.98904 2.5
      vertex 18.3136 1.98904 2.5
    endloop
  endfacet
  facet normal 0 0 1
    outer loop
      vertex 18.157 1.99726 2.5
      vertex 18.157 -1.99726 2.5
      vertex 18.3136 -1.98904 2.5
    endloop
  endfacet
  facet normal 0 0 1
    outer loop
      vertex 18 2 2.5
      vertex 18.157 -1.99726 2.5
      vertex 18.157 1.99726 2.5
    endloop
  endfacet
  facet normal 0 0 1
    outer loop
      vertex 18 2 2.5
      vertex 18 -2 2.5
      vertex 18.157 -1.99726 2.5
    endloop
  endfacet
  facet normal -0 0 1
    outer loop
      vertex 17.843 1.99726 2.5
      vertex 18 -2 2.5
      vertex 18 2 2.5
    endloop
  endfacet
  facet normal 0 0 1
    outer loop
      vertex 17.843 1.99726 2.5
      vertex 17.843 -1.99726 2.5
      vertex 18 -2 2.5
    endloop
  endfacet
  facet normal -0 0 1
    outer loop
      vertex 17.6864 1.98904 2.5
      vertex 17.843 -1.99726 2.5
      vertex 17.843 1.99726 2.5
    endloop
  endfacet
  facet normal 0 0 1
    outer loop
      vertex 17.6864 1.98904 2.5
      vertex 17.6864 -1.98904 2.5
      vertex 17.843 -1.99726 2.5
    endloop
  endfacet
  facet normal -0 0 1
    outer loop
      vertex 17.5307 1.97538 2.5
      vertex 17.6864 -1.98904 2.5
      vertex 17.6864 1.98904 2.5
    endloop
  endfacet
  facet normal 0 0 1
    outer loop
      vertex 17.5307 1.97538 2.5
      vertex 17.5307 -1.97538 2.5
      vertex 17.6864 -1.98904 2.5
    endloop
  endfacet
  facet normal -0 0 1
    outer loop
      vertex 17.3763 1.9563 2.5
      vertex 17.5307 -1.97538 2.5
      vertex 17.5307 1.97538 2.5
    endloop
  endfacet
  facet normal 0 0 1
    outer loop
      vertex 17.3763 1.9563 2.5
      vertex 17.3763 -1.9563 2.5
      vertex 17.5307 -1.97538 2.5
    endloop
  endfacet
  facet normal -0 0 1
    outer loop
      vertex 17.2235 1.93185 2.5
      vertex 17.3763 -1.9563 2.5
      vertex 17.3763 1.9563 2.5
    endloop
  endfacet
  facet normal 0 0 1
    outer loop
      vertex 17.2235 1.93185 2.5
      vertex 17.2235 -1.93185 2.5
      vertex 17.3763 -1.9563 2.5
    endloop
  endfacet
  facet normal -0 0 1
    outer loop
      vertex 17.0729 1.90211 2.5
      vertex 17.2235 -1.93185 2.5
      vertex 17.2235 1.93185 2.5
    endloop
  endfacet
  facet normal 0 0 1
    outer loop
      vertex 17.0729 1.90211 2.5
      vertex 17.0729 -1.90211 2.5
      vertex 17.2235 -1.93185 2.5
    endloop
  endfacet
  facet normal -0 0 1
    outer loop
      vertex 16.9249 1.86716 2.5
      vertex 17.0729 -1.90211 2.5
      vertex 17.0729 1.90211 2.5
    endloop
  endfacet
  facet normal 0 0 1
    outer loop
      vertex 16.9249 1.86716 2.5
      vertex 16.9249 -1.86716 2.5
      vertex 17.0729 -1.90211 2.5
    endloop
  endfacet
  facet normal -0 0 1
    outer loop
      vertex 16.7798 1.82709 2.5
      vertex 16.9249 -1.86716 2.5
      vertex 16.9249 1.86716 2.5
    endloop
  endfacet
  facet normal 0 0 1
    outer loop
      vertex 16.7798 1.82709 2.5
      vertex 16.7798 -1.82709 2.5
      vertex 16.9249 -1.86716 2.5
    endloop
  endfacet
  facet normal -0 0 1
    outer loop
      vertex 16.638 1.78201 2.5
      vertex 16.7798 -1.82709 2.5
      vertex 16.7798 1.82709 2.5
    endloop
  endfacet
  facet normal 0 0 1
    outer loop
      vertex 16.638 1.78201 2.5
      vertex 16.638 -1.78201 2.5
      vertex 16.7798 -1.82709 2.5
    endloop
  endfacet
  facet normal -0 0 1
    outer loop
      vertex 16.5 1.73205 2.5
      vertex 16.638 -1.78201 2.5
      vertex 16.638 1.78201 2.5
    endloop
  endfacet
  facet normal 0 0 1
    outer loop
      vertex 16.5 1.73205 2.5
      vertex 16.5 -1.73205 2.5
      vertex 16.638 -1.78201 2.5
    endloop
  endfacet
  facet normal -0 0 1
    outer loop
      vertex 16.3661 1.67734 2.5
      vertex 16.5 -1.73205 2.5
      vertex 16.5 1.73205 2.5
    endloop
  endfacet
  facet normal 0 0 1
    outer loop
      vertex 16.3661 1.67734 2.5
      vertex 16.3661 -1.67734 2.5
      vertex 16.5 -1.73205 2.5
    endloop
  endfacet
  facet normal -0 0 1
    outer loop
      vertex 16.2366 1.61803 2.5
      vertex 16.3661 -1.67734 2.5
      vertex 16.3661 1.67734 2.5
    endloop
  endfacet
  facet normal 0 0 1
    outer loop
      vertex 16.2366 1.61803 2.5
      vertex 16.2366 -1.61803 2.5
      vertex 16.3661 -1.67734 2.5
    endloop
  endfacet
  facet normal -0 0 1
    outer loop
      vertex 16.112 1.55429 2.5
      vertex 16.2366 -1.61803 2.5
      vertex 16.2366 1.61803 2.5
    endloop
  endfacet
  facet normal 0 0 1
    outer loop
      vertex 16.112 1.55429 2.5
      vertex 16.112 -1.55429 2.5
      vertex 16.2366 -1.61803 2.5
    endloop
  endfacet
  facet normal -0 0 1
    outer loop
      vertex 15.9926 1.48629 2.5
      vertex 16.112 -1.55429 2.5
      vertex 16.112 1.55429 2.5
    endloop
  endfacet
  facet normal 0 0 1
    outer loop
      vertex 15.9926 1.48629 2.5
      vertex 15.9926 -1.48629 2.5
      vertex 16.112 -1.55429 2.5
    endloop
  endfacet
  facet normal -0 0 1
    outer loop
      vertex 15.8787 1.41421 2.5
      vertex 15.9926 -1.48629 2.5
      vertex 15.9926 1.48629 2.5
    endloop
  endfacet
  facet normal 0 0 1
    outer loop
      vertex 15.8787 1.41421 2.5
      vertex 15.8787 -1.41421 2.5
      vertex 15.9926 -1.48629 2.5
    endloop
  endfacet
  facet normal -0 0 1
    outer loop
      vertex 15.7706 1.33826 2.5
      vertex 15.8787 -1.41421 2.5
      vertex 15.8787 1.41421 2.5
    endloop
  endfacet
  facet normal 0 0 1
    outer loop
      vertex 15.7706 1.33826 2.5
      vertex 15.7706 -1.33826 2.5
      vertex 15.8787 -1.41421 2.5
    endloop
  endfacet
  facet normal -0 0 1
    outer loop
      vertex 15.6686 1.25864 2.5
      vertex 15.7706 -1.33826 2.5
      vertex 15.7706 1.33826 2.5
    endloop
  endfacet
  facet normal 0 0 1
    outer loop
      vertex 15.6686 1.25864 2.5
      vertex 15.6686 -1.25864 2.5
      vertex 15.7706 -1.33826 2.5
    endloop
  endfacet
  facet normal -0 0 1
    outer loop
      vertex 15.5729 1.17557 2.5
      vertex 15.6686 -1.25864 2.5
      vertex 15.6686 1.25864 2.5
    endloop
  endfacet
  facet normal 0 0 1
    outer loop
      vertex 15.5729 1.17557 2.5
      vertex 15.5729 -1.17557 2.5
      vertex 15.6686 -1.25864 2.5
    endloop
  endfacet
  facet normal -0 0 1
    outer loop
      vertex 15.484 1.08928 2.5
      vertex 15.5729 -1.17557 2.5
      vertex 15.5729 1.17557 2.5
    endloop
  endfacet
  facet normal 0 0 1
    outer loop
      vertex 15.484 1.08928 2.5
      vertex 15.484 -1.08928 2.5
      vertex 15.5729 -1.17557 2.5
    endloop
  endfacet
  facet normal -0 0 1
    outer loop
      vertex 15.4019 1 2.5
      vertex 15.484 -1.08928 2.5
      vertex 15.484 1.08928 2.5
    endloop
  endfacet
  facet normal 0 0 1
    outer loop
      vertex 15.4019 1 2.5
      vertex 15.4019 -1 2.5
      vertex 15.484 -1.08928 2.5
    endloop
  endfacet
  facet normal -0 0 1
    outer loop
      vertex 15.327 0.907981 2.5
      vertex 15.4019 -1 2.5
      vertex 15.4019 1 2.5
    endloop
  endfacet
  facet normal 0 0 1
    outer loop
      vertex 15.327 0.907981 2.5
      vertex 15.327 -0.907981 2.5
      vertex 15.4019 -1 2.5
    endloop
  endfacet
  facet normal -0 0 1
    outer loop
      vertex 15.2594 0.813473 2.5
      vertex 15.327 -0.907981 2.5
      vertex 15.327 0.907981 2.5
    endloop
  endfacet
  facet normal 0 0 1
    outer loop
      vertex 15.2594 0.813473 2.5
      vertex 15.2594 -0.813473 2.5
      vertex 15.327 -0.907981 2.5
    endloop
  endfacet
  facet normal -0 0 1
    outer loop
      vertex 15.1993 0.716736 2.5
      vertex 15.2594 -0.813473 2.5
      vertex 15.2594 0.813473 2.5
    endloop
  endfacet
  facet normal 0 0 1
    outer loop
      vertex 15.1993 0.716736 2.5
      vertex 15.1993 -0.716736 2.5
      vertex 15.2594 -0.813473 2.5
    endloop
  endfacet
  facet normal -0 0 1
    outer loop
      vertex 15.1468 0.618033 2.5
      vertex 15.1993 -0.716736 2.5
      vertex 15.1993 0.716736 2.5
    endloop
  endfacet
  facet normal 0 0 1
    outer loop
      vertex 15.1468 0.618033 2.5
      vertex 15.1468 -0.618033 2.5
      vertex 15.1993 -0.716736 2.5
    endloop
  endfacet
  facet normal -0 0 1
    outer loop
      vertex 15.1022 0.517637 2.5
      vertex 15.1468 -0.618033 2.5
      vertex 15.1468 0.618033 2.5
    endloop
  endfacet
  facet normal 0 0 1
    outer loop
      vertex 15.1022 0.517637 2.5
      vertex 15.1022 -0.517637 2.5
      vertex 15.1468 -0.618033 2.5
    endloop
  endfacet
  facet normal -0 0 1
    outer loop
      vertex 15.0656 0.415823 2.5
      vertex 15.1022 -0.517637 2.5
      vertex 15.1022 0.517637 2.5
    endloop
  endfacet
  facet normal 0 0 1
    outer loop
      vertex 15.0656 0.415823 2.5
      vertex 15.0656 -0.415823 2.5
      vertex 15.1022 -0.517637 2.5
    endloop
  endfacet
  facet normal -0 0 1
    outer loop
      vertex 15.0369 0.312868 2.5
      vertex 15.0656 -0.415823 2.5
      vertex 15.0656 0.415823 2.5
    endloop
  endfacet
  facet normal 0 0 1
    outer loop
      vertex 15.0369 0.312868 2.5
      vertex 15.0369 -0.312868 2.5
      vertex 15.0656 -0.415823 2.5
    endloop
  endfacet
  facet normal -0 0 1
    outer loop
      vertex 15.0164 0.209057 2.5
      vertex 15.0369 -0.312868 2.5
      vertex 15.0369 0.312868 2.5
    endloop
  endfacet
  facet normal 0 0 1
    outer loop
      vertex 15.0164 0.209057 2.5
      vertex 15.0164 -0.209057 2.5
      vertex 15.0369 -0.312868 2.5
    endloop
  endfacet
  facet normal -0 0 1
    outer loop
      vertex 15.0041 0.104671 2.5
      vertex 15.0164 -0.209057 2.5
      vertex 15.0164 0.209057 2.5
    endloop
  endfacet
  facet normal 0 0 1
    outer loop
      vertex 15.0041 0.104671 2.5
      vertex 15.0041 -0.104671 2.5
      vertex 15.0164 -0.209057 2.5
    endloop
  endfacet
  facet normal 0 -0 1
    outer loop
      vertex 15.0041 -0.104671 2.5
      vertex 15.0041 0.104671 2.5
      vertex 15 0 2.5
    endloop
  endfacet
  facet normal -0.81335 -0.581775 0
    outer loop
      vertex 15.327 -0.907981 1.3
      vertex 15.2594 -0.813473 2.5
      vertex 15.2594 -0.813473 1.3
    endloop
  endfacet
  facet normal -0.81335 -0.581775 0
    outer loop
      vertex 15.2594 -0.813473 2.5
      vertex 15.327 -0.907981 1.3
      vertex 15.327 -0.907981 2.5
    endloop
  endfacet
  facet normal -0.0174537 0.999848 0
    outer loop
      vertex -18 6.56 0
      vertex -18.515 6.55101 2.5
      vertex -18 6.56 2.5
    endloop
  endfacet
  facet normal -0.0174537 0.999848 0
    outer loop
      vertex -18.515 6.55101 2.5
      vertex -18 6.56 0
      vertex -18.515 6.55101 0
    endloop
  endfacet
  facet normal 0.993103 0.117241 0
    outer loop
      vertex -8.17349 0.343324 2.5
      vertex -8.21391 0.685706 0
      vertex -8.21391 0.685706 2.5
    endloop
  endfacet
  facet normal 0.993103 0.117241 0
    outer loop
      vertex -8.21391 0.685706 0
      vertex -8.17349 0.343324 2.5
      vertex -8.17349 0.343324 0
    endloop
  endfacet
  facet normal 0.999229 0.039262 0
    outer loop
      vertex -8.16 0 2.5
      vertex -8.17349 0.343324 0
      vertex -8.17349 0.343324 2.5
    endloop
  endfacet
  facet normal 0.999229 0.039262 0
    outer loop
      vertex -8.17349 0.343324 0
      vertex -8.16 0 2.5
      vertex -8.16 0 0
    endloop
  endfacet
  facet normal 0.981055 0.193731 0
    outer loop
      vertex -8.21391 0.685706 2.5
      vertex -8.28115 1.02621 0
      vertex -8.28115 1.02621 2.5
    endloop
  endfacet
  facet normal 0.981055 0.193731 0
    outer loop
      vertex -8.28115 1.02621 0
      vertex -8.21391 0.685706 2.5
      vertex -8.21391 0.685706 0
    endloop
  endfacet
  facet normal -0.963446 -0.267901 0
    outer loop
      vertex -27.625 -1.3639 0
      vertex -27.7189 -1.02621 2.5
      vertex -27.7189 -1.02621 0
    endloop
  endfacet
  facet normal -0.963446 -0.267901 0
    outer loop
      vertex -27.7189 -1.02621 2.5
      vertex -27.625 -1.3639 0
      vertex -27.625 -1.3639 2.5
    endloop
  endfacet
  facet normal 0.45542 0.890277 -0
    outer loop
      vertex -11.8075 5.09808 0
      vertex -12.2162 5.30715 2.5
      vertex -11.8075 5.09808 2.5
    endloop
  endfacet
  facet normal 0.45542 0.890277 0
    outer loop
      vertex -12.2162 5.30715 2.5
      vertex -11.8075 5.09808 0
      vertex -12.2162 5.30715 0
    endloop
  endfacet
  facet normal -0.0524007 -0.998626 0
    outer loop
      vertex -19.0286 -6.52406 0
      vertex -18.515 -6.55101 2.5
      vertex -19.0286 -6.52406 2.5
    endloop
  endfacet
  facet normal -0.0524007 -0.998626 -0
    outer loop
      vertex -18.515 -6.55101 2.5
      vertex -19.0286 -6.52406 0
      vertex -18.515 -6.55101 0
    endloop
  endfacet
  facet normal 0.913858 0.406033 0
    outer loop
      vertex -8.49529 1.69785 2.5
      vertex -8.6416 2.02715 0
      vertex -8.6416 2.02715 2.5
    endloop
  endfacet
  facet normal 0.913858 0.406033 0
    outer loop
      vertex -8.6416 2.02715 0
      vertex -8.49529 1.69785 2.5
      vertex -8.49529 1.69785 0
    endloop
  endfacet
  facet normal 0.883135 -0.469119 0
    outer loop
      vertex -8.81357 -2.35089 2.5
      vertex -8.6416 -2.02715 0
      vertex -8.6416 -2.02715 2.5
    endloop
  endfacet
  facet normal 0.883135 -0.469119 0
    outer loop
      vertex -8.6416 -2.02715 0
      vertex -8.81357 -2.35089 2.5
      vertex -8.81357 -2.35089 0
    endloop
  endfacet
  facet normal -0.266154 0.96393 0
    outer loop
      vertex -21.5263 6.12429 0
      vertex -22.0023 5.99286 2.5
      vertex -21.5263 6.12429 2.5
    endloop
  endfacet
  facet normal -0.266154 0.96393 0
    outer loop
      vertex -22.0023 5.99286 2.5
      vertex -21.5263 6.12429 0
      vertex -22.0023 5.99286 0
    endloop
  endfacet
  facet normal -0.615284 -0.788306 0
    outer loop
      vertex -25.6471 -4.12834 0
      vertex -25.3125 -4.3895 2.5
      vertex -25.6471 -4.12834 2.5
    endloop
  endfacet
  facet normal -0.615284 -0.788306 -0
    outer loop
      vertex -25.3125 -4.3895 2.5
      vertex -25.6471 -4.12834 0
      vertex -25.3125 -4.3895 0
    endloop
  endfacet
  facet normal 0.813276 0.581878 0
    outer loop
      vertex -9.01071 2.66819 2.5
      vertex -9.2325 2.97818 0
      vertex -9.2325 2.97818 2.5
    endloop
  endfacet
  facet normal 0.813276 0.581878 0
    outer loop
      vertex -9.2325 2.97818 0
      vertex -9.01071 2.66819 2.5
      vertex -9.01071 2.66819 0
    endloop
  endfacet
  facet normal -0.99311 -0.117184 0
    outer loop
      vertex -27.7861 -0.685706 0
      vertex -27.8265 -0.343324 2.5
      vertex -27.8265 -0.343324 0
    endloop
  endfacet
  facet normal -0.99311 -0.117184 0
    outer loop
      vertex -27.8265 -0.343324 2.5
      vertex -27.7861 -0.685706 0
      vertex -27.7861 -0.685706 2.5
    endloop
  endfacet
  facet normal 0.999229 -0.039262 0
    outer loop
      vertex -8.17349 -0.343324 2.5
      vertex -8.16 0 0
      vertex -8.16 0 2.5
    endloop
  endfacet
  facet normal 0.999229 -0.039262 0
    outer loop
      vertex -8.16 0 0
      vertex -8.17349 -0.343324 2.5
      vertex -8.17349 -0.343324 0
    endloop
  endfacet
  facet normal 0.122598 0.992456 -0
    outer loop
      vertex -15.9541 6.41665 0
      vertex -16.4607 6.47923 2.5
      vertex -15.9541 6.41665 2.5
    endloop
  endfacet
  facet normal 0.122598 0.992456 0
    outer loop
      vertex -16.4607 6.47923 2.5
      vertex -15.9541 6.41665 0
      vertex -16.4607 6.47923 0
    endloop
  endfacet
  facet normal 0.940853 -0.338814 0
    outer loop
      vertex -8.49529 -1.69785 2.5
      vertex -8.37503 -1.3639 0
      vertex -8.37503 -1.3639 2.5
    endloop
  endfacet
  facet normal 0.940853 -0.338814 0
    outer loop
      vertex -8.37503 -1.3639 0
      vertex -8.49529 -1.69785 2.5
      vertex -8.49529 -1.69785 0
    endloop
  endfacet
  facet normal -0.655869 -0.754874 0
    outer loop
      vertex -25.9607 -3.85587 0
      vertex -25.6471 -4.12834 2.5
      vertex -25.9607 -3.85587 2.5
    endloop
  endfacet
  facet normal -0.655869 -0.754874 -0
    outer loop
      vertex -25.6471 -4.12834 2.5
      vertex -25.9607 -3.85587 0
      vertex -25.6471 -4.12834 0
    endloop
  endfacet
  facet normal 0.574855 -0.818255 0
    outer loop
      vertex -11.0421 -4.63862 0
      vertex -10.6875 -4.3895 2.5
      vertex -11.0421 -4.63862 2.5
    endloop
  endfacet
  facet normal 0.574855 -0.818255 0
    outer loop
      vertex -10.6875 -4.3895 2.5
      vertex -11.0421 -4.63862 0
      vertex -10.6875 -4.3895 0
    endloop
  endfacet
  facet normal 0.0174537 -0.999848 0
    outer loop
      vertex -18 -6.56 0
      vertex -17.485 -6.55101 2.5
      vertex -18 -6.56 2.5
    endloop
  endfacet
  facet normal 0.0174537 -0.999848 0
    outer loop
      vertex -17.485 -6.55101 2.5
      vertex -18 -6.56 0
      vertex -17.485 -6.55101 0
    endloop
  endfacet
  facet normal -0.981077 0.19362 0
    outer loop
      vertex -27.7861 0.685706 0
      vertex -27.7189 1.02621 2.5
      vertex -27.7189 1.02621 0
    endloop
  endfacet
  facet normal -0.981077 0.19362 0
    outer loop
      vertex -27.7189 1.02621 2.5
      vertex -27.7861 0.685706 0
      vertex -27.7861 0.685706 2.5
    endloop
  endfacet
  facet normal 0.775383 -0.631492 0
    outer loop
      vertex -9.47831 -3.28 2.5
      vertex -9.2325 -2.97818 0
      vertex -9.2325 -2.97818 2.5
    endloop
  endfacet
  facet normal 0.775383 -0.631492 0
    outer loop
      vertex -9.2325 -2.97818 0
      vertex -9.47831 -3.28 2.5
      vertex -9.47831 -3.28 0
    endloop
  endfacet
  facet normal 0.736224 0.676738 0
    outer loop
      vertex -9.47831 3.28 2.5
      vertex -9.74748 3.57283 0
      vertex -9.74748 3.57283 2.5
    endloop
  endfacet
  facet normal 0.736224 0.676738 0
    outer loop
      vertex -9.74748 3.57283 0
      vertex -9.47831 3.28 2.5
      vertex -9.47831 3.28 0
    endloop
  endfacet
  facet normal 0.736224 -0.676738 0
    outer loop
      vertex -9.74748 -3.57283 2.5
      vertex -9.47831 -3.28 0
      vertex -9.47831 -3.28 2.5
    endloop
  endfacet
  facet normal 0.736224 -0.676738 0
    outer loop
      vertex -9.47831 -3.28 0
      vertex -9.74748 -3.57283 2.5
      vertex -9.74748 -3.57283 0
    endloop
  endfacet
  facet normal 0.963461 0.267848 0
    outer loop
      vertex -8.28115 1.02621 2.5
      vertex -8.37503 1.3639 0
      vertex -8.37503 1.3639 2.5
    endloop
  endfacet
  facet normal 0.963461 0.267848 0
    outer loop
      vertex -8.37503 1.3639 0
      vertex -8.28115 1.02621 2.5
      vertex -8.28115 1.02621 0
    endloop
  endfacet
  facet normal 0.849406 0.52774 0
    outer loop
      vertex -8.81357 2.35089 2.5
      vertex -9.01071 2.66819 0
      vertex -9.01071 2.66819 2.5
    endloop
  endfacet
  facet normal 0.849406 0.52774 0
    outer loop
      vertex -9.01071 2.66819 0
      vertex -8.81357 2.35089 2.5
      vertex -8.81357 2.35089 0
    endloop
  endfacet
  facet normal 0.266154 0.96393 -0
    outer loop
      vertex -13.9977 5.99286 0
      vertex -14.4737 6.12429 2.5
      vertex -13.9977 5.99286 2.5
    endloop
  endfacet
  facet normal 0.266154 0.96393 0
    outer loop
      vertex -14.4737 6.12429 2.5
      vertex -13.9977 5.99286 0
      vertex -14.4737 6.12429 0
    endloop
  endfacet
  facet normal 0.193747 0.981051 -0
    outer loop
      vertex -14.9593 6.23893 0
      vertex -15.4532 6.33647 2.5
      vertex -14.9593 6.23893 2.5
    endloop
  endfacet
  facet normal 0.193747 0.981051 0
    outer loop
      vertex -15.4532 6.33647 2.5
      vertex -14.9593 6.23893 0
      vertex -15.4532 6.33647 0
    endloop
  endfacet
  facet normal -0.534622 0.845092 0
    outer loop
      vertex -24.5842 4.87503 0
      vertex -24.9579 4.63862 2.5
      vertex -24.5842 4.87503 2.5
    endloop
  endfacet
  facet normal -0.534622 0.845092 0
    outer loop
      vertex -24.9579 4.63862 2.5
      vertex -24.5842 4.87503 0
      vertex -24.9579 4.63862 0
    endloop
  endfacet
  facet normal -0.378231 -0.925711 0
    outer loop
      vertex -23.3592 -5.50168 0
      vertex -22.92 -5.68113 2.5
      vertex -23.3592 -5.50168 2.5
    endloop
  endfacet
  facet normal -0.378231 -0.925711 -0
    outer loop
      vertex -22.92 -5.68113 2.5
      vertex -23.3592 -5.50168 0
      vertex -22.92 -5.68113 0
    endloop
  endfacet
  facet normal -0.416516 0.909128 0
    outer loop
      vertex -23.3592 5.50168 0
      vertex -23.7838 5.30715 2.5
      vertex -23.3592 5.50168 2.5
    endloop
  endfacet
  facet normal -0.416516 0.909128 0
    outer loop
      vertex -23.7838 5.30715 2.5
      vertex -23.3592 5.50168 0
      vertex -23.7838 5.30715 0
    endloop
  endfacet
  facet normal -0.122598 -0.992456 0
    outer loop
      vertex -20.0459 -6.41665 0
      vertex -19.5393 -6.47923 2.5
      vertex -20.0459 -6.41665 2.5
    endloop
  endfacet
  facet normal -0.122598 -0.992456 -0
    outer loop
      vertex -19.5393 -6.47923 2.5
      vertex -20.0459 -6.41665 0
      vertex -19.5393 -6.47923 0
    endloop
  endfacet
  facet normal 0.534622 0.845092 -0
    outer loop
      vertex -11.0421 4.63862 0
      vertex -11.4158 4.87503 2.5
      vertex -11.0421 4.63862 2.5
    endloop
  endfacet
  facet normal 0.534622 0.845092 0
    outer loop
      vertex -11.4158 4.87503 2.5
      vertex -11.0421 4.63862 0
      vertex -11.4158 4.87503 0
    endloop
  endfacet
  facet normal 0.494836 0.868986 -0
    outer loop
      vertex -11.4158 4.87503 0
      vertex -11.8075 5.09808 2.5
      vertex -11.4158 4.87503 2.5
    endloop
  endfacet
  facet normal 0.494836 0.868986 0
    outer loop
      vertex -11.8075 5.09808 2.5
      vertex -11.4158 4.87503 0
      vertex -11.8075 5.09808 0
    endloop
  endfacet
  facet normal 0.229763 -0.973247 0
    outer loop
      vertex -14.9593 -6.23893 0
      vertex -14.4737 -6.12429 2.5
      vertex -14.9593 -6.23893 2.5
    endloop
  endfacet
  facet normal 0.229763 -0.973247 0
    outer loop
      vertex -14.4737 -6.12429 2.5
      vertex -14.9593 -6.23893 0
      vertex -14.4737 -6.12429 0
    endloop
  endfacet
  facet normal 0.266154 -0.96393 0
    outer loop
      vertex -14.4737 -6.12429 0
      vertex -13.9977 -5.99286 2.5
      vertex -14.4737 -6.12429 2.5
    endloop
  endfacet
  facet normal 0.266154 -0.96393 0
    outer loop
      vertex -13.9977 -5.99286 2.5
      vertex -14.4737 -6.12429 0
      vertex -13.9977 -5.99286 0
    endloop
  endfacet
  facet normal -0.534622 -0.845092 0
    outer loop
      vertex -24.9579 -4.63862 0
      vertex -24.5842 -4.87503 2.5
      vertex -24.9579 -4.63862 2.5
    endloop
  endfacet
  facet normal -0.534622 -0.845092 -0
    outer loop
      vertex -24.5842 -4.87503 2.5
      vertex -24.9579 -4.63862 0
      vertex -24.5842 -4.87503 0
    endloop
  endfacet
  facet normal 0.775383 0.631492 0
    outer loop
      vertex -9.2325 2.97818 2.5
      vertex -9.47831 3.28 0
      vertex -9.47831 3.28 2.5
    endloop
  endfacet
  facet normal 0.775383 0.631492 0
    outer loop
      vertex -9.47831 3.28 0
      vertex -9.2325 2.97818 2.5
      vertex -9.2325 2.97818 0
    endloop
  endfacet
  facet normal -0.266154 -0.96393 0
    outer loop
      vertex -22.0023 -5.99286 0
      vertex -21.5263 -6.12429 2.5
      vertex -22.0023 -5.99286 2.5
    endloop
  endfacet
  facet normal -0.266154 -0.96393 -0
    outer loop
      vertex -21.5263 -6.12429 2.5
      vertex -22.0023 -5.99286 0
      vertex -21.5263 -6.12429 0
    endloop
  endfacet
  facet normal -0.813263 -0.581896 0
    outer loop
      vertex -26.7675 -2.97818 0
      vertex -26.9893 -2.66819 2.5
      vertex -26.9893 -2.66819 0
    endloop
  endfacet
  facet normal -0.813263 -0.581896 0
    outer loop
      vertex -26.9893 -2.66819 2.5
      vertex -26.7675 -2.97818 0
      vertex -26.7675 -2.97818 2.5
    endloop
  endfacet
  facet normal 0.615284 -0.788306 0
    outer loop
      vertex -10.6875 -4.3895 0
      vertex -10.3529 -4.12834 2.5
      vertex -10.6875 -4.3895 2.5
    endloop
  endfacet
  facet normal 0.615284 -0.788306 0
    outer loop
      vertex -10.3529 -4.12834 2.5
      vertex -10.6875 -4.3895 0
      vertex -10.3529 -4.12834 0
    endloop
  endfacet
  facet normal 0.655869 0.754874 -0
    outer loop
      vertex -10.0393 3.85587 0
      vertex -10.3529 4.12834 2.5
      vertex -10.0393 3.85587 2.5
    endloop
  endfacet
  facet normal 0.655869 0.754874 0
    outer loop
      vertex -10.3529 4.12834 2.5
      vertex -10.0393 3.85587 0
      vertex -10.3529 4.12834 0
    endloop
  endfacet
  facet normal 0.981055 -0.193731 0
    outer loop
      vertex -8.28115 -1.02621 2.5
      vertex -8.21391 -0.685706 0
      vertex -8.21391 -0.685706 2.5
    endloop
  endfacet
  facet normal 0.981055 -0.193731 0
    outer loop
      vertex -8.21391 -0.685706 0
      vertex -8.28115 -1.02621 2.5
      vertex -8.28115 -1.02621 0
    endloop
  endfacet
  facet normal -0.0874452 0.996169 0
    outer loop
      vertex -19.0286 6.52406 0
      vertex -19.5393 6.47923 2.5
      vertex -19.0286 6.52406 2.5
    endloop
  endfacet
  facet normal -0.0874452 0.996169 0
    outer loop
      vertex -19.5393 6.47923 2.5
      vertex -19.0286 6.52406 0
      vertex -19.5393 6.47923 0
    endloop
  endfacet
  facet normal -0.122598 0.992456 0
    outer loop
      vertex -19.5393 6.47923 0
      vertex -20.0459 6.41665 2.5
      vertex -19.5393 6.47923 2.5
    endloop
  endfacet
  facet normal -0.122598 0.992456 0
    outer loop
      vertex -20.0459 6.41665 2.5
      vertex -19.5393 6.47923 0
      vertex -20.0459 6.41665 0
    endloop
  endfacet
  facet normal 0.229763 0.973247 -0
    outer loop
      vertex -14.4737 6.12429 0
      vertex -14.9593 6.23893 2.5
      vertex -14.4737 6.12429 2.5
    endloop
  endfacet
  facet normal 0.229763 0.973247 0
    outer loop
      vertex -14.9593 6.23893 2.5
      vertex -14.4737 6.12429 0
      vertex -14.9593 6.23893 0
    endloop
  endfacet
  facet normal -0.940817 -0.338914 0
    outer loop
      vertex -27.5047 -1.69785 0
      vertex -27.625 -1.3639 2.5
      vertex -27.625 -1.3639 0
    endloop
  endfacet
  facet normal -0.940817 -0.338914 0
    outer loop
      vertex -27.625 -1.3639 2.5
      vertex -27.5047 -1.69785 0
      vertex -27.5047 -1.69785 2.5
    endloop
  endfacet
  facet normal 0.574855 0.818255 -0
    outer loop
      vertex -10.6875 4.3895 0
      vertex -11.0421 4.63862 2.5
      vertex -10.6875 4.3895 2.5
    endloop
  endfacet
  facet normal 0.574855 0.818255 0
    outer loop
      vertex -11.0421 4.63862 2.5
      vertex -10.6875 4.3895 0
      vertex -11.0421 4.63862 0
    endloop
  endfacet
  facet normal 0.993103 -0.117241 0
    outer loop
      vertex -8.21391 -0.685706 2.5
      vertex -8.17349 -0.343324 0
      vertex -8.17349 -0.343324 2.5
    endloop
  endfacet
  facet normal 0.993103 -0.117241 0
    outer loop
      vertex -8.17349 -0.343324 0
      vertex -8.21391 -0.685706 2.5
      vertex -8.21391 -0.685706 0
    endloop
  endfacet
  facet normal -0.45542 0.890277 0
    outer loop
      vertex -23.7838 5.30715 0
      vertex -24.1925 5.09808 2.5
      vertex -23.7838 5.30715 2.5
    endloop
  endfacet
  facet normal -0.45542 0.890277 0
    outer loop
      vertex -24.1925 5.09808 2.5
      vertex -23.7838 5.30715 0
      vertex -24.1925 5.09808 0
    endloop
  endfacet
  facet normal 0.378231 -0.925711 0
    outer loop
      vertex -13.08 -5.68113 0
      vertex -12.6408 -5.50168 2.5
      vertex -13.08 -5.68113 2.5
    endloop
  endfacet
  facet normal 0.378231 -0.925711 0
    outer loop
      vertex -12.6408 -5.50168 2.5
      vertex -13.08 -5.68113 0
      vertex -12.6408 -5.50168 0
    endloop
  endfacet
  facet normal 0.0874452 -0.996169 0
    outer loop
      vertex -16.9714 -6.52406 0
      vertex -16.4607 -6.47923 2.5
      vertex -16.9714 -6.52406 2.5
    endloop
  endfacet
  facet normal 0.0874452 -0.996169 0
    outer loop
      vertex -16.4607 -6.47923 2.5
      vertex -16.9714 -6.52406 0
      vertex -16.4607 -6.47923 0
    endloop
  endfacet
  facet normal -0.775395 -0.631476 0
    outer loop
      vertex -26.5217 -3.28 0
      vertex -26.7675 -2.97818 2.5
      vertex -26.7675 -2.97818 0
    endloop
  endfacet
  facet normal -0.775395 -0.631476 0
    outer loop
      vertex -26.7675 -2.97818 2.5
      vertex -26.5217 -3.28 0
      vertex -26.5217 -3.28 2.5
    endloop
  endfacet
  facet normal -0.0174537 -0.999848 0
    outer loop
      vertex -18.515 -6.55101 0
      vertex -18 -6.56 2.5
      vertex -18.515 -6.55101 2.5
    endloop
  endfacet
  facet normal -0.0174537 -0.999848 -0
    outer loop
      vertex -18 -6.56 2.5
      vertex -18.515 -6.55101 0
      vertex -18 -6.56 0
    endloop
  endfacet
  facet normal -0.775395 0.631476 0
    outer loop
      vertex -26.7675 2.97818 0
      vertex -26.5217 3.28 2.5
      vertex -26.5217 3.28 0
    endloop
  endfacet
  facet normal -0.775395 0.631476 0
    outer loop
      vertex -26.5217 3.28 2.5
      vertex -26.7675 2.97818 0
      vertex -26.7675 2.97818 2.5
    endloop
  endfacet
  facet normal 0.913858 -0.406033 0
    outer loop
      vertex -8.6416 -2.02715 2.5
      vertex -8.49529 -1.69785 0
      vertex -8.49529 -1.69785 2.5
    endloop
  endfacet
  facet normal 0.913858 -0.406033 0
    outer loop
      vertex -8.49529 -1.69785 0
      vertex -8.6416 -2.02715 2.5
      vertex -8.6416 -2.02715 0
    endloop
  endfacet
  facet normal 0.0524007 -0.998626 0
    outer loop
      vertex -17.485 -6.55101 0
      vertex -16.9714 -6.52406 2.5
      vertex -17.485 -6.55101 2.5
    endloop
  endfacet
  facet normal 0.0524007 -0.998626 0
    outer loop
      vertex -16.9714 -6.52406 2.5
      vertex -17.485 -6.55101 0
      vertex -16.9714 -6.52406 0
    endloop
  endfacet
  facet normal 0.416516 -0.909128 0
    outer loop
      vertex -12.6408 -5.50168 0
      vertex -12.2162 -5.30715 2.5
      vertex -12.6408 -5.50168 2.5
    endloop
  endfacet
  facet normal 0.416516 -0.909128 0
    outer loop
      vertex -12.2162 -5.30715 2.5
      vertex -12.6408 -5.50168 0
      vertex -12.2162 -5.30715 0
    endloop
  endfacet
  facet normal -0.999228 0.0392911 0
    outer loop
      vertex -27.84 0 0
      vertex -27.8265 0.343324 2.5
      vertex -27.8265 0.343324 0
    endloop
  endfacet
  facet normal -0.999228 0.0392911 0
    outer loop
      vertex -27.8265 0.343324 2.5
      vertex -27.84 0 0
      vertex -27.84 0 2.5
    endloop
  endfacet
  facet normal -0.999228 -0.0392911 0
    outer loop
      vertex -27.8265 -0.343324 0
      vertex -27.84 0 2.5
      vertex -27.84 0 0
    endloop
  endfacet
  facet normal -0.999228 -0.0392911 0
    outer loop
      vertex -27.84 0 2.5
      vertex -27.8265 -0.343324 0
      vertex -27.8265 -0.343324 2.5
    endloop
  endfacet
  facet normal 0.15806 -0.98743 0
    outer loop
      vertex -15.9541 -6.41665 0
      vertex -15.4532 -6.33647 2.5
      vertex -15.9541 -6.41665 2.5
    endloop
  endfacet
  facet normal 0.15806 -0.98743 0
    outer loop
      vertex -15.4532 -6.33647 2.5
      vertex -15.9541 -6.41665 0
      vertex -15.4532 -6.33647 0
    endloop
  endfacet
  facet normal -0.883101 -0.469183 0
    outer loop
      vertex -27.1864 -2.35089 0
      vertex -27.3584 -2.02715 2.5
      vertex -27.3584 -2.02715 0
    endloop
  endfacet
  facet normal -0.883101 -0.469183 0
    outer loop
      vertex -27.3584 -2.02715 2.5
      vertex -27.1864 -2.35089 0
      vertex -27.1864 -2.35089 2.5
    endloop
  endfacet
  facet normal 0.883135 0.469119 0
    outer loop
      vertex -8.6416 2.02715 2.5
      vertex -8.81357 2.35089 0
      vertex -8.81357 2.35089 2.5
    endloop
  endfacet
  facet normal 0.883135 0.469119 0
    outer loop
      vertex -8.81357 2.35089 0
      vertex -8.6416 2.02715 2.5
      vertex -8.6416 2.02715 0
    endloop
  endfacet
  facet normal -0.981077 -0.19362 0
    outer loop
      vertex -27.7189 -1.02621 0
      vertex -27.7861 -0.685706 2.5
      vertex -27.7861 -0.685706 0
    endloop
  endfacet
  facet normal -0.981077 -0.19362 0
    outer loop
      vertex -27.7861 -0.685706 2.5
      vertex -27.7189 -1.02621 0
      vertex -27.7189 -1.02621 2.5
    endloop
  endfacet
  facet normal -0.574855 0.818255 0
    outer loop
      vertex -24.9579 4.63862 0
      vertex -25.3125 4.3895 2.5
      vertex -24.9579 4.63862 2.5
    endloop
  endfacet
  facet normal -0.574855 0.818255 0
    outer loop
      vertex -25.3125 4.3895 2.5
      vertex -24.9579 4.63862 0
      vertex -25.3125 4.3895 0
    endloop
  endfacet
  facet normal 0.303028 0.952982 -0
    outer loop
      vertex -13.5327 5.845 0
      vertex -13.9977 5.99286 2.5
      vertex -13.5327 5.845 2.5
    endloop
  endfacet
  facet normal 0.303028 0.952982 0
    outer loop
      vertex -13.9977 5.99286 2.5
      vertex -13.5327 5.845 0
      vertex -13.9977 5.99286 0
    endloop
  endfacet
  facet normal 0.655869 -0.754874 0
    outer loop
      vertex -10.3529 -4.12834 0
      vertex -10.0393 -3.85587 2.5
      vertex -10.3529 -4.12834 2.5
    endloop
  endfacet
  facet normal 0.655869 -0.754874 0
    outer loop
      vertex -10.0393 -3.85587 2.5
      vertex -10.3529 -4.12834 0
      vertex -10.0393 -3.85587 0
    endloop
  endfacet
  facet normal 0.378231 0.925711 -0
    outer loop
      vertex -12.6408 5.50168 0
      vertex -13.08 5.68113 2.5
      vertex -12.6408 5.50168 2.5
    endloop
  endfacet
  facet normal 0.378231 0.925711 0
    outer loop
      vertex -13.08 5.68113 2.5
      vertex -12.6408 5.50168 0
      vertex -13.08 5.68113 0
    endloop
  endfacet
  facet normal 0.940853 0.338814 0
    outer loop
      vertex -8.37503 1.3639 2.5
      vertex -8.49529 1.69785 0
      vertex -8.49529 1.69785 2.5
    endloop
  endfacet
  facet normal 0.940853 0.338814 0
    outer loop
      vertex -8.49529 1.69785 0
      vertex -8.37503 1.3639 2.5
      vertex -8.37503 1.3639 0
    endloop
  endfacet
  facet normal -0.655869 0.754874 0
    outer loop
      vertex -25.6471 4.12834 0
      vertex -25.9607 3.85587 2.5
      vertex -25.6471 4.12834 2.5
    endloop
  endfacet
  facet normal -0.655869 0.754874 0
    outer loop
      vertex -25.9607 3.85587 2.5
      vertex -25.6471 4.12834 0
      vertex -25.9607 3.85587 0
    endloop
  endfacet
  facet normal 0.34037 -0.940292 0
    outer loop
      vertex -13.5327 -5.845 0
      vertex -13.08 -5.68113 2.5
      vertex -13.5327 -5.845 2.5
    endloop
  endfacet
  facet normal 0.34037 -0.940292 0
    outer loop
      vertex -13.08 -5.68113 2.5
      vertex -13.5327 -5.845 0
      vertex -13.08 -5.68113 0
    endloop
  endfacet
  facet normal -0.494836 -0.868986 0
    outer loop
      vertex -24.5842 -4.87503 0
      vertex -24.1925 -5.09808 2.5
      vertex -24.5842 -4.87503 2.5
    endloop
  endfacet
  facet normal -0.494836 -0.868986 -0
    outer loop
      vertex -24.1925 -5.09808 2.5
      vertex -24.5842 -4.87503 0
      vertex -24.1925 -5.09808 0
    endloop
  endfacet
  facet normal 0.0174537 0.999848 -0
    outer loop
      vertex -17.485 6.55101 0
      vertex -18 6.56 2.5
      vertex -17.485 6.55101 2.5
    endloop
  endfacet
  facet normal 0.0174537 0.999848 0
    outer loop
      vertex -18 6.56 2.5
      vertex -17.485 6.55101 0
      vertex -18 6.56 0
    endloop
  endfacet
  facet normal 0.34037 0.940292 -0
    outer loop
      vertex -13.08 5.68113 0
      vertex -13.5327 5.845 2.5
      vertex -13.08 5.68113 2.5
    endloop
  endfacet
  facet normal 0.34037 0.940292 0
    outer loop
      vertex -13.5327 5.845 2.5
      vertex -13.08 5.68113 0
      vertex -13.5327 5.845 0
    endloop
  endfacet
  facet normal 0.193747 -0.981051 0
    outer loop
      vertex -15.4532 -6.33647 0
      vertex -14.9593 -6.23893 2.5
      vertex -15.4532 -6.33647 2.5
    endloop
  endfacet
  facet normal 0.193747 -0.981051 0
    outer loop
      vertex -14.9593 -6.23893 2.5
      vertex -15.4532 -6.33647 0
      vertex -14.9593 -6.23893 0
    endloop
  endfacet
  facet normal -0.615284 0.788306 0
    outer loop
      vertex -25.3125 4.3895 0
      vertex -25.6471 4.12834 2.5
      vertex -25.3125 4.3895 2.5
    endloop
  endfacet
  facet normal -0.615284 0.788306 0
    outer loop
      vertex -25.6471 4.12834 2.5
      vertex -25.3125 4.3895 0
      vertex -25.6471 4.12834 0
    endloop
  endfacet
  facet normal -0.849454 0.527663 0
    outer loop
      vertex -27.1864 2.35089 0
      vertex -26.9893 2.66819 2.5
      vertex -26.9893 2.66819 0
    endloop
  endfacet
  facet normal -0.849454 0.527663 0
    outer loop
      vertex -26.9893 2.66819 2.5
      vertex -27.1864 2.35089 0
      vertex -27.1864 2.35089 2.5
    endloop
  endfacet
  facet normal -0.883101 0.469183 0
    outer loop
      vertex -27.3584 2.02715 0
      vertex -27.1864 2.35089 2.5
      vertex -27.1864 2.35089 0
    endloop
  endfacet
  facet normal -0.883101 0.469183 0
    outer loop
      vertex -27.1864 2.35089 2.5
      vertex -27.3584 2.02715 0
      vertex -27.3584 2.02715 2.5
    endloop
  endfacet
  facet normal 0.0524007 0.998626 -0
    outer loop
      vertex -16.9714 6.52406 0
      vertex -17.485 6.55101 2.5
      vertex -16.9714 6.52406 2.5
    endloop
  endfacet
  facet normal 0.0524007 0.998626 0
    outer loop
      vertex -17.485 6.55101 2.5
      vertex -16.9714 6.52406 0
      vertex -17.485 6.55101 0
    endloop
  endfacet
  facet normal -0.99311 0.117184 0
    outer loop
      vertex -27.8265 0.343324 0
      vertex -27.7861 0.685706 2.5
      vertex -27.7861 0.685706 0
    endloop
  endfacet
  facet normal -0.99311 0.117184 0
    outer loop
      vertex -27.7861 0.685706 2.5
      vertex -27.8265 0.343324 0
      vertex -27.8265 0.343324 2.5
    endloop
  endfacet
  facet normal 0.696226 0.717823 -0
    outer loop
      vertex -9.74748 3.57283 0
      vertex -10.0393 3.85587 2.5
      vertex -9.74748 3.57283 2.5
    endloop
  endfacet
  facet normal 0.696226 0.717823 0
    outer loop
      vertex -10.0393 3.85587 2.5
      vertex -9.74748 3.57283 0
      vertex -10.0393 3.85587 0
    endloop
  endfacet
  facet normal 0.849406 -0.52774 0
    outer loop
      vertex -9.01071 -2.66819 2.5
      vertex -8.81357 -2.35089 0
      vertex -8.81357 -2.35089 2.5
    endloop
  endfacet
  facet normal 0.849406 -0.52774 0
    outer loop
      vertex -8.81357 -2.35089 0
      vertex -9.01071 -2.66819 2.5
      vertex -9.01071 -2.66819 0
    endloop
  endfacet
  facet normal -0.69625 -0.717799 0
    outer loop
      vertex -26.2525 -3.57283 0
      vertex -25.9607 -3.85587 2.5
      vertex -26.2525 -3.57283 2.5
    endloop
  endfacet
  facet normal -0.69625 -0.717799 -0
    outer loop
      vertex -25.9607 -3.85587 2.5
      vertex -26.2525 -3.57283 0
      vertex -25.9607 -3.85587 0
    endloop
  endfacet
  facet normal 0.416516 0.909128 -0
    outer loop
      vertex -12.2162 5.30715 0
      vertex -12.6408 5.50168 2.5
      vertex -12.2162 5.30715 2.5
    endloop
  endfacet
  facet normal 0.416516 0.909128 0
    outer loop
      vertex -12.6408 5.50168 2.5
      vertex -12.2162 5.30715 0
      vertex -12.6408 5.50168 0
    endloop
  endfacet
  facet normal 0.0874452 0.996169 -0
    outer loop
      vertex -16.4607 6.47923 0
      vertex -16.9714 6.52406 2.5
      vertex -16.4607 6.47923 2.5
    endloop
  endfacet
  facet normal 0.0874452 0.996169 0
    outer loop
      vertex -16.9714 6.52406 2.5
      vertex -16.4607 6.47923 0
      vertex -16.9714 6.52406 0
    endloop
  endfacet
  facet normal -0.494836 0.868986 0
    outer loop
      vertex -24.1925 5.09808 0
      vertex -24.5842 4.87503 2.5
      vertex -24.1925 5.09808 2.5
    endloop
  endfacet
  facet normal -0.494836 0.868986 0
    outer loop
      vertex -24.5842 4.87503 2.5
      vertex -24.1925 5.09808 0
      vertex -24.5842 4.87503 0
    endloop
  endfacet
  facet normal 0.534622 -0.845092 0
    outer loop
      vertex -11.4158 -4.87503 0
      vertex -11.0421 -4.63862 2.5
      vertex -11.4158 -4.87503 2.5
    endloop
  endfacet
  facet normal 0.534622 -0.845092 0
    outer loop
      vertex -11.0421 -4.63862 2.5
      vertex -11.4158 -4.87503 0
      vertex -11.0421 -4.63862 0
    endloop
  endfacet
  facet normal -0.229763 0.973247 0
    outer loop
      vertex -21.0407 6.23893 0
      vertex -21.5263 6.12429 2.5
      vertex -21.0407 6.23893 2.5
    endloop
  endfacet
  facet normal -0.229763 0.973247 0
    outer loop
      vertex -21.5263 6.12429 2.5
      vertex -21.0407 6.23893 0
      vertex -21.5263 6.12429 0
    endloop
  endfacet
  facet normal -0.574855 -0.818255 0
    outer loop
      vertex -25.3125 -4.3895 0
      vertex -24.9579 -4.63862 2.5
      vertex -25.3125 -4.3895 2.5
    endloop
  endfacet
  facet normal -0.574855 -0.818255 -0
    outer loop
      vertex -24.9579 -4.63862 2.5
      vertex -25.3125 -4.3895 0
      vertex -24.9579 -4.63862 0
    endloop
  endfacet
  facet normal -0.378231 0.925711 0
    outer loop
      vertex -22.92 5.68113 0
      vertex -23.3592 5.50168 2.5
      vertex -22.92 5.68113 2.5
    endloop
  endfacet
  facet normal -0.378231 0.925711 0
    outer loop
      vertex -23.3592 5.50168 2.5
      vertex -22.92 5.68113 0
      vertex -23.3592 5.50168 0
    endloop
  endfacet
  facet normal -0.0524007 0.998626 0
    outer loop
      vertex -18.515 6.55101 0
      vertex -19.0286 6.52406 2.5
      vertex -18.515 6.55101 2.5
    endloop
  endfacet
  facet normal -0.0524007 0.998626 0
    outer loop
      vertex -19.0286 6.52406 2.5
      vertex -18.515 6.55101 0
      vertex -19.0286 6.52406 0
    endloop
  endfacet
  facet normal -0.913869 0.40601 0
    outer loop
      vertex -27.5047 1.69785 0
      vertex -27.3584 2.02715 2.5
      vertex -27.3584 2.02715 0
    endloop
  endfacet
  facet normal -0.913869 0.40601 0
    outer loop
      vertex -27.3584 2.02715 2.5
      vertex -27.5047 1.69785 0
      vertex -27.5047 1.69785 2.5
    endloop
  endfacet
  facet normal -0.15806 -0.98743 0
    outer loop
      vertex -20.5468 -6.33647 0
      vertex -20.0459 -6.41665 2.5
      vertex -20.5468 -6.33647 2.5
    endloop
  endfacet
  facet normal -0.15806 -0.98743 -0
    outer loop
      vertex -20.0459 -6.41665 2.5
      vertex -20.5468 -6.33647 0
      vertex -20.0459 -6.41665 0
    endloop
  endfacet
  facet normal 0.45542 -0.890277 0
    outer loop
      vertex -12.2162 -5.30715 0
      vertex -11.8075 -5.09808 2.5
      vertex -12.2162 -5.30715 2.5
    endloop
  endfacet
  facet normal 0.45542 -0.890277 0
    outer loop
      vertex -11.8075 -5.09808 2.5
      vertex -12.2162 -5.30715 0
      vertex -11.8075 -5.09808 0
    endloop
  endfacet
  facet normal -0.229763 -0.973247 0
    outer loop
      vertex -21.5263 -6.12429 0
      vertex -21.0407 -6.23893 2.5
      vertex -21.5263 -6.12429 2.5
    endloop
  endfacet
  facet normal -0.229763 -0.973247 -0
    outer loop
      vertex -21.0407 -6.23893 2.5
      vertex -21.5263 -6.12429 0
      vertex -21.0407 -6.23893 0
    endloop
  endfacet
  facet normal 0.813276 -0.581878 0
    outer loop
      vertex -9.2325 -2.97818 2.5
      vertex -9.01071 -2.66819 0
      vertex -9.01071 -2.66819 2.5
    endloop
  endfacet
  facet normal 0.813276 -0.581878 0
    outer loop
      vertex -9.01071 -2.66819 0
      vertex -9.2325 -2.97818 2.5
      vertex -9.2325 -2.97818 0
    endloop
  endfacet
  facet normal -0.45542 -0.890277 0
    outer loop
      vertex -24.1925 -5.09808 0
      vertex -23.7838 -5.30715 2.5
      vertex -24.1925 -5.09808 2.5
    endloop
  endfacet
  facet normal -0.45542 -0.890277 -0
    outer loop
      vertex -23.7838 -5.30715 2.5
      vertex -24.1925 -5.09808 0
      vertex -23.7838 -5.30715 0
    endloop
  endfacet
  facet normal -0.416516 -0.909128 0
    outer loop
      vertex -23.7838 -5.30715 0
      vertex -23.3592 -5.50168 2.5
      vertex -23.7838 -5.30715 2.5
    endloop
  endfacet
  facet normal -0.416516 -0.909128 -0
    outer loop
      vertex -23.3592 -5.50168 2.5
      vertex -23.7838 -5.30715 0
      vertex -23.3592 -5.50168 0
    endloop
  endfacet
  facet normal 0.303028 -0.952982 0
    outer loop
      vertex -13.9977 -5.99286 0
      vertex -13.5327 -5.845 2.5
      vertex -13.9977 -5.99286 2.5
    endloop
  endfacet
  facet normal 0.303028 -0.952982 0
    outer loop
      vertex -13.5327 -5.845 2.5
      vertex -13.9977 -5.99286 0
      vertex -13.5327 -5.845 0
    endloop
  endfacet
  facet normal 0.122598 -0.992456 0
    outer loop
      vertex -16.4607 -6.47923 0
      vertex -15.9541 -6.41665 2.5
      vertex -16.4607 -6.47923 2.5
    endloop
  endfacet
  facet normal 0.122598 -0.992456 0
    outer loop
      vertex -15.9541 -6.41665 2.5
      vertex -16.4607 -6.47923 0
      vertex -15.9541 -6.41665 0
    endloop
  endfacet
  facet normal 0.696226 -0.717823 0
    outer loop
      vertex -10.0393 -3.85587 0
      vertex -9.74748 -3.57283 2.5
      vertex -10.0393 -3.85587 2.5
    endloop
  endfacet
  facet normal 0.696226 -0.717823 0
    outer loop
      vertex -9.74748 -3.57283 2.5
      vertex -10.0393 -3.85587 0
      vertex -9.74748 -3.57283 0
    endloop
  endfacet
  facet normal 0.615284 0.788306 -0
    outer loop
      vertex -10.3529 4.12834 0
      vertex -10.6875 4.3895 2.5
      vertex -10.3529 4.12834 2.5
    endloop
  endfacet
  facet normal 0.615284 0.788306 0
    outer loop
      vertex -10.6875 4.3895 2.5
      vertex -10.3529 4.12834 0
      vertex -10.6875 4.3895 0
    endloop
  endfacet
  facet normal -0.736186 0.676779 0
    outer loop
      vertex -26.5217 3.28 0
      vertex -26.2525 3.57283 2.5
      vertex -26.2525 3.57283 0
    endloop
  endfacet
  facet normal -0.736186 0.676779 0
    outer loop
      vertex -26.2525 3.57283 2.5
      vertex -26.5217 3.28 0
      vertex -26.5217 3.28 2.5
    endloop
  endfacet
  facet normal -0.849454 -0.527663 0
    outer loop
      vertex -26.9893 -2.66819 0
      vertex -27.1864 -2.35089 2.5
      vertex -27.1864 -2.35089 0
    endloop
  endfacet
  facet normal -0.849454 -0.527663 0
    outer loop
      vertex -27.1864 -2.35089 2.5
      vertex -26.9893 -2.66819 0
      vertex -26.9893 -2.66819 2.5
    endloop
  endfacet
  facet normal -0.940817 0.338914 0
    outer loop
      vertex -27.625 1.3639 0
      vertex -27.5047 1.69785 2.5
      vertex -27.5047 1.69785 0
    endloop
  endfacet
  facet normal -0.940817 0.338914 0
    outer loop
      vertex -27.5047 1.69785 2.5
      vertex -27.625 1.3639 0
      vertex -27.625 1.3639 2.5
    endloop
  endfacet
  facet normal -0.34037 -0.940292 0
    outer loop
      vertex -22.92 -5.68113 0
      vertex -22.4673 -5.845 2.5
      vertex -22.92 -5.68113 2.5
    endloop
  endfacet
  facet normal -0.34037 -0.940292 -0
    outer loop
      vertex -22.4673 -5.845 2.5
      vertex -22.92 -5.68113 0
      vertex -22.4673 -5.845 0
    endloop
  endfacet
  facet normal 0.963461 -0.267848 0
    outer loop
      vertex -8.37503 -1.3639 2.5
      vertex -8.28115 -1.02621 0
      vertex -8.28115 -1.02621 2.5
    endloop
  endfacet
  facet normal 0.963461 -0.267848 0
    outer loop
      vertex -8.28115 -1.02621 0
      vertex -8.37503 -1.3639 2.5
      vertex -8.37503 -1.3639 0
    endloop
  endfacet
  facet normal -0.34037 0.940292 0
    outer loop
      vertex -22.4673 5.845 0
      vertex -22.92 5.68113 2.5
      vertex -22.4673 5.845 2.5
    endloop
  endfacet
  facet normal -0.34037 0.940292 0
    outer loop
      vertex -22.92 5.68113 2.5
      vertex -22.4673 5.845 0
      vertex -22.92 5.68113 0
    endloop
  endfacet
  facet normal -0.15806 0.98743 0
    outer loop
      vertex -20.0459 6.41665 0
      vertex -20.5468 6.33647 2.5
      vertex -20.0459 6.41665 2.5
    endloop
  endfacet
  facet normal -0.15806 0.98743 0
    outer loop
      vertex -20.5468 6.33647 2.5
      vertex -20.0459 6.41665 0
      vertex -20.5468 6.33647 0
    endloop
  endfacet
  facet normal -0.0874452 -0.996169 0
    outer loop
      vertex -19.5393 -6.47923 0
      vertex -19.0286 -6.52406 2.5
      vertex -19.5393 -6.47923 2.5
    endloop
  endfacet
  facet normal -0.0874452 -0.996169 -0
    outer loop
      vertex -19.0286 -6.52406 2.5
      vertex -19.5393 -6.47923 0
      vertex -19.0286 -6.52406 0
    endloop
  endfacet
  facet normal 0.15806 0.98743 -0
    outer loop
      vertex -15.4532 6.33647 0
      vertex -15.9541 6.41665 2.5
      vertex -15.4532 6.33647 2.5
    endloop
  endfacet
  facet normal 0.15806 0.98743 0
    outer loop
      vertex -15.9541 6.41665 2.5
      vertex -15.4532 6.33647 0
      vertex -15.9541 6.41665 0
    endloop
  endfacet
  facet normal -0.193747 0.981051 0
    outer loop
      vertex -20.5468 6.33647 0
      vertex -21.0407 6.23893 2.5
      vertex -20.5468 6.33647 2.5
    endloop
  endfacet
  facet normal -0.193747 0.981051 0
    outer loop
      vertex -21.0407 6.23893 2.5
      vertex -20.5468 6.33647 0
      vertex -21.0407 6.23893 0
    endloop
  endfacet
  facet normal -0.193747 -0.981051 0
    outer loop
      vertex -21.0407 -6.23893 0
      vertex -20.5468 -6.33647 2.5
      vertex -21.0407 -6.23893 2.5
    endloop
  endfacet
  facet normal -0.193747 -0.981051 -0
    outer loop
      vertex -20.5468 -6.33647 2.5
      vertex -21.0407 -6.23893 0
      vertex -20.5468 -6.33647 0
    endloop
  endfacet
  facet normal -0.963446 0.267901 0
    outer loop
      vertex -27.7189 1.02621 0
      vertex -27.625 1.3639 2.5
      vertex -27.625 1.3639 0
    endloop
  endfacet
  facet normal -0.963446 0.267901 0
    outer loop
      vertex -27.625 1.3639 2.5
      vertex -27.7189 1.02621 0
      vertex -27.7189 1.02621 2.5
    endloop
  endfacet
  facet normal -0.69625 0.717799 0
    outer loop
      vertex -25.9607 3.85587 0
      vertex -26.2525 3.57283 2.5
      vertex -25.9607 3.85587 2.5
    endloop
  endfacet
  facet normal -0.69625 0.717799 0
    outer loop
      vertex -26.2525 3.57283 2.5
      vertex -25.9607 3.85587 0
      vertex -26.2525 3.57283 0
    endloop
  endfacet
  facet normal -0.736186 -0.676779 0
    outer loop
      vertex -26.2525 -3.57283 0
      vertex -26.5217 -3.28 2.5
      vertex -26.5217 -3.28 0
    endloop
  endfacet
  facet normal -0.736186 -0.676779 0
    outer loop
      vertex -26.5217 -3.28 2.5
      vertex -26.2525 -3.57283 0
      vertex -26.2525 -3.57283 2.5
    endloop
  endfacet
  facet normal -0.913869 -0.40601 0
    outer loop
      vertex -27.3584 -2.02715 0
      vertex -27.5047 -1.69785 2.5
      vertex -27.5047 -1.69785 0
    endloop
  endfacet
  facet normal -0.913869 -0.40601 0
    outer loop
      vertex -27.5047 -1.69785 2.5
      vertex -27.3584 -2.02715 0
      vertex -27.3584 -2.02715 2.5
    endloop
  endfacet
  facet normal 0.494836 -0.868986 0
    outer loop
      vertex -11.8075 -5.09808 0
      vertex -11.4158 -4.87503 2.5
      vertex -11.8075 -5.09808 2.5
    endloop
  endfacet
  facet normal 0.494836 -0.868986 0
    outer loop
      vertex -11.4158 -4.87503 2.5
      vertex -11.8075 -5.09808 0
      vertex -11.4158 -4.87503 0
    endloop
  endfacet
  facet normal -0.303028 -0.952982 0
    outer loop
      vertex -22.4673 -5.845 0
      vertex -22.0023 -5.99286 2.5
      vertex -22.4673 -5.845 2.5
    endloop
  endfacet
  facet normal -0.303028 -0.952982 -0
    outer loop
      vertex -22.0023 -5.99286 2.5
      vertex -22.4673 -5.845 0
      vertex -22.0023 -5.99286 0
    endloop
  endfacet
  facet normal 0 0 1
    outer loop
      vertex -11.7 0 2.5
      vertex -8.16 0 2.5
      vertex -8.17349 0.343324 2.5
    endloop
  endfacet
  facet normal 0 0 1
    outer loop
      vertex -11.7086 0.21981 2.5
      vertex -8.17349 0.343324 2.5
      vertex -8.21391 0.685706 2.5
    endloop
  endfacet
  facet normal 0 0 1
    outer loop
      vertex -8.16 0 2.5
      vertex -11.7 0 2.5
      vertex -8.17349 -0.343324 2.5
    endloop
  endfacet
  facet normal 0 0 1
    outer loop
      vertex -11.7086 0.21981 2.5
      vertex -8.21391 0.685706 2.5
      vertex -8.28115 1.02621 2.5
    endloop
  endfacet
  facet normal -0 0 1
    outer loop
      vertex -11.7086 -0.21981 2.5
      vertex -8.17349 -0.343324 2.5
      vertex -11.7 0 2.5
    endloop
  endfacet
  facet normal 0 0 1
    outer loop
      vertex -11.7345 0.439019 2.5
      vertex -8.28115 1.02621 2.5
      vertex -8.37503 1.3639 2.5
    endloop
  endfacet
  facet normal 0 0 1
    outer loop
      vertex -8.17349 -0.343324 2.5
      vertex -11.7086 -0.21981 2.5
      vertex -8.21391 -0.685706 2.5
    endloop
  endfacet
  facet normal 0 0 1
    outer loop
      vertex -11.7776 0.657024 2.5
      vertex -8.37503 1.3639 2.5
      vertex -8.49529 1.69785 2.5
    endloop
  endfacet
  facet normal 0 0 1
    outer loop
      vertex -8.21391 -0.685706 2.5
      vertex -11.7086 -0.21981 2.5
      vertex -8.28115 -1.02621 2.5
    endloop
  endfacet
  facet normal 0 0 1
    outer loop
      vertex -11.7776 0.657024 2.5
      vertex -8.49529 1.69785 2.5
      vertex -8.6416 2.02715 2.5
    endloop
  endfacet
  facet normal -0 0 1
    outer loop
      vertex -11.7345 -0.439019 2.5
      vertex -8.28115 -1.02621 2.5
      vertex -11.7086 -0.21981 2.5
    endloop
  endfacet
  facet normal 0 0 1
    outer loop
      vertex -11.8377 0.873229 2.5
      vertex -8.6416 2.02715 2.5
      vertex -8.81357 2.35089 2.5
    endloop
  endfacet
  facet normal 0 0 1
    outer loop
      vertex -8.28115 -1.02621 2.5
      vertex -11.7345 -0.439019 2.5
      vertex -8.37503 -1.3639 2.5
    endloop
  endfacet
  facet normal 0 0 1
    outer loop
      vertex -11.9147 1.08704 2.5
      vertex -8.81357 2.35089 2.5
      vertex -9.01071 2.66819 2.5
    endloop
  endfacet
  facet normal -0 0 1
    outer loop
      vertex -11.7776 -0.657024 2.5
      vertex -8.37503 -1.3639 2.5
      vertex -11.7345 -0.439019 2.5
    endloop
  endfacet
  facet normal 0 0 1
    outer loop
      vertex -11.9147 1.08704 2.5
      vertex -9.01071 2.66819 2.5
      vertex -9.2325 2.97818 2.5
    endloop
  endfacet
  facet normal 0 0 1
    outer loop
      vertex -8.37503 -1.3639 2.5
      vertex -11.7776 -0.657024 2.5
      vertex -8.49529 -1.69785 2.5
    endloop
  endfacet
  facet normal 0 0 1
    outer loop
      vertex -12.0083 1.29787 2.5
      vertex -9.2325 2.97818 2.5
      vertex -9.47831 3.28 2.5
    endloop
  endfacet
  facet normal 0 0 1
    outer loop
      vertex -8.49529 -1.69785 2.5
      vertex -11.7776 -0.657024 2.5
      vertex -8.6416 -2.02715 2.5
    endloop
  endfacet
  facet normal 0 0 1
    outer loop
      vertex -12.1184 1.50515 2.5
      vertex -9.47831 3.28 2.5
      vertex -9.74748 3.57283 2.5
    endloop
  endfacet
  facet normal -0 0 1
    outer loop
      vertex -11.8377 -0.873229 2.5
      vertex -8.6416 -2.02715 2.5
      vertex -11.7776 -0.657024 2.5
    endloop
  endfacet
  facet normal 0 0 1
    outer loop
      vertex -12.2447 1.70829 2.5
      vertex -9.74748 3.57283 2.5
      vertex -10.0393 3.85587 2.5
    endloop
  endfacet
  facet normal 0 0 1
    outer loop
      vertex -8.6416 -2.02715 2.5
      vertex -11.8377 -0.873229 2.5
      vertex -8.81357 -2.35089 2.5
    endloop
  endfacet
  facet normal 0 0 1
    outer loop
      vertex -12.3867 1.90676 2.5
      vertex -10.0393 3.85587 2.5
      vertex -10.3529 4.12834 2.5
    endloop
  endfacet
  facet normal -0 0 1
    outer loop
      vertex -11.9147 -1.08704 2.5
      vertex -8.81357 -2.35089 2.5
      vertex -11.8377 -0.873229 2.5
    endloop
  endfacet
  facet normal 0 0 1
    outer loop
      vertex -12.544 2.1 2.5
      vertex -10.3529 4.12834 2.5
      vertex -10.6875 4.3895 2.5
    endloop
  endfacet
  facet normal 0 0 1
    outer loop
      vertex -8.81357 -2.35089 2.5
      vertex -11.9147 -1.08704 2.5
      vertex -9.01071 -2.66819 2.5
    endloop
  endfacet
  facet normal 0 0 1
    outer loop
      vertex -12.7164 2.28748 2.5
      vertex -10.6875 4.3895 2.5
      vertex -11.0421 4.63862 2.5
    endloop
  endfacet
  facet normal 0 0 1
    outer loop
      vertex -9.01071 -2.66819 2.5
      vertex -11.9147 -1.08704 2.5
      vertex -9.2325 -2.97818 2.5
    endloop
  endfacet
  facet normal 0 0 1
    outer loop
      vertex -12.9032 2.4687 2.5
      vertex -11.0421 4.63862 2.5
      vertex -11.4158 4.87503 2.5
    endloop
  endfacet
  facet normal -0 0 1
    outer loop
      vertex -12.0083 -1.29787 2.5
      vertex -9.2325 -2.97818 2.5
      vertex -11.9147 -1.08704 2.5
    endloop
  endfacet
  facet normal 0 0 1
    outer loop
      vertex -9.2325 -2.97818 2.5
      vertex -12.0083 -1.29787 2.5
      vertex -9.47831 -3.28 2.5
    endloop
  endfacet
  facet normal 0 0 1
    outer loop
      vertex -8.17349 0.343324 2.5
      vertex -11.7086 0.21981 2.5
      vertex -11.7 0 2.5
    endloop
  endfacet
  facet normal 0 0 1
    outer loop
      vertex -8.28115 1.02621 2.5
      vertex -11.7345 0.439019 2.5
      vertex -11.7086 0.21981 2.5
    endloop
  endfacet
  facet normal 0 0 1
    outer loop
      vertex -8.37503 1.3639 2.5
      vertex -11.7776 0.657024 2.5
      vertex -11.7345 0.439019 2.5
    endloop
  endfacet
  facet normal 0 0 1
    outer loop
      vertex -13.104 2.64315 2.5
      vertex -11.4158 4.87503 2.5
      vertex -11.8075 5.09808 2.5
    endloop
  endfacet
  facet normal 0 0 1
    outer loop
      vertex -8.6416 2.02715 2.5
      vertex -11.8377 0.873229 2.5
      vertex -11.7776 0.657024 2.5
    endloop
  endfacet
  facet normal 0 0 1
    outer loop
      vertex -8.81357 2.35089 2.5
      vertex -11.9147 1.08704 2.5
      vertex -11.8377 0.873229 2.5
    endloop
  endfacet
  facet normal 0 0 1
    outer loop
      vertex -9.2325 2.97818 2.5
      vertex -12.0083 1.29787 2.5
      vertex -11.9147 1.08704 2.5
    endloop
  endfacet
  facet normal 0 0 1
    outer loop
      vertex -9.47831 3.28 2.5
      vertex -12.1184 1.50515 2.5
      vertex -12.0083 1.29787 2.5
    endloop
  endfacet
  facet normal 0 0 1
    outer loop
      vertex -13.3182 2.81035 2.5
      vertex -11.8075 5.09808 2.5
      vertex -12.2162 5.30715 2.5
    endloop
  endfacet
  facet normal 0 0 1
    outer loop
      vertex -9.74748 3.57283 2.5
      vertex -12.2447 1.70829 2.5
      vertex -12.1184 1.50515 2.5
    endloop
  endfacet
  facet normal 0 0 1
    outer loop
      vertex -10.0393 3.85587 2.5
      vertex -12.3867 1.90676 2.5
      vertex -12.2447 1.70829 2.5
    endloop
  endfacet
  facet normal 0 0 1
    outer loop
      vertex -10.3529 4.12834 2.5
      vertex -12.544 2.1 2.5
      vertex -12.3867 1.90676 2.5
    endloop
  endfacet
  facet normal 0 0 1
    outer loop
      vertex -13.7845 3.12121 2.5
      vertex -12.2162 5.30715 2.5
      vertex -12.6408 5.50168 2.5
    endloop
  endfacet
  facet normal 0 0 1
    outer loop
      vertex -10.6875 4.3895 2.5
      vertex -12.7164 2.28748 2.5
      vertex -12.544 2.1 2.5
    endloop
  endfacet
  facet normal 0 0 1
    outer loop
      vertex -11.0421 4.63862 2.5
      vertex -12.9032 2.4687 2.5
      vertex -12.7164 2.28748 2.5
    endloop
  endfacet
  facet normal 0 0 1
    outer loop
      vertex -14.0353 3.26401 2.5
      vertex -12.6408 5.50168 2.5
      vertex -13.08 5.68113 2.5
    endloop
  endfacet
  facet normal 0 0 1
    outer loop
      vertex -11.4158 4.87503 2.5
      vertex -13.104 2.64315 2.5
      vertex -12.9032 2.4687 2.5
    endloop
  endfacet
  facet normal 0 0 1
    outer loop
      vertex -11.8075 5.09808 2.5
      vertex -13.3182 2.81035 2.5
      vertex -13.104 2.64315 2.5
    endloop
  endfacet
  facet normal 0 0 1
    outer loop
      vertex -14.297 3.39787 2.5
      vertex -13.08 5.68113 2.5
      vertex -13.5327 5.845 2.5
    endloop
  endfacet
  facet normal 0 0 1
    outer loop
      vertex -12.2162 5.30715 2.5
      vertex -13.5452 2.96985 2.5
      vertex -13.3182 2.81035 2.5
    endloop
  endfacet
  facet normal 0 0 1
    outer loop
      vertex -12.2162 5.30715 2.5
      vertex -13.7845 3.12121 2.5
      vertex -13.5452 2.96985 2.5
    endloop
  endfacet
  facet normal 0 0 1
    outer loop
      vertex -14.5688 3.52242 2.5
      vertex -13.5327 5.845 2.5
      vertex -13.9977 5.99286 2.5
    endloop
  endfacet
  facet normal 0 0 1
    outer loop
      vertex -12.6408 5.50168 2.5
      vertex -14.0353 3.26401 2.5
      vertex -13.7845 3.12121 2.5
    endloop
  endfacet
  facet normal 0 0 1
    outer loop
      vertex -13.08 5.68113 2.5
      vertex -14.297 3.39787 2.5
      vertex -14.0353 3.26401 2.5
    endloop
  endfacet
  facet normal 0 0 1
    outer loop
      vertex -14.85 3.63731 2.5
      vertex -13.9977 5.99286 2.5
      vertex -14.4737 6.12429 2.5
    endloop
  endfacet
  facet normal 0 0 1
    outer loop
      vertex -13.5327 5.845 2.5
      vertex -14.5688 3.52242 2.5
      vertex -14.297 3.39787 2.5
    endloop
  endfacet
  facet normal 0 0 1
    outer loop
      vertex -13.9977 5.99286 2.5
      vertex -14.85 3.63731 2.5
      vertex -14.5688 3.52242 2.5
    endloop
  endfacet
  facet normal 0 0 1
    outer loop
      vertex -15.4376 3.83689 2.5
      vertex -14.4737 6.12429 2.5
      vertex -14.9593 6.23893 2.5
    endloop
  endfacet
  facet normal 0 0 1
    outer loop
      vertex -14.4737 6.12429 2.5
      vertex -15.1399 3.74223 2.5
      vertex -14.85 3.63731 2.5
    endloop
  endfacet
  facet normal 0 0 1
    outer loop
      vertex -14.4737 6.12429 2.5
      vertex -15.4376 3.83689 2.5
      vertex -15.1399 3.74223 2.5
    endloop
  endfacet
  facet normal 0 0 1
    outer loop
      vertex -15.7423 3.92104 2.5
      vertex -14.9593 6.23893 2.5
      vertex -15.4532 6.33647 2.5
    endloop
  endfacet
  facet normal 0 0 1
    outer loop
      vertex -14.9593 6.23893 2.5
      vertex -15.7423 3.92104 2.5
      vertex -15.4376 3.83689 2.5
    endloop
  endfacet
  facet normal 0 0 1
    outer loop
      vertex -16.0532 3.99444 2.5
      vertex -15.4532 6.33647 2.5
      vertex -15.9541 6.41665 2.5
    endloop
  endfacet
  facet normal 0 0 1
    outer loop
      vertex -15.4532 6.33647 2.5
      vertex -16.0532 3.99444 2.5
      vertex -15.7423 3.92104 2.5
    endloop
  endfacet
  facet normal 0 0 1
    outer loop
      vertex -15.9541 6.41665 2.5
      vertex -16.3694 4.05689 2.5
      vertex -16.0532 3.99444 2.5
    endloop
  endfacet
  facet normal 0 0 1
    outer loop
      vertex -16.6902 4.10822 2.5
      vertex -15.9541 6.41665 2.5
      vertex -16.4607 6.47923 2.5
    endloop
  endfacet
  facet normal 0 0 1
    outer loop
      vertex -15.9541 6.41665 2.5
      vertex -16.6902 4.10822 2.5
      vertex -16.3694 4.05689 2.5
    endloop
  endfacet
  facet normal 0 0 1
    outer loop
      vertex -17.0145 4.14829 2.5
      vertex -16.4607 6.47923 2.5
      vertex -16.9714 6.52406 2.5
    endloop
  endfacet
  facet normal 0 0 1
    outer loop
      vertex -16.4607 6.47923 2.5
      vertex -17.0145 4.14829 2.5
      vertex -16.6902 4.10822 2.5
    endloop
  endfacet
  facet normal 0 0 1
    outer loop
      vertex -16.9714 6.52406 2.5
      vertex -17.3415 4.17699 2.5
      vertex -17.0145 4.14829 2.5
    endloop
  endfacet
  facet normal 0 0 1
    outer loop
      vertex -17.485 6.55101 2.5
      vertex -17.3415 4.17699 2.5
      vertex -16.9714 6.52406 2.5
    endloop
  endfacet
  facet normal 0 0 1
    outer loop
      vertex -17.485 6.55101 2.5
      vertex -17.6703 4.19424 2.5
      vertex -17.3415 4.17699 2.5
    endloop
  endfacet
  facet normal 0 0 1
    outer loop
      vertex -18 6.56 2.5
      vertex -17.6703 4.19424 2.5
      vertex -17.485 6.55101 2.5
    endloop
  endfacet
  facet normal 0 0 1
    outer loop
      vertex -18 6.56 2.5
      vertex -18 4.2 2.5
      vertex -17.6703 4.19424 2.5
    endloop
  endfacet
  facet normal 0 0 1
    outer loop
      vertex -18 6.56 2.5
      vertex -18.3297 4.19424 2.5
      vertex -18 4.2 2.5
    endloop
  endfacet
  facet normal -0 0 1
    outer loop
      vertex -18.515 6.55101 2.5
      vertex -18.3297 4.19424 2.5
      vertex -18 6.56 2.5
    endloop
  endfacet
  facet normal 0 0 1
    outer loop
      vertex -18.515 6.55101 2.5
      vertex -18.6585 4.17699 2.5
      vertex -18.3297 4.19424 2.5
    endloop
  endfacet
  facet normal -0 0 1
    outer loop
      vertex -19.0286 6.52406 2.5
      vertex -18.6585 4.17699 2.5
      vertex -18.515 6.55101 2.5
    endloop
  endfacet
  facet normal 0 0 1
    outer loop
      vertex -18.6585 4.17699 2.5
      vertex -19.0286 6.52406 2.5
      vertex -18.9855 4.14829 2.5
    endloop
  endfacet
  facet normal -0 0 1
    outer loop
      vertex -19.5393 6.47923 2.5
      vertex -18.9855 4.14829 2.5
      vertex -19.0286 6.52406 2.5
    endloop
  endfacet
  facet normal 0 0 1
    outer loop
      vertex -18.9855 4.14829 2.5
      vertex -19.5393 6.47923 2.5
      vertex -19.3098 4.10822 2.5
    endloop
  endfacet
  facet normal -0 0 1
    outer loop
      vertex -20.0459 6.41665 2.5
      vertex -19.3098 4.10822 2.5
      vertex -19.5393 6.47923 2.5
    endloop
  endfacet
  facet normal 0 0 1
    outer loop
      vertex -19.3098 4.10822 2.5
      vertex -20.0459 6.41665 2.5
      vertex -19.6306 4.05689 2.5
    endloop
  endfacet
  facet normal 0 0 1
    outer loop
      vertex -19.6306 4.05689 2.5
      vertex -20.0459 6.41665 2.5
      vertex -19.9468 3.99444 2.5
    endloop
  endfacet
  facet normal -0 0 1
    outer loop
      vertex -20.5468 6.33647 2.5
      vertex -19.9468 3.99444 2.5
      vertex -20.0459 6.41665 2.5
    endloop
  endfacet
  facet normal 0 0 1
    outer loop
      vertex -19.9468 3.99444 2.5
      vertex -20.5468 6.33647 2.5
      vertex -20.2577 3.92104 2.5
    endloop
  endfacet
  facet normal -0 0 1
    outer loop
      vertex -21.0407 6.23893 2.5
      vertex -20.2577 3.92104 2.5
      vertex -20.5468 6.33647 2.5
    endloop
  endfacet
  facet normal 0 0 1
    outer loop
      vertex -20.2577 3.92104 2.5
      vertex -21.0407 6.23893 2.5
      vertex -20.5624 3.83689 2.5
    endloop
  endfacet
  facet normal -0 0 1
    outer loop
      vertex -21.5263 6.12429 2.5
      vertex -20.5624 3.83689 2.5
      vertex -21.0407 6.23893 2.5
    endloop
  endfacet
  facet normal 0 0 1
    outer loop
      vertex -20.5624 3.83689 2.5
      vertex -21.5263 6.12429 2.5
      vertex -20.8601 3.74223 2.5
    endloop
  endfacet
  facet normal 0 0 1
    outer loop
      vertex -20.8601 3.74223 2.5
      vertex -21.5263 6.12429 2.5
      vertex -21.15 3.63731 2.5
    endloop
  endfacet
  facet normal -0 0 1
    outer loop
      vertex -22.0023 5.99286 2.5
      vertex -21.15 3.63731 2.5
      vertex -21.5263 6.12429 2.5
    endloop
  endfacet
  facet normal 0 0 1
    outer loop
      vertex -21.15 3.63731 2.5
      vertex -22.0023 5.99286 2.5
      vertex -21.4312 3.52242 2.5
    endloop
  endfacet
  facet normal -0 0 1
    outer loop
      vertex -22.4673 5.845 2.5
      vertex -21.4312 3.52242 2.5
      vertex -22.0023 5.99286 2.5
    endloop
  endfacet
  facet normal 0 0 1
    outer loop
      vertex -21.4312 3.52242 2.5
      vertex -22.4673 5.845 2.5
      vertex -21.703 3.39787 2.5
    endloop
  endfacet
  facet normal -0 0 1
    outer loop
      vertex -22.92 5.68113 2.5
      vertex -21.703 3.39787 2.5
      vertex -22.4673 5.845 2.5
    endloop
  endfacet
  facet normal 0 0 1
    outer loop
      vertex -21.703 3.39787 2.5
      vertex -22.92 5.68113 2.5
      vertex -21.9647 3.26401 2.5
    endloop
  endfacet
  facet normal -0 0 1
    outer loop
      vertex -23.3592 5.50168 2.5
      vertex -21.9647 3.26401 2.5
      vertex -22.92 5.68113 2.5
    endloop
  endfacet
  facet normal 0 0 1
    outer loop
      vertex -21.9647 3.26401 2.5
      vertex -23.3592 5.50168 2.5
      vertex -22.2155 3.12121 2.5
    endloop
  endfacet
  facet normal -0 0 1
    outer loop
      vertex -23.7838 5.30715 2.5
      vertex -22.2155 3.12121 2.5
      vertex -23.3592 5.50168 2.5
    endloop
  endfacet
  facet normal 0 0 1
    outer loop
      vertex -22.2155 3.12121 2.5
      vertex -23.7838 5.30715 2.5
      vertex -22.4548 2.96985 2.5
    endloop
  endfacet
  facet normal 0 0 1
    outer loop
      vertex -22.4548 2.96985 2.5
      vertex -23.7838 5.30715 2.5
      vertex -22.6818 2.81035 2.5
    endloop
  endfacet
  facet normal -0 0 1
    outer loop
      vertex -24.1925 5.09808 2.5
      vertex -22.6818 2.81035 2.5
      vertex -23.7838 5.30715 2.5
    endloop
  endfacet
  facet normal 0 0 1
    outer loop
      vertex -22.6818 2.81035 2.5
      vertex -24.1925 5.09808 2.5
      vertex -22.896 2.64315 2.5
    endloop
  endfacet
  facet normal -0 0 1
    outer loop
      vertex -24.5842 4.87503 2.5
      vertex -22.896 2.64315 2.5
      vertex -24.1925 5.09808 2.5
    endloop
  endfacet
  facet normal 0 0 1
    outer loop
      vertex -22.896 2.64315 2.5
      vertex -24.5842 4.87503 2.5
      vertex -23.0968 2.4687 2.5
    endloop
  endfacet
  facet normal -0 0 1
    outer loop
      vertex -24.9579 4.63862 2.5
      vertex -23.0968 2.4687 2.5
      vertex -24.5842 4.87503 2.5
    endloop
  endfacet
  facet normal 0 0 1
    outer loop
      vertex -23.0968 2.4687 2.5
      vertex -24.9579 4.63862 2.5
      vertex -23.2836 2.28748 2.5
    endloop
  endfacet
  facet normal -0 0 1
    outer loop
      vertex -25.3125 4.3895 2.5
      vertex -23.2836 2.28748 2.5
      vertex -24.9579 4.63862 2.5
    endloop
  endfacet
  facet normal 0 0 1
    outer loop
      vertex -23.2836 2.28748 2.5
      vertex -25.3125 4.3895 2.5
      vertex -23.456 2.1 2.5
    endloop
  endfacet
  facet normal -0 0 1
    outer loop
      vertex -25.6471 4.12834 2.5
      vertex -23.456 2.1 2.5
      vertex -25.3125 4.3895 2.5
    endloop
  endfacet
  facet normal 0 0 1
    outer loop
      vertex -23.456 2.1 2.5
      vertex -25.6471 4.12834 2.5
      vertex -23.6133 1.90676 2.5
    endloop
  endfacet
  facet normal -0 0 1
    outer loop
      vertex -25.9607 3.85587 2.5
      vertex -23.6133 1.90676 2.5
      vertex -25.6471 4.12834 2.5
    endloop
  endfacet
  facet normal 0 0 1
    outer loop
      vertex -23.6133 1.90676 2.5
      vertex -25.9607 3.85587 2.5
      vertex -23.7553 1.70829 2.5
    endloop
  endfacet
  facet normal -0 0 1
    outer loop
      vertex -26.2525 3.57283 2.5
      vertex -23.7553 1.70829 2.5
      vertex -25.9607 3.85587 2.5
    endloop
  endfacet
  facet normal 0 0 1
    outer loop
      vertex -23.7553 1.70829 2.5
      vertex -26.2525 3.57283 2.5
      vertex -23.8816 1.50515 2.5
    endloop
  endfacet
  facet normal -0 0 1
    outer loop
      vertex -26.5217 3.28 2.5
      vertex -23.8816 1.50515 2.5
      vertex -26.2525 3.57283 2.5
    endloop
  endfacet
  facet normal 0 0 1
    outer loop
      vertex -23.8816 1.50515 2.5
      vertex -26.5217 3.28 2.5
      vertex -23.9917 1.29787 2.5
    endloop
  endfacet
  facet normal -0 0 1
    outer loop
      vertex -12.1184 -1.50515 2.5
      vertex -9.47831 -3.28 2.5
      vertex -12.0083 -1.29787 2.5
    endloop
  endfacet
  facet normal 0 0 1
    outer loop
      vertex -9.47831 -3.28 2.5
      vertex -12.1184 -1.50515 2.5
      vertex -9.74748 -3.57283 2.5
    endloop
  endfacet
  facet normal -0 0 1
    outer loop
      vertex -12.2447 -1.70829 2.5
      vertex -9.74748 -3.57283 2.5
      vertex -12.1184 -1.50515 2.5
    endloop
  endfacet
  facet normal 0 0 1
    outer loop
      vertex -9.74748 -3.57283 2.5
      vertex -12.2447 -1.70829 2.5
      vertex -10.0393 -3.85587 2.5
    endloop
  endfacet
  facet normal -0 0 1
    outer loop
      vertex -12.3867 -1.90676 2.5
      vertex -10.0393 -3.85587 2.5
      vertex -12.2447 -1.70829 2.5
    endloop
  endfacet
  facet normal 0 0 1
    outer loop
      vertex -10.0393 -3.85587 2.5
      vertex -12.3867 -1.90676 2.5
      vertex -10.3529 -4.12834 2.5
    endloop
  endfacet
  facet normal -0 0 1
    outer loop
      vertex -12.544 -2.1 2.5
      vertex -10.3529 -4.12834 2.5
      vertex -12.3867 -1.90676 2.5
    endloop
  endfacet
  facet normal 0 0 1
    outer loop
      vertex -10.3529 -4.12834 2.5
      vertex -12.544 -2.1 2.5
      vertex -10.6875 -4.3895 2.5
    endloop
  endfacet
  facet normal -0 0 1
    outer loop
      vertex -12.7164 -2.28748 2.5
      vertex -10.6875 -4.3895 2.5
      vertex -12.544 -2.1 2.5
    endloop
  endfacet
  facet normal 0 0 1
    outer loop
      vertex -10.6875 -4.3895 2.5
      vertex -12.7164 -2.28748 2.5
      vertex -11.0421 -4.63862 2.5
    endloop
  endfacet
  facet normal -0 0 1
    outer loop
      vertex -12.9032 -2.4687 2.5
      vertex -11.0421 -4.63862 2.5
      vertex -12.7164 -2.28748 2.5
    endloop
  endfacet
  facet normal 0 0 1
    outer loop
      vertex -11.0421 -4.63862 2.5
      vertex -12.9032 -2.4687 2.5
      vertex -11.4158 -4.87503 2.5
    endloop
  endfacet
  facet normal -0 0 1
    outer loop
      vertex -13.104 -2.64315 2.5
      vertex -11.4158 -4.87503 2.5
      vertex -12.9032 -2.4687 2.5
    endloop
  endfacet
  facet normal 0 0 1
    outer loop
      vertex -11.4158 -4.87503 2.5
      vertex -13.104 -2.64315 2.5
      vertex -11.8075 -5.09808 2.5
    endloop
  endfacet
  facet normal -0 0 1
    outer loop
      vertex -13.3182 -2.81035 2.5
      vertex -11.8075 -5.09808 2.5
      vertex -13.104 -2.64315 2.5
    endloop
  endfacet
  facet normal 0 0 1
    outer loop
      vertex -11.8075 -5.09808 2.5
      vertex -13.3182 -2.81035 2.5
      vertex -12.2162 -5.30715 2.5
    endloop
  endfacet
  facet normal -0 0 1
    outer loop
      vertex -13.5452 -2.96985 2.5
      vertex -12.2162 -5.30715 2.5
      vertex -13.3182 -2.81035 2.5
    endloop
  endfacet
  facet normal -0 0 1
    outer loop
      vertex -13.7845 -3.12121 2.5
      vertex -12.2162 -5.30715 2.5
      vertex -13.5452 -2.96985 2.5
    endloop
  endfacet
  facet normal 0 0 1
    outer loop
      vertex -12.2162 -5.30715 2.5
      vertex -13.7845 -3.12121 2.5
      vertex -12.6408 -5.50168 2.5
    endloop
  endfacet
  facet normal -0 0 1
    outer loop
      vertex -14.0353 -3.26401 2.5
      vertex -12.6408 -5.50168 2.5
      vertex -13.7845 -3.12121 2.5
    endloop
  endfacet
  facet normal 0 0 1
    outer loop
      vertex -12.6408 -5.50168 2.5
      vertex -14.0353 -3.26401 2.5
      vertex -13.08 -5.68113 2.5
    endloop
  endfacet
  facet normal -0 0 1
    outer loop
      vertex -14.297 -3.39787 2.5
      vertex -13.08 -5.68113 2.5
      vertex -14.0353 -3.26401 2.5
    endloop
  endfacet
  facet normal 0 0 1
    outer loop
      vertex -13.08 -5.68113 2.5
      vertex -14.297 -3.39787 2.5
      vertex -13.5327 -5.845 2.5
    endloop
  endfacet
  facet normal -0 0 1
    outer loop
      vertex -14.5688 -3.52242 2.5
      vertex -13.5327 -5.845 2.5
      vertex -14.297 -3.39787 2.5
    endloop
  endfacet
  facet normal 0 0 1
    outer loop
      vertex -13.5327 -5.845 2.5
      vertex -14.5688 -3.52242 2.5
      vertex -13.9977 -5.99286 2.5
    endloop
  endfacet
  facet normal -0 0 1
    outer loop
      vertex -14.85 -3.63731 2.5
      vertex -13.9977 -5.99286 2.5
      vertex -14.5688 -3.52242 2.5
    endloop
  endfacet
  facet normal 0 0 1
    outer loop
      vertex -13.9977 -5.99286 2.5
      vertex -14.85 -3.63731 2.5
      vertex -14.4737 -6.12429 2.5
    endloop
  endfacet
  facet normal -0 0 1
    outer loop
      vertex -15.1399 -3.74223 2.5
      vertex -14.4737 -6.12429 2.5
      vertex -14.85 -3.63731 2.5
    endloop
  endfacet
  facet normal -0 0 1
    outer loop
      vertex -15.4376 -3.83689 2.5
      vertex -14.4737 -6.12429 2.5
      vertex -15.1399 -3.74223 2.5
    endloop
  endfacet
  facet normal 0 0 1
    outer loop
      vertex -14.4737 -6.12429 2.5
      vertex -15.4376 -3.83689 2.5
      vertex -14.9593 -6.23893 2.5
    endloop
  endfacet
  facet normal -0 0 1
    outer loop
      vertex -15.7423 -3.92104 2.5
      vertex -14.9593 -6.23893 2.5
      vertex -15.4376 -3.83689 2.5
    endloop
  endfacet
  facet normal 0 0 1
    outer loop
      vertex -14.9593 -6.23893 2.5
      vertex -15.7423 -3.92104 2.5
      vertex -15.4532 -6.33647 2.5
    endloop
  endfacet
  facet normal -0 0 1
    outer loop
      vertex -16.0532 -3.99444 2.5
      vertex -15.4532 -6.33647 2.5
      vertex -15.7423 -3.92104 2.5
    endloop
  endfacet
  facet normal 0 0 1
    outer loop
      vertex -15.4532 -6.33647 2.5
      vertex -16.0532 -3.99444 2.5
      vertex -15.9541 -6.41665 2.5
    endloop
  endfacet
  facet normal -0 0 1
    outer loop
      vertex -16.3694 -4.05689 2.5
      vertex -15.9541 -6.41665 2.5
      vertex -16.0532 -3.99444 2.5
    endloop
  endfacet
  facet normal -0 0 1
    outer loop
      vertex -16.6902 -4.10822 2.5
      vertex -15.9541 -6.41665 2.5
      vertex -16.3694 -4.05689 2.5
    endloop
  endfacet
  facet normal 0 0 1
    outer loop
      vertex -15.9541 -6.41665 2.5
      vertex -16.6902 -4.10822 2.5
      vertex -16.4607 -6.47923 2.5
    endloop
  endfacet
  facet normal -0 0 1
    outer loop
      vertex -17.0145 -4.14829 2.5
      vertex -16.4607 -6.47923 2.5
      vertex -16.6902 -4.10822 2.5
    endloop
  endfacet
  facet normal 0 0 1
    outer loop
      vertex -16.4607 -6.47923 2.5
      vertex -17.0145 -4.14829 2.5
      vertex -16.9714 -6.52406 2.5
    endloop
  endfacet
  facet normal -0 0 1
    outer loop
      vertex -17.3415 -4.17699 2.5
      vertex -16.9714 -6.52406 2.5
      vertex -17.0145 -4.14829 2.5
    endloop
  endfacet
  facet normal 0 0 1
    outer loop
      vertex -17.3415 -4.17699 2.5
      vertex -17.485 -6.55101 2.5
      vertex -16.9714 -6.52406 2.5
    endloop
  endfacet
  facet normal -0 0 1
    outer loop
      vertex -17.6703 -4.19424 2.5
      vertex -17.485 -6.55101 2.5
      vertex -17.3415 -4.17699 2.5
    endloop
  endfacet
  facet normal 0 0 1
    outer loop
      vertex -18 -6.56 2.5
      vertex -17.6703 -4.19424 2.5
      vertex -18 -4.2 2.5
    endloop
  endfacet
  facet normal 0 0 1
    outer loop
      vertex -17.6703 -4.19424 2.5
      vertex -18 -6.56 2.5
      vertex -17.485 -6.55101 2.5
    endloop
  endfacet
  facet normal 0 0 1
    outer loop
      vertex -18.3297 -4.19424 2.5
      vertex -18 -6.56 2.5
      vertex -18 -4.2 2.5
    endloop
  endfacet
  facet normal 0 0 1
    outer loop
      vertex -18.3297 -4.19424 2.5
      vertex -18.515 -6.55101 2.5
      vertex -18 -6.56 2.5
    endloop
  endfacet
  facet normal 0 0 1
    outer loop
      vertex -18.6585 -4.17699 2.5
      vertex -18.515 -6.55101 2.5
      vertex -18.3297 -4.19424 2.5
    endloop
  endfacet
  facet normal 0 0 1
    outer loop
      vertex -19.0286 -6.52406 2.5
      vertex -18.6585 -4.17699 2.5
      vertex -18.9855 -4.14829 2.5
    endloop
  endfacet
  facet normal 0 0 1
    outer loop
      vertex -18.6585 -4.17699 2.5
      vertex -19.0286 -6.52406 2.5
      vertex -18.515 -6.55101 2.5
    endloop
  endfacet
  facet normal 0 0 1
    outer loop
      vertex -19.5393 -6.47923 2.5
      vertex -18.9855 -4.14829 2.5
      vertex -19.3098 -4.10822 2.5
    endloop
  endfacet
  facet normal 0 0 1
    outer loop
      vertex -18.9855 -4.14829 2.5
      vertex -19.5393 -6.47923 2.5
      vertex -19.0286 -6.52406 2.5
    endloop
  endfacet
  facet normal 0 0 1
    outer loop
      vertex -20.0459 -6.41665 2.5
      vertex -19.3098 -4.10822 2.5
      vertex -19.6306 -4.05689 2.5
    endloop
  endfacet
  facet normal 0 0 1
    outer loop
      vertex -20.0459 -6.41665 2.5
      vertex -19.6306 -4.05689 2.5
      vertex -19.9468 -3.99444 2.5
    endloop
  endfacet
  facet normal 0 0 1
    outer loop
      vertex -19.3098 -4.10822 2.5
      vertex -20.0459 -6.41665 2.5
      vertex -19.5393 -6.47923 2.5
    endloop
  endfacet
  facet normal 0 0 1
    outer loop
      vertex -20.5468 -6.33647 2.5
      vertex -19.9468 -3.99444 2.5
      vertex -20.2577 -3.92104 2.5
    endloop
  endfacet
  facet normal 0 0 1
    outer loop
      vertex -19.9468 -3.99444 2.5
      vertex -20.5468 -6.33647 2.5
      vertex -20.0459 -6.41665 2.5
    endloop
  endfacet
  facet normal 0 0 1
    outer loop
      vertex -21.0407 -6.23893 2.5
      vertex -20.2577 -3.92104 2.5
      vertex -20.5624 -3.83689 2.5
    endloop
  endfacet
  facet normal 0 0 1
    outer loop
      vertex -21.5263 -6.12429 2.5
      vertex -20.5624 -3.83689 2.5
      vertex -20.8601 -3.74223 2.5
    endloop
  endfacet
  facet normal 0 0 1
    outer loop
      vertex -20.2577 -3.92104 2.5
      vertex -21.0407 -6.23893 2.5
      vertex -20.5468 -6.33647 2.5
    endloop
  endfacet
  facet normal 0 0 1
    outer loop
      vertex -21.5263 -6.12429 2.5
      vertex -20.8601 -3.74223 2.5
      vertex -21.15 -3.63731 2.5
    endloop
  endfacet
  facet normal 0 0 1
    outer loop
      vertex -22.0023 -5.99286 2.5
      vertex -21.15 -3.63731 2.5
      vertex -21.4312 -3.52242 2.5
    endloop
  endfacet
  facet normal 0 0 1
    outer loop
      vertex -20.5624 -3.83689 2.5
      vertex -21.5263 -6.12429 2.5
      vertex -21.0407 -6.23893 2.5
    endloop
  endfacet
  facet normal 0 0 1
    outer loop
      vertex -22.4673 -5.845 2.5
      vertex -21.4312 -3.52242 2.5
      vertex -21.703 -3.39787 2.5
    endloop
  endfacet
  facet normal 0 0 1
    outer loop
      vertex -22.92 -5.68113 2.5
      vertex -21.703 -3.39787 2.5
      vertex -21.9647 -3.26401 2.5
    endloop
  endfacet
  facet normal 0 0 1
    outer loop
      vertex -21.15 -3.63731 2.5
      vertex -22.0023 -5.99286 2.5
      vertex -21.5263 -6.12429 2.5
    endloop
  endfacet
  facet normal 0 0 1
    outer loop
      vertex -23.3592 -5.50168 2.5
      vertex -21.9647 -3.26401 2.5
      vertex -22.2155 -3.12121 2.5
    endloop
  endfacet
  facet normal 0 0 1
    outer loop
      vertex -23.7838 -5.30715 2.5
      vertex -22.2155 -3.12121 2.5
      vertex -22.4548 -2.96985 2.5
    endloop
  endfacet
  facet normal 0 0 1
    outer loop
      vertex -21.4312 -3.52242 2.5
      vertex -22.4673 -5.845 2.5
      vertex -22.0023 -5.99286 2.5
    endloop
  endfacet
  facet normal 0 0 1
    outer loop
      vertex -23.7838 -5.30715 2.5
      vertex -22.4548 -2.96985 2.5
      vertex -22.6818 -2.81035 2.5
    endloop
  endfacet
  facet normal 0 0 1
    outer loop
      vertex -24.1925 -5.09808 2.5
      vertex -22.6818 -2.81035 2.5
      vertex -22.896 -2.64315 2.5
    endloop
  endfacet
  facet normal 0 0 1
    outer loop
      vertex -21.703 -3.39787 2.5
      vertex -22.92 -5.68113 2.5
      vertex -22.4673 -5.845 2.5
    endloop
  endfacet
  facet normal 0 0 1
    outer loop
      vertex -24.5842 -4.87503 2.5
      vertex -22.896 -2.64315 2.5
      vertex -23.0968 -2.4687 2.5
    endloop
  endfacet
  facet normal 0 0 1
    outer loop
      vertex -24.9579 -4.63862 2.5
      vertex -23.0968 -2.4687 2.5
      vertex -23.2836 -2.28748 2.5
    endloop
  endfacet
  facet normal 0 0 1
    outer loop
      vertex -21.9647 -3.26401 2.5
      vertex -23.3592 -5.50168 2.5
      vertex -22.92 -5.68113 2.5
    endloop
  endfacet
  facet normal 0 0 1
    outer loop
      vertex -25.3125 -4.3895 2.5
      vertex -23.2836 -2.28748 2.5
      vertex -23.456 -2.1 2.5
    endloop
  endfacet
  facet normal 0 0 1
    outer loop
      vertex -25.6471 -4.12834 2.5
      vertex -23.456 -2.1 2.5
      vertex -23.6133 -1.90676 2.5
    endloop
  endfacet
  facet normal 0 0 1
    outer loop
      vertex -25.9607 -3.85587 2.5
      vertex -23.6133 -1.90676 2.5
      vertex -23.7553 -1.70829 2.5
    endloop
  endfacet
  facet normal 0 0 1
    outer loop
      vertex -22.2155 -3.12121 2.5
      vertex -23.7838 -5.30715 2.5
      vertex -23.3592 -5.50168 2.5
    endloop
  endfacet
  facet normal 0 0 1
    outer loop
      vertex -26.2525 -3.57283 2.5
      vertex -23.7553 -1.70829 2.5
      vertex -23.8816 -1.50515 2.5
    endloop
  endfacet
  facet normal 0 0 1
    outer loop
      vertex -26.5217 -3.28 2.5
      vertex -23.8816 -1.50515 2.5
      vertex -23.9917 -1.29787 2.5
    endloop
  endfacet
  facet normal 0 0 1
    outer loop
      vertex -26.7675 -2.97818 2.5
      vertex -23.9917 -1.29787 2.5
      vertex -24.0853 -1.08704 2.5
    endloop
  endfacet
  facet normal 0 0 1
    outer loop
      vertex -27.1864 -2.35089 2.5
      vertex -24.0853 -1.08704 2.5
      vertex -24.1623 -0.873229 2.5
    endloop
  endfacet
  facet normal 0 0 1
    outer loop
      vertex -22.6818 -2.81035 2.5
      vertex -24.1925 -5.09808 2.5
      vertex -23.7838 -5.30715 2.5
    endloop
  endfacet
  facet normal 0 0 1
    outer loop
      vertex -27.3584 -2.02715 2.5
      vertex -24.1623 -0.873229 2.5
      vertex -24.2224 -0.657024 2.5
    endloop
  endfacet
  facet normal 0 0 1
    outer loop
      vertex -27.625 -1.3639 2.5
      vertex -24.2224 -0.657024 2.5
      vertex -24.2655 -0.439019 2.5
    endloop
  endfacet
  facet normal 0 0 1
    outer loop
      vertex -27.7189 -1.02621 2.5
      vertex -24.2655 -0.439019 2.5
      vertex -24.2914 -0.21981 2.5
    endloop
  endfacet
  facet normal 0 0 1
    outer loop
      vertex -27.8265 -0.343324 2.5
      vertex -24.2914 -0.21981 2.5
      vertex -24.3 0 2.5
    endloop
  endfacet
  facet normal -0 0 1
    outer loop
      vertex -26.7675 2.97818 2.5
      vertex -23.9917 1.29787 2.5
      vertex -26.5217 3.28 2.5
    endloop
  endfacet
  facet normal 0 0 1
    outer loop
      vertex -22.896 -2.64315 2.5
      vertex -24.5842 -4.87503 2.5
      vertex -24.1925 -5.09808 2.5
    endloop
  endfacet
  facet normal 0 0 1
    outer loop
      vertex -23.9917 1.29787 2.5
      vertex -26.7675 2.97818 2.5
      vertex -24.0853 1.08704 2.5
    endloop
  endfacet
  facet normal 0 0 1
    outer loop
      vertex -23.0968 -2.4687 2.5
      vertex -24.9579 -4.63862 2.5
      vertex -24.5842 -4.87503 2.5
    endloop
  endfacet
  facet normal -0 0 1
    outer loop
      vertex -26.9893 2.66819 2.5
      vertex -24.0853 1.08704 2.5
      vertex -26.7675 2.97818 2.5
    endloop
  endfacet
  facet normal 0 0 1
    outer loop
      vertex -23.2836 -2.28748 2.5
      vertex -25.3125 -4.3895 2.5
      vertex -24.9579 -4.63862 2.5
    endloop
  endfacet
  facet normal -0 0 1
    outer loop
      vertex -27.1864 2.35089 2.5
      vertex -24.0853 1.08704 2.5
      vertex -26.9893 2.66819 2.5
    endloop
  endfacet
  facet normal 0 0 1
    outer loop
      vertex -23.456 -2.1 2.5
      vertex -25.6471 -4.12834 2.5
      vertex -25.3125 -4.3895 2.5
    endloop
  endfacet
  facet normal 0 0 1
    outer loop
      vertex -24.0853 1.08704 2.5
      vertex -27.1864 2.35089 2.5
      vertex -24.1623 0.873229 2.5
    endloop
  endfacet
  facet normal 0 0 1
    outer loop
      vertex -23.6133 -1.90676 2.5
      vertex -25.9607 -3.85587 2.5
      vertex -25.6471 -4.12834 2.5
    endloop
  endfacet
  facet normal -0 0 1
    outer loop
      vertex -27.3584 2.02715 2.5
      vertex -24.1623 0.873229 2.5
      vertex -27.1864 2.35089 2.5
    endloop
  endfacet
  facet normal 0 0 1
    outer loop
      vertex -23.7553 -1.70829 2.5
      vertex -26.2525 -3.57283 2.5
      vertex -25.9607 -3.85587 2.5
    endloop
  endfacet
  facet normal 0 0 1
    outer loop
      vertex -24.1623 0.873229 2.5
      vertex -27.3584 2.02715 2.5
      vertex -24.2224 0.657024 2.5
    endloop
  endfacet
  facet normal 0 0 1
    outer loop
      vertex -23.8816 -1.50515 2.5
      vertex -26.5217 -3.28 2.5
      vertex -26.2525 -3.57283 2.5
    endloop
  endfacet
  facet normal -0 0 1
    outer loop
      vertex -27.5047 1.69785 2.5
      vertex -24.2224 0.657024 2.5
      vertex -27.3584 2.02715 2.5
    endloop
  endfacet
  facet normal 0 0 1
    outer loop
      vertex -23.9917 -1.29787 2.5
      vertex -26.7675 -2.97818 2.5
      vertex -26.5217 -3.28 2.5
    endloop
  endfacet
  facet normal -0 0 1
    outer loop
      vertex -27.625 1.3639 2.5
      vertex -24.2224 0.657024 2.5
      vertex -27.5047 1.69785 2.5
    endloop
  endfacet
  facet normal 0 0 1
    outer loop
      vertex -24.0853 -1.08704 2.5
      vertex -26.9893 -2.66819 2.5
      vertex -26.7675 -2.97818 2.5
    endloop
  endfacet
  facet normal 0 0 1
    outer loop
      vertex -24.2224 0.657024 2.5
      vertex -27.625 1.3639 2.5
      vertex -24.2655 0.439019 2.5
    endloop
  endfacet
  facet normal 0 0 1
    outer loop
      vertex -24.0853 -1.08704 2.5
      vertex -27.1864 -2.35089 2.5
      vertex -26.9893 -2.66819 2.5
    endloop
  endfacet
  facet normal -0 0 1
    outer loop
      vertex -27.7189 1.02621 2.5
      vertex -24.2655 0.439019 2.5
      vertex -27.625 1.3639 2.5
    endloop
  endfacet
  facet normal 0 0 1
    outer loop
      vertex -24.1623 -0.873229 2.5
      vertex -27.3584 -2.02715 2.5
      vertex -27.1864 -2.35089 2.5
    endloop
  endfacet
  facet normal 0 0 1
    outer loop
      vertex -24.2655 0.439019 2.5
      vertex -27.7189 1.02621 2.5
      vertex -24.2914 0.21981 2.5
    endloop
  endfacet
  facet normal 0 0 1
    outer loop
      vertex -24.2224 -0.657024 2.5
      vertex -27.5047 -1.69785 2.5
      vertex -27.3584 -2.02715 2.5
    endloop
  endfacet
  facet normal -0 0 1
    outer loop
      vertex -27.7861 0.685706 2.5
      vertex -24.2914 0.21981 2.5
      vertex -27.7189 1.02621 2.5
    endloop
  endfacet
  facet normal 0 0 1
    outer loop
      vertex -24.2224 -0.657024 2.5
      vertex -27.625 -1.3639 2.5
      vertex -27.5047 -1.69785 2.5
    endloop
  endfacet
  facet normal -0 0 1
    outer loop
      vertex -27.8265 0.343324 2.5
      vertex -24.2914 0.21981 2.5
      vertex -27.7861 0.685706 2.5
    endloop
  endfacet
  facet normal 0 0 1
    outer loop
      vertex -24.2655 -0.439019 2.5
      vertex -27.7189 -1.02621 2.5
      vertex -27.625 -1.3639 2.5
    endloop
  endfacet
  facet normal 0 0 1
    outer loop
      vertex -24.2914 0.21981 2.5
      vertex -27.8265 0.343324 2.5
      vertex -24.3 0 2.5
    endloop
  endfacet
  facet normal 0 0 1
    outer loop
      vertex -24.2914 -0.21981 2.5
      vertex -27.7861 -0.685706 2.5
      vertex -27.7189 -1.02621 2.5
    endloop
  endfacet
  facet normal 0 0 1
    outer loop
      vertex -27.84 0 2.5
      vertex -24.3 0 2.5
      vertex -27.8265 0.343324 2.5
    endloop
  endfacet
  facet normal 0 0 1
    outer loop
      vertex -24.2914 -0.21981 2.5
      vertex -27.8265 -0.343324 2.5
      vertex -27.7861 -0.685706 2.5
    endloop
  endfacet
  facet normal 0 0 1
    outer loop
      vertex -24.3 0 2.5
      vertex -27.84 0 2.5
      vertex -27.8265 -0.343324 2.5
    endloop
  endfacet
  facet normal -0.813263 0.581896 0
    outer loop
      vertex -26.9893 2.66819 0
      vertex -26.7675 2.97818 2.5
      vertex -26.7675 2.97818 0
    endloop
  endfacet
  facet normal -0.813263 0.581896 0
    outer loop
      vertex -26.7675 2.97818 2.5
      vertex -26.9893 2.66819 0
      vertex -26.9893 2.66819 2.5
    endloop
  endfacet
  facet normal -0.303028 0.952982 0
    outer loop
      vertex -22.0023 5.99286 0
      vertex -22.4673 5.845 2.5
      vertex -22.0023 5.99286 2.5
    endloop
  endfacet
  facet normal -0.303028 0.952982 0
    outer loop
      vertex -22.4673 5.845 2.5
      vertex -22.0023 5.99286 0
      vertex -22.4673 5.845 0
    endloop
  endfacet
  facet normal -0.849241 -0.528006 0
    outer loop
      vertex -12.1184 1.50515 1.3
      vertex -12.2447 1.70829 2.5
      vertex -12.2447 1.70829 1.3
    endloop
  endfacet
  facet normal -0.849241 -0.528006 0
    outer loop
      vertex -12.2447 1.70829 2.5
      vertex -12.1184 1.50515 1.3
      vertex -12.1184 1.50515 2.5
    endloop
  endfacet
  facet normal -0.993092 -0.117336 0
    outer loop
      vertex -11.7086 0.21981 1.3
      vertex -11.7345 0.439019 2.5
      vertex -11.7345 0.439019 1.3
    endloop
  endfacet
  facet normal -0.993092 -0.117336 0
    outer loop
      vertex -11.7345 0.439019 2.5
      vertex -11.7086 0.21981 1.3
      vertex -11.7086 0.21981 2.5
    endloop
  endfacet
  facet normal -0.999236 -0.0390948 0
    outer loop
      vertex -11.7 0 1.3
      vertex -11.7086 0.21981 2.5
      vertex -11.7086 0.21981 1.3
    endloop
  endfacet
  facet normal -0.999236 -0.0390948 0
    outer loop
      vertex -11.7086 0.21981 2.5
      vertex -11.7 0 1.3
      vertex -11.7 0 2.5
    endloop
  endfacet
  facet normal 0.494795 -0.86901 0
    outer loop
      vertex -22.2155 3.12121 1.3
      vertex -21.9647 3.26401 2.5
      vertex -22.2155 3.12121 2.5
    endloop
  endfacet
  facet normal 0.494795 -0.86901 0
    outer loop
      vertex -21.9647 3.26401 2.5
      vertex -22.2155 3.12121 1.3
      vertex -21.9647 3.26401 1.3
    endloop
  endfacet
  facet normal -0.266208 -0.963916 0
    outer loop
      vertex -15.7423 3.92104 1.3
      vertex -15.4376 3.83689 2.5
      vertex -15.7423 3.92104 2.5
    endloop
  endfacet
  facet normal -0.266208 -0.963916 -0
    outer loop
      vertex -15.4376 3.83689 2.5
      vertex -15.7423 3.92104 1.3
      vertex -15.4376 3.83689 1.3
    endloop
  endfacet
  facet normal 0.416586 -0.909096 0
    outer loop
      vertex -21.703 3.39787 1.3
      vertex -21.4312 3.52242 2.5
      vertex -21.703 3.39787 2.5
    endloop
  endfacet
  facet normal 0.416586 -0.909096 0
    outer loop
      vertex -21.4312 3.52242 2.5
      vertex -21.703 3.39787 1.3
      vertex -21.4312 3.52242 1.3
    endloop
  endfacet
  facet normal 0.913976 0.405768 0
    outer loop
      vertex -23.9917 -1.29787 2.5
      vertex -24.0853 -1.08704 1.3
      vertex -24.0853 -1.08704 2.5
    endloop
  endfacet
  facet normal 0.913976 0.405768 0
    outer loop
      vertex -24.0853 -1.08704 1.3
      vertex -23.9917 -1.29787 2.5
      vertex -23.9917 -1.29787 1.3
    endloop
  endfacet
  facet normal 0.455387 0.890294 -0
    outer loop
      vertex -21.703 -3.39787 1.3
      vertex -21.9647 -3.26401 2.5
      vertex -21.703 -3.39787 2.5
    endloop
  endfacet
  facet normal 0.455387 0.890294 0
    outer loop
      vertex -21.9647 -3.26401 2.5
      vertex -21.703 -3.39787 1.3
      vertex -21.9647 -3.26401 1.3
    endloop
  endfacet
  facet normal 0.574913 0.818215 -0
    outer loop
      vertex -22.4548 -2.96985 1.3
      vertex -22.6818 -2.81035 2.5
      vertex -22.4548 -2.96985 2.5
    endloop
  endfacet
  facet normal 0.574913 0.818215 0
    outer loop
      vertex -22.6818 -2.81035 2.5
      vertex -22.4548 -2.96985 1.3
      vertex -22.6818 -2.81035 1.3
    endloop
  endfacet
  facet normal -0.981012 0.193948 0
    outer loop
      vertex -11.7776 -0.657024 1.3
      vertex -11.7345 -0.439019 2.5
      vertex -11.7345 -0.439019 1.3
    endloop
  endfacet
  facet normal -0.981012 0.193948 0
    outer loop
      vertex -11.7345 -0.439019 2.5
      vertex -11.7776 -0.657024 1.3
      vertex -11.7776 -0.657024 2.5
    endloop
  endfacet
  facet normal 0.0874315 -0.996171 0
    outer loop
      vertex -18.9855 4.14829 1.3
      vertex -18.6585 4.17699 2.5
      vertex -18.9855 4.14829 2.5
    endloop
  endfacet
  facet normal 0.0874315 -0.996171 0
    outer loop
      vertex -18.6585 4.17699 2.5
      vertex -18.9855 4.14829 1.3
      vertex -18.6585 4.17699 1.3
    endloop
  endfacet
  facet normal -0.0523915 0.998627 0
    outer loop
      vertex -17.3415 -4.17699 1.3
      vertex -17.6703 -4.19424 2.5
      vertex -17.3415 -4.17699 2.5
    endloop
  endfacet
  facet normal -0.0523915 0.998627 0
    outer loop
      vertex -17.6703 -4.19424 2.5
      vertex -17.3415 -4.17699 1.3
      vertex -17.6703 -4.19424 1.3
    endloop
  endfacet
  facet normal -0.913976 0.405768 0
    outer loop
      vertex -12.0083 -1.29787 1.3
      vertex -11.9147 -1.08704 2.5
      vertex -11.9147 -1.08704 1.3
    endloop
  endfacet
  facet normal -0.913976 0.405768 0
    outer loop
      vertex -11.9147 -1.08704 2.5
      vertex -12.0083 -1.29787 1.3
      vertex -12.0083 -1.29787 2.5
    endloop
  endfacet
  facet normal 0.229772 -0.973244 0
    outer loop
      vertex -20.2577 3.92104 1.3
      vertex -19.9468 3.99444 2.5
      vertex -20.2577 3.92104 2.5
    endloop
  endfacet
  facet normal 0.229772 -0.973244 0
    outer loop
      vertex -19.9468 3.99444 2.5
      vertex -20.2577 3.92104 1.3
      vertex -19.9468 3.99444 1.3
    endloop
  endfacet
  facet normal -0.696305 0.717746 0
    outer loop
      vertex -12.7164 -2.28748 1.3
      vertex -12.9032 -2.4687 2.5
      vertex -12.7164 -2.28748 2.5
    endloop
  endfacet
  facet normal -0.696305 0.717746 0
    outer loop
      vertex -12.9032 -2.4687 2.5
      vertex -12.7164 -2.28748 1.3
      vertex -12.9032 -2.4687 1.3
    endloop
  endfacet
  facet normal -0.266208 0.963916 0
    outer loop
      vertex -15.4376 -3.83689 1.3
      vertex -15.7423 -3.92104 2.5
      vertex -15.4376 -3.83689 2.5
    endloop
  endfacet
  facet normal -0.266208 0.963916 0
    outer loop
      vertex -15.7423 -3.92104 2.5
      vertex -15.4376 -3.83689 1.3
      vertex -15.7423 -3.92104 1.3
    endloop
  endfacet
  facet normal 0.963468 0.267822 0
    outer loop
      vertex -24.1623 -0.873229 2.5
      vertex -24.2224 -0.657024 1.3
      vertex -24.2224 -0.657024 2.5
    endloop
  endfacet
  facet normal 0.963468 0.267822 0
    outer loop
      vertex -24.2224 -0.657024 1.3
      vertex -24.1623 -0.873229 2.5
      vertex -24.1623 -0.873229 1.3
    endloop
  endfacet
  facet normal -0.813276 -0.581878 0
    outer loop
      vertex -12.2447 1.70829 1.3
      vertex -12.3867 1.90676 2.5
      vertex -12.3867 1.90676 1.3
    endloop
  endfacet
  facet normal -0.813276 -0.581878 0
    outer loop
      vertex -12.3867 1.90676 2.5
      vertex -12.2447 1.70829 1.3
      vertex -12.2447 1.70829 2.5
    endloop
  endfacet
  facet normal 0.0523915 -0.998627 0
    outer loop
      vertex -18.6585 4.17699 1.3
      vertex -18.3297 4.19424 2.5
      vertex -18.6585 4.17699 2.5
    endloop
  endfacet
  facet normal 0.0523915 -0.998627 0
    outer loop
      vertex -18.3297 4.19424 2.5
      vertex -18.6585 4.17699 1.3
      vertex -18.3297 4.19424 1.3
    endloop
  endfacet
  facet normal -0.775539 0.631299 0
    outer loop
      vertex -12.544 -2.1 1.3
      vertex -12.3867 -1.90676 2.5
      vertex -12.3867 -1.90676 1.3
    endloop
  endfacet
  facet normal -0.775539 0.631299 0
    outer loop
      vertex -12.3867 -1.90676 2.5
      vertex -12.544 -2.1 1.3
      vertex -12.544 -2.1 2.5
    endloop
  endfacet
  facet normal -0.940848 0.338829 0
    outer loop
      vertex -11.9147 -1.08704 1.3
      vertex -11.8377 -0.873229 2.5
      vertex -11.8377 -0.873229 1.3
    endloop
  endfacet
  facet normal -0.940848 0.338829 0
    outer loop
      vertex -11.8377 -0.873229 2.5
      vertex -11.9147 -1.08704 1.3
      vertex -11.9147 -1.08704 2.5
    endloop
  endfacet
  facet normal 0.993092 -0.117336 0
    outer loop
      vertex -24.2914 0.21981 2.5
      vertex -24.2655 0.439019 1.3
      vertex -24.2655 0.439019 2.5
    endloop
  endfacet
  facet normal 0.993092 -0.117336 0
    outer loop
      vertex -24.2655 0.439019 1.3
      vertex -24.2914 0.21981 2.5
      vertex -24.2914 0.21981 1.3
    endloop
  endfacet
  facet normal -0.655839 -0.754901 0
    outer loop
      vertex -13.104 2.64315 1.3
      vertex -12.9032 2.4687 2.5
      vertex -13.104 2.64315 2.5
    endloop
  endfacet
  facet normal -0.655839 -0.754901 -0
    outer loop
      vertex -12.9032 2.4687 2.5
      vertex -13.104 2.64315 1.3
      vertex -12.9032 2.4687 1.3
    endloop
  endfacet
  facet normal 0.883147 0.469097 0
    outer loop
      vertex -23.8816 -1.50515 2.5
      vertex -23.9917 -1.29787 1.3
      vertex -23.9917 -1.29787 2.5
    endloop
  endfacet
  facet normal 0.883147 0.469097 0
    outer loop
      vertex -23.9917 -1.29787 1.3
      vertex -23.8816 -1.50515 2.5
      vertex -23.8816 -1.50515 1.3
    endloop
  endfacet
  facet normal 0.193759 0.981049 -0
    outer loop
      vertex -19.6306 -4.05689 1.3
      vertex -19.9468 -3.99444 2.5
      vertex -19.6306 -4.05689 2.5
    endloop
  endfacet
  facet normal 0.193759 0.981049 0
    outer loop
      vertex -19.9468 -3.99444 2.5
      vertex -19.6306 -4.05689 1.3
      vertex -19.9468 -3.99444 1.3
    endloop
  endfacet
  facet normal -0.340315 -0.940311 0
    outer loop
      vertex -15.1399 3.74223 1.3
      vertex -14.85 3.63731 2.5
      vertex -15.1399 3.74223 2.5
    endloop
  endfacet
  facet normal -0.340315 -0.940311 -0
    outer loop
      vertex -14.85 3.63731 2.5
      vertex -15.1399 3.74223 1.3
      vertex -14.85 3.63731 1.3
    endloop
  endfacet
  facet normal -0.940848 -0.338829 0
    outer loop
      vertex -11.8377 0.873229 1.3
      vertex -11.9147 1.08704 2.5
      vertex -11.9147 1.08704 1.3
    endloop
  endfacet
  facet normal -0.940848 -0.338829 0
    outer loop
      vertex -11.9147 1.08704 2.5
      vertex -11.8377 0.873229 1.3
      vertex -11.8377 0.873229 2.5
    endloop
  endfacet
  facet normal 0.574913 -0.818215 0
    outer loop
      vertex -22.6818 2.81035 1.3
      vertex -22.4548 2.96985 2.5
      vertex -22.6818 2.81035 2.5
    endloop
  endfacet
  facet normal 0.574913 -0.818215 0
    outer loop
      vertex -22.4548 2.96985 2.5
      vertex -22.6818 2.81035 1.3
      vertex -22.4548 2.96985 1.3
    endloop
  endfacet
  facet normal -0.37822 0.925716 0
    outer loop
      vertex -14.5688 -3.52242 1.3
      vertex -14.85 -3.63731 2.5
      vertex -14.5688 -3.52242 2.5
    endloop
  endfacet
  facet normal -0.37822 0.925716 0
    outer loop
      vertex -14.85 -3.63731 2.5
      vertex -14.5688 -3.52242 1.3
      vertex -14.85 -3.63731 1.3
    endloop
  endfacet
  facet normal 0.940848 0.338829 0
    outer loop
      vertex -24.0853 -1.08704 2.5
      vertex -24.1623 -0.873229 1.3
      vertex -24.1623 -0.873229 2.5
    endloop
  endfacet
  facet normal 0.940848 0.338829 0
    outer loop
      vertex -24.1623 -0.873229 1.3
      vertex -24.0853 -1.08704 2.5
      vertex -24.0853 -1.08704 1.3
    endloop
  endfacet
  facet normal -0.416586 -0.909096 0
    outer loop
      vertex -14.5688 3.52242 1.3
      vertex -14.297 3.39787 2.5
      vertex -14.5688 3.52242 2.5
    endloop
  endfacet
  facet normal -0.416586 -0.909096 -0
    outer loop
      vertex -14.297 3.39787 2.5
      vertex -14.5688 3.52242 1.3
      vertex -14.297 3.39787 1.3
    endloop
  endfacet
  facet normal 0.736091 -0.676883 0
    outer loop
      vertex -23.456 2.1 2.5
      vertex -23.2836 2.28748 1.3
      vertex -23.2836 2.28748 2.5
    endloop
  endfacet
  facet normal 0.736091 -0.676883 0
    outer loop
      vertex -23.2836 2.28748 1.3
      vertex -23.456 2.1 2.5
      vertex -23.456 2.1 1.3
    endloop
  endfacet
  facet normal -0.813276 0.581878 0
    outer loop
      vertex -12.3867 -1.90676 1.3
      vertex -12.2447 -1.70829 2.5
      vertex -12.2447 -1.70829 1.3
    endloop
  endfacet
  facet normal -0.813276 0.581878 0
    outer loop
      vertex -12.2447 -1.70829 2.5
      vertex -12.3867 -1.90676 1.3
      vertex -12.3867 -1.90676 2.5
    endloop
  endfacet
  facet normal -0.696305 -0.717746 0
    outer loop
      vertex -12.9032 2.4687 1.3
      vertex -12.7164 2.28748 2.5
      vertex -12.9032 2.4687 2.5
    endloop
  endfacet
  facet normal -0.696305 -0.717746 -0
    outer loop
      vertex -12.7164 2.28748 2.5
      vertex -12.9032 2.4687 1.3
      vertex -12.7164 2.28748 1.3
    endloop
  endfacet
  facet normal -0.0174678 -0.999847 0
    outer loop
      vertex -18 4.2 1.3
      vertex -17.6703 4.19424 2.5
      vertex -18 4.2 2.5
    endloop
  endfacet
  facet normal -0.0174678 -0.999847 -0
    outer loop
      vertex -17.6703 4.19424 2.5
      vertex -18 4.2 1.3
      vertex -17.6703 4.19424 1.3
    endloop
  endfacet
  facet normal -0.913976 -0.405768 0
    outer loop
      vertex -11.9147 1.08704 1.3
      vertex -12.0083 1.29787 2.5
      vertex -12.0083 1.29787 1.3
    endloop
  endfacet
  facet normal -0.913976 -0.405768 0
    outer loop
      vertex -12.0083 1.29787 2.5
      vertex -11.9147 1.08704 1.3
      vertex -11.9147 1.08704 2.5
    endloop
  endfacet
  facet normal -0.615315 -0.788281 0
    outer loop
      vertex -13.3182 2.81035 1.3
      vertex -13.104 2.64315 2.5
      vertex -13.3182 2.81035 2.5
    endloop
  endfacet
  facet normal -0.615315 -0.788281 -0
    outer loop
      vertex -13.104 2.64315 2.5
      vertex -13.3182 2.81035 1.3
      vertex -13.104 2.64315 1.3
    endloop
  endfacet
  facet normal 0.883147 -0.469097 0
    outer loop
      vertex -23.9917 1.29787 2.5
      vertex -23.8816 1.50515 1.3
      vertex -23.8816 1.50515 2.5
    endloop
  endfacet
  facet normal 0.883147 -0.469097 0
    outer loop
      vertex -23.8816 1.50515 1.3
      vertex -23.9917 1.29787 2.5
      vertex -23.9917 1.29787 1.3
    endloop
  endfacet
  facet normal -0.574913 -0.818215 0
    outer loop
      vertex -13.5452 2.96985 1.3
      vertex -13.3182 2.81035 2.5
      vertex -13.5452 2.96985 2.5
    endloop
  endfacet
  facet normal -0.574913 -0.818215 -0
    outer loop
      vertex -13.3182 2.81035 2.5
      vertex -13.5452 2.96985 1.3
      vertex -13.3182 2.81035 1.3
    endloop
  endfacet
  facet normal -0.963468 -0.267822 0
    outer loop
      vertex -11.7776 0.657024 1.3
      vertex -11.8377 0.873229 2.5
      vertex -11.8377 0.873229 1.3
    endloop
  endfacet
  facet normal -0.963468 -0.267822 0
    outer loop
      vertex -11.8377 0.873229 2.5
      vertex -11.7776 0.657024 1.3
      vertex -11.7776 0.657024 2.5
    endloop
  endfacet
  facet normal -0.303021 -0.952984 0
    outer loop
      vertex -15.4376 3.83689 1.3
      vertex -15.1399 3.74223 2.5
      vertex -15.4376 3.83689 2.5
    endloop
  endfacet
  facet normal -0.303021 -0.952984 -0
    outer loop
      vertex -15.1399 3.74223 2.5
      vertex -15.4376 3.83689 1.3
      vertex -15.1399 3.74223 1.3
    endloop
  endfacet
  facet normal 0.981012 -0.193948 0
    outer loop
      vertex -24.2655 0.439019 2.5
      vertex -24.2224 0.657024 1.3
      vertex -24.2224 0.657024 2.5
    endloop
  endfacet
  facet normal 0.981012 -0.193948 0
    outer loop
      vertex -24.2224 0.657024 1.3
      vertex -24.2655 0.439019 2.5
      vertex -24.2655 0.439019 1.3
    endloop
  endfacet
  facet normal -0.736091 -0.676883 0
    outer loop
      vertex -12.544 2.1 1.3
      vertex -12.7164 2.28748 2.5
      vertex -12.7164 2.28748 1.3
    endloop
  endfacet
  facet normal -0.736091 -0.676883 0
    outer loop
      vertex -12.7164 2.28748 2.5
      vertex -12.544 2.1 1.3
      vertex -12.544 2.1 2.5
    endloop
  endfacet
  facet normal -0.615315 0.788281 0
    outer loop
      vertex -13.104 -2.64315 1.3
      vertex -13.3182 -2.81035 2.5
      vertex -13.104 -2.64315 2.5
    endloop
  endfacet
  facet normal -0.615315 0.788281 0
    outer loop
      vertex -13.3182 -2.81035 2.5
      vertex -13.104 -2.64315 1.3
      vertex -13.3182 -2.81035 1.3
    endloop
  endfacet
  facet normal -0.0174678 0.999847 0
    outer loop
      vertex -17.6703 -4.19424 1.3
      vertex -18 -4.2 2.5
      vertex -17.6703 -4.19424 2.5
    endloop
  endfacet
  facet normal -0.0174678 0.999847 0
    outer loop
      vertex -18 -4.2 2.5
      vertex -17.6703 -4.19424 1.3
      vertex -18 -4.2 1.3
    endloop
  endfacet
  facet normal 0.655839 0.754901 -0
    outer loop
      vertex -22.896 -2.64315 1.3
      vertex -23.0968 -2.4687 2.5
      vertex -22.896 -2.64315 2.5
    endloop
  endfacet
  facet normal 0.655839 0.754901 0
    outer loop
      vertex -23.0968 -2.4687 2.5
      vertex -22.896 -2.64315 1.3
      vertex -23.0968 -2.4687 1.3
    endloop
  endfacet
  facet normal -0.37822 -0.925716 0
    outer loop
      vertex -14.85 3.63731 1.3
      vertex -14.5688 3.52242 2.5
      vertex -14.85 3.63731 2.5
    endloop
  endfacet
  facet normal -0.37822 -0.925716 -0
    outer loop
      vertex -14.5688 3.52242 2.5
      vertex -14.85 3.63731 1.3
      vertex -14.5688 3.52242 1.3
    endloop
  endfacet
  facet normal -0.736091 0.676883 0
    outer loop
      vertex -12.7164 -2.28748 1.3
      vertex -12.544 -2.1 2.5
      vertex -12.544 -2.1 1.3
    endloop
  endfacet
  facet normal -0.736091 0.676883 0
    outer loop
      vertex -12.544 -2.1 2.5
      vertex -12.7164 -2.28748 1.3
      vertex -12.7164 -2.28748 2.5
    endloop
  endfacet
  facet normal 0.193759 -0.981049 0
    outer loop
      vertex -19.9468 3.99444 1.3
      vertex -19.6306 4.05689 2.5
      vertex -19.9468 3.99444 2.5
    endloop
  endfacet
  facet normal 0.193759 -0.981049 0
    outer loop
      vertex -19.6306 4.05689 2.5
      vertex -19.9468 3.99444 1.3
      vertex -19.6306 4.05689 1.3
    endloop
  endfacet
  facet normal 0.455387 -0.890294 0
    outer loop
      vertex -21.9647 3.26401 1.3
      vertex -21.703 3.39787 2.5
      vertex -21.9647 3.26401 2.5
    endloop
  endfacet
  facet normal 0.455387 -0.890294 0
    outer loop
      vertex -21.703 3.39787 2.5
      vertex -21.9647 3.26401 1.3
      vertex -21.703 3.39787 1.3
    endloop
  endfacet
  facet normal -0.416586 0.909096 0
    outer loop
      vertex -14.297 -3.39787 1.3
      vertex -14.5688 -3.52242 2.5
      vertex -14.297 -3.39787 2.5
    endloop
  endfacet
  facet normal -0.416586 0.909096 0
    outer loop
      vertex -14.5688 -3.52242 2.5
      vertex -14.297 -3.39787 1.3
      vertex -14.5688 -3.52242 1.3
    endloop
  endfacet
  facet normal -0.655839 0.754901 0
    outer loop
      vertex -12.9032 -2.4687 1.3
      vertex -13.104 -2.64315 2.5
      vertex -12.9032 -2.4687 2.5
    endloop
  endfacet
  facet normal -0.655839 0.754901 0
    outer loop
      vertex -13.104 -2.64315 2.5
      vertex -12.9032 -2.4687 1.3
      vertex -13.104 -2.64315 1.3
    endloop
  endfacet
  facet normal -0.193759 0.981049 0
    outer loop
      vertex -16.0532 -3.99444 1.3
      vertex -16.3694 -4.05689 2.5
      vertex -16.0532 -3.99444 2.5
    endloop
  endfacet
  facet normal -0.193759 0.981049 0
    outer loop
      vertex -16.3694 -4.05689 2.5
      vertex -16.0532 -3.99444 1.3
      vertex -16.3694 -4.05689 1.3
    endloop
  endfacet
  facet normal -0.963468 0.267822 0
    outer loop
      vertex -11.8377 -0.873229 1.3
      vertex -11.7776 -0.657024 2.5
      vertex -11.7776 -0.657024 1.3
    endloop
  endfacet
  facet normal -0.963468 0.267822 0
    outer loop
      vertex -11.7776 -0.657024 2.5
      vertex -11.8377 -0.873229 1.3
      vertex -11.8377 -0.873229 2.5
    endloop
  endfacet
  facet normal 0.963468 -0.267822 0
    outer loop
      vertex -24.2224 0.657024 2.5
      vertex -24.1623 0.873229 1.3
      vertex -24.1623 0.873229 2.5
    endloop
  endfacet
  facet normal 0.963468 -0.267822 0
    outer loop
      vertex -24.1623 0.873229 1.3
      vertex -24.2224 0.657024 2.5
      vertex -24.2224 0.657024 1.3
    endloop
  endfacet
  facet normal -0.0874315 0.996171 0
    outer loop
      vertex -17.0145 -4.14829 1.3
      vertex -17.3415 -4.17699 2.5
      vertex -17.0145 -4.14829 2.5
    endloop
  endfacet
  facet normal -0.0874315 0.996171 0
    outer loop
      vertex -17.3415 -4.17699 2.5
      vertex -17.0145 -4.14829 1.3
      vertex -17.3415 -4.17699 1.3
    endloop
  endfacet
  facet normal -0.157997 -0.98744 0
    outer loop
      vertex -16.6902 4.10822 1.3
      vertex -16.3694 4.05689 2.5
      vertex -16.6902 4.10822 2.5
    endloop
  endfacet
  facet normal -0.157997 -0.98744 -0
    outer loop
      vertex -16.3694 4.05689 2.5
      vertex -16.6902 4.10822 1.3
      vertex -16.3694 4.05689 1.3
    endloop
  endfacet
  facet normal -0.340315 0.940311 0
    outer loop
      vertex -14.85 -3.63731 1.3
      vertex -15.1399 -3.74223 2.5
      vertex -14.85 -3.63731 2.5
    endloop
  endfacet
  facet normal -0.340315 0.940311 0
    outer loop
      vertex -15.1399 -3.74223 2.5
      vertex -14.85 -3.63731 1.3
      vertex -15.1399 -3.74223 1.3
    endloop
  endfacet
  facet normal 0.993092 0.117336 0
    outer loop
      vertex -24.2655 -0.439019 2.5
      vertex -24.2914 -0.21981 1.3
      vertex -24.2914 -0.21981 2.5
    endloop
  endfacet
  facet normal 0.993092 0.117336 0
    outer loop
      vertex -24.2914 -0.21981 1.3
      vertex -24.2655 -0.439019 2.5
      vertex -24.2655 -0.439019 1.3
    endloop
  endfacet
  facet normal 0.615315 0.788281 -0
    outer loop
      vertex -22.6818 -2.81035 1.3
      vertex -22.896 -2.64315 2.5
      vertex -22.6818 -2.81035 2.5
    endloop
  endfacet
  facet normal 0.615315 0.788281 0
    outer loop
      vertex -22.896 -2.64315 2.5
      vertex -22.6818 -2.81035 1.3
      vertex -22.896 -2.64315 1.3
    endloop
  endfacet
  facet normal 0.999236 0.0390948 0
    outer loop
      vertex -24.2914 -0.21981 2.5
      vertex -24.3 0 1.3
      vertex -24.3 0 2.5
    endloop
  endfacet
  facet normal 0.999236 0.0390948 0
    outer loop
      vertex -24.3 0 1.3
      vertex -24.2914 -0.21981 2.5
      vertex -24.2914 -0.21981 1.3
    endloop
  endfacet
  facet normal 0.0874315 0.996171 -0
    outer loop
      vertex -18.6585 -4.17699 1.3
      vertex -18.9855 -4.14829 2.5
      vertex -18.6585 -4.17699 2.5
    endloop
  endfacet
  facet normal 0.0874315 0.996171 0
    outer loop
      vertex -18.9855 -4.14829 2.5
      vertex -18.6585 -4.17699 1.3
      vertex -18.9855 -4.14829 1.3
    endloop
  endfacet
  facet normal -0.993092 0.117336 0
    outer loop
      vertex -11.7345 -0.439019 1.3
      vertex -11.7086 -0.21981 2.5
      vertex -11.7086 -0.21981 1.3
    endloop
  endfacet
  facet normal -0.993092 0.117336 0
    outer loop
      vertex -11.7086 -0.21981 2.5
      vertex -11.7345 -0.439019 1.3
      vertex -11.7345 -0.439019 2.5
    endloop
  endfacet
  facet normal -0.455387 -0.890294 0
    outer loop
      vertex -14.297 3.39787 1.3
      vertex -14.0353 3.26401 2.5
      vertex -14.297 3.39787 2.5
    endloop
  endfacet
  facet normal -0.455387 -0.890294 -0
    outer loop
      vertex -14.0353 3.26401 2.5
      vertex -14.297 3.39787 1.3
      vertex -14.0353 3.26401 1.3
    endloop
  endfacet
  facet normal -0.883147 -0.469097 0
    outer loop
      vertex -12.0083 1.29787 1.3
      vertex -12.1184 1.50515 2.5
      vertex -12.1184 1.50515 1.3
    endloop
  endfacet
  facet normal -0.883147 -0.469097 0
    outer loop
      vertex -12.1184 1.50515 2.5
      vertex -12.0083 1.29787 1.3
      vertex -12.0083 1.29787 2.5
    endloop
  endfacet
  facet normal -0.0874315 -0.996171 0
    outer loop
      vertex -17.3415 4.17699 1.3
      vertex -17.0145 4.14829 2.5
      vertex -17.3415 4.17699 2.5
    endloop
  endfacet
  facet normal -0.0874315 -0.996171 -0
    outer loop
      vertex -17.0145 4.14829 2.5
      vertex -17.3415 4.17699 1.3
      vertex -17.0145 4.14829 1.3
    endloop
  endfacet
  facet normal 0.913976 -0.405768 0
    outer loop
      vertex -24.0853 1.08704 2.5
      vertex -23.9917 1.29787 1.3
      vertex -23.9917 1.29787 2.5
    endloop
  endfacet
  facet normal 0.913976 -0.405768 0
    outer loop
      vertex -23.9917 1.29787 1.3
      vertex -24.0853 1.08704 2.5
      vertex -24.0853 1.08704 1.3
    endloop
  endfacet
  facet normal 0.0523915 0.998627 -0
    outer loop
      vertex -18.3297 -4.19424 1.3
      vertex -18.6585 -4.17699 2.5
      vertex -18.3297 -4.19424 2.5
    endloop
  endfacet
  facet normal 0.0523915 0.998627 0
    outer loop
      vertex -18.6585 -4.17699 2.5
      vertex -18.3297 -4.19424 1.3
      vertex -18.6585 -4.17699 1.3
    endloop
  endfacet
  facet normal 0.157997 0.98744 -0
    outer loop
      vertex -19.3098 -4.10822 1.3
      vertex -19.6306 -4.05689 2.5
      vertex -19.3098 -4.10822 2.5
    endloop
  endfacet
  facet normal 0.157997 0.98744 0
    outer loop
      vertex -19.6306 -4.05689 2.5
      vertex -19.3098 -4.10822 1.3
      vertex -19.6306 -4.05689 1.3
    endloop
  endfacet
  facet normal -0.883147 0.469097 0
    outer loop
      vertex -12.1184 -1.50515 1.3
      vertex -12.0083 -1.29787 2.5
      vertex -12.0083 -1.29787 1.3
    endloop
  endfacet
  facet normal -0.883147 0.469097 0
    outer loop
      vertex -12.0083 -1.29787 2.5
      vertex -12.1184 -1.50515 1.3
      vertex -12.1184 -1.50515 2.5
    endloop
  endfacet
  facet normal -0.775539 -0.631299 0
    outer loop
      vertex -12.3867 1.90676 1.3
      vertex -12.544 2.1 2.5
      vertex -12.544 2.1 1.3
    endloop
  endfacet
  facet normal -0.775539 -0.631299 0
    outer loop
      vertex -12.544 2.1 2.5
      vertex -12.3867 1.90676 1.3
      vertex -12.3867 1.90676 2.5
    endloop
  endfacet
  facet normal 0.940848 -0.338829 0
    outer loop
      vertex -24.1623 0.873229 2.5
      vertex -24.0853 1.08704 1.3
      vertex -24.0853 1.08704 2.5
    endloop
  endfacet
  facet normal 0.940848 -0.338829 0
    outer loop
      vertex -24.0853 1.08704 1.3
      vertex -24.1623 0.873229 2.5
      vertex -24.1623 0.873229 1.3
    endloop
  endfacet
  facet normal 0.655839 -0.754901 0
    outer loop
      vertex -23.0968 2.4687 1.3
      vertex -22.896 2.64315 2.5
      vertex -23.0968 2.4687 2.5
    endloop
  endfacet
  facet normal 0.655839 -0.754901 0
    outer loop
      vertex -22.896 2.64315 2.5
      vertex -23.0968 2.4687 1.3
      vertex -22.896 2.64315 1.3
    endloop
  endfacet
  facet normal -0.534556 0.845133 0
    outer loop
      vertex -13.5452 -2.96985 1.3
      vertex -13.7845 -3.12121 2.5
      vertex -13.5452 -2.96985 2.5
    endloop
  endfacet
  facet normal -0.534556 0.845133 0
    outer loop
      vertex -13.7845 -3.12121 2.5
      vertex -13.5452 -2.96985 1.3
      vertex -13.7845 -3.12121 1.3
    endloop
  endfacet
  facet normal 0.736091 0.676883 0
    outer loop
      vertex -23.2836 -2.28748 2.5
      vertex -23.456 -2.1 1.3
      vertex -23.456 -2.1 2.5
    endloop
  endfacet
  facet normal 0.736091 0.676883 0
    outer loop
      vertex -23.456 -2.1 1.3
      vertex -23.2836 -2.28748 2.5
      vertex -23.2836 -2.28748 1.3
    endloop
  endfacet
  facet normal 0.999236 -0.0390948 0
    outer loop
      vertex -24.3 0 2.5
      vertex -24.2914 0.21981 1.3
      vertex -24.2914 0.21981 2.5
    endloop
  endfacet
  facet normal 0.999236 -0.0390948 0
    outer loop
      vertex -24.2914 0.21981 1.3
      vertex -24.3 0 2.5
      vertex -24.3 0 1.3
    endloop
  endfacet
  facet normal -0.534556 -0.845133 0
    outer loop
      vertex -13.7845 3.12121 1.3
      vertex -13.5452 2.96985 2.5
      vertex -13.7845 3.12121 2.5
    endloop
  endfacet
  facet normal -0.534556 -0.845133 -0
    outer loop
      vertex -13.5452 2.96985 2.5
      vertex -13.7845 3.12121 1.3
      vertex -13.5452 2.96985 1.3
    endloop
  endfacet
  facet normal -0.981012 -0.193948 0
    outer loop
      vertex -11.7345 0.439019 1.3
      vertex -11.7776 0.657024 2.5
      vertex -11.7776 0.657024 1.3
    endloop
  endfacet
  facet normal -0.981012 -0.193948 0
    outer loop
      vertex -11.7776 0.657024 2.5
      vertex -11.7345 0.439019 1.3
      vertex -11.7345 0.439019 2.5
    endloop
  endfacet
  facet normal -0.0523915 -0.998627 0
    outer loop
      vertex -17.6703 4.19424 1.3
      vertex -17.3415 4.17699 2.5
      vertex -17.6703 4.19424 2.5
    endloop
  endfacet
  facet normal -0.0523915 -0.998627 -0
    outer loop
      vertex -17.3415 4.17699 2.5
      vertex -17.6703 4.19424 1.3
      vertex -17.3415 4.17699 1.3
    endloop
  endfacet
  facet normal -0.193759 -0.981049 0
    outer loop
      vertex -16.3694 4.05689 1.3
      vertex -16.0532 3.99444 2.5
      vertex -16.3694 4.05689 2.5
    endloop
  endfacet
  facet normal -0.193759 -0.981049 -0
    outer loop
      vertex -16.0532 3.99444 2.5
      vertex -16.3694 4.05689 1.3
      vertex -16.0532 3.99444 1.3
    endloop
  endfacet
  facet normal -0.494795 -0.86901 0
    outer loop
      vertex -14.0353 3.26401 1.3
      vertex -13.7845 3.12121 2.5
      vertex -14.0353 3.26401 2.5
    endloop
  endfacet
  facet normal -0.494795 -0.86901 -0
    outer loop
      vertex -13.7845 3.12121 2.5
      vertex -14.0353 3.26401 1.3
      vertex -13.7845 3.12121 1.3
    endloop
  endfacet
  facet normal -0.849241 0.528006 0
    outer loop
      vertex -12.2447 -1.70829 1.3
      vertex -12.1184 -1.50515 2.5
      vertex -12.1184 -1.50515 1.3
    endloop
  endfacet
  facet normal -0.849241 0.528006 0
    outer loop
      vertex -12.1184 -1.50515 2.5
      vertex -12.2447 -1.70829 1.3
      vertex -12.2447 -1.70829 2.5
    endloop
  endfacet
  facet normal 0.534556 -0.845133 0
    outer loop
      vertex -22.4548 2.96985 1.3
      vertex -22.2155 3.12121 2.5
      vertex -22.4548 2.96985 2.5
    endloop
  endfacet
  facet normal 0.534556 -0.845133 0
    outer loop
      vertex -22.2155 3.12121 2.5
      vertex -22.4548 2.96985 1.3
      vertex -22.2155 3.12121 1.3
    endloop
  endfacet
  facet normal 0.534556 0.845133 -0
    outer loop
      vertex -22.2155 -3.12121 1.3
      vertex -22.4548 -2.96985 2.5
      vertex -22.2155 -3.12121 2.5
    endloop
  endfacet
  facet normal 0.534556 0.845133 0
    outer loop
      vertex -22.4548 -2.96985 2.5
      vertex -22.2155 -3.12121 1.3
      vertex -22.4548 -2.96985 1.3
    endloop
  endfacet
  facet normal 0.122626 -0.992453 0
    outer loop
      vertex -19.3098 4.10822 1.3
      vertex -18.9855 4.14829 2.5
      vertex -19.3098 4.10822 2.5
    endloop
  endfacet
  facet normal 0.122626 -0.992453 0
    outer loop
      vertex -18.9855 4.14829 2.5
      vertex -19.3098 4.10822 1.3
      vertex -18.9855 4.14829 1.3
    endloop
  endfacet
  facet normal 0.813276 -0.581878 0
    outer loop
      vertex -23.7553 1.70829 2.5
      vertex -23.6133 1.90676 1.3
      vertex -23.6133 1.90676 2.5
    endloop
  endfacet
  facet normal 0.813276 -0.581878 0
    outer loop
      vertex -23.6133 1.90676 1.3
      vertex -23.7553 1.70829 2.5
      vertex -23.7553 1.70829 1.3
    endloop
  endfacet
  facet normal 0.266208 0.963916 -0
    outer loop
      vertex -20.2577 -3.92104 1.3
      vertex -20.5624 -3.83689 2.5
      vertex -20.2577 -3.92104 2.5
    endloop
  endfacet
  facet normal 0.266208 0.963916 0
    outer loop
      vertex -20.5624 -3.83689 2.5
      vertex -20.2577 -3.92104 1.3
      vertex -20.5624 -3.83689 1.3
    endloop
  endfacet
  facet normal -0.157997 0.98744 0
    outer loop
      vertex -16.3694 -4.05689 1.3
      vertex -16.6902 -4.10822 2.5
      vertex -16.3694 -4.05689 2.5
    endloop
  endfacet
  facet normal -0.157997 0.98744 0
    outer loop
      vertex -16.6902 -4.10822 2.5
      vertex -16.3694 -4.05689 1.3
      vertex -16.6902 -4.10822 1.3
    endloop
  endfacet
  facet normal 0.0174678 -0.999847 0
    outer loop
      vertex -18.3297 4.19424 1.3
      vertex -18 4.2 2.5
      vertex -18.3297 4.19424 2.5
    endloop
  endfacet
  facet normal 0.0174678 -0.999847 0
    outer loop
      vertex -18 4.2 2.5
      vertex -18.3297 4.19424 1.3
      vertex -18 4.2 1.3
    endloop
  endfacet
  facet normal 0.303021 -0.952984 0
    outer loop
      vertex -20.8601 3.74223 1.3
      vertex -20.5624 3.83689 2.5
      vertex -20.8601 3.74223 2.5
    endloop
  endfacet
  facet normal 0.303021 -0.952984 0
    outer loop
      vertex -20.5624 3.83689 2.5
      vertex -20.8601 3.74223 1.3
      vertex -20.5624 3.83689 1.3
    endloop
  endfacet
  facet normal -0.494795 0.86901 0
    outer loop
      vertex -13.7845 -3.12121 1.3
      vertex -14.0353 -3.26401 2.5
      vertex -13.7845 -3.12121 2.5
    endloop
  endfacet
  facet normal -0.494795 0.86901 0
    outer loop
      vertex -14.0353 -3.26401 2.5
      vertex -13.7845 -3.12121 1.3
      vertex -14.0353 -3.26401 1.3
    endloop
  endfacet
  facet normal -0.303021 0.952984 0
    outer loop
      vertex -15.1399 -3.74223 1.3
      vertex -15.4376 -3.83689 2.5
      vertex -15.1399 -3.74223 2.5
    endloop
  endfacet
  facet normal -0.303021 0.952984 0
    outer loop
      vertex -15.4376 -3.83689 2.5
      vertex -15.1399 -3.74223 1.3
      vertex -15.4376 -3.83689 1.3
    endloop
  endfacet
  facet normal -0.122626 0.992453 0
    outer loop
      vertex -16.6902 -4.10822 1.3
      vertex -17.0145 -4.14829 2.5
      vertex -16.6902 -4.10822 2.5
    endloop
  endfacet
  facet normal -0.122626 0.992453 0
    outer loop
      vertex -17.0145 -4.14829 2.5
      vertex -16.6902 -4.10822 1.3
      vertex -17.0145 -4.14829 1.3
    endloop
  endfacet
  facet normal 0.494795 0.86901 -0
    outer loop
      vertex -21.9647 -3.26401 1.3
      vertex -22.2155 -3.12121 2.5
      vertex -21.9647 -3.26401 2.5
    endloop
  endfacet
  facet normal 0.494795 0.86901 0
    outer loop
      vertex -22.2155 -3.12121 2.5
      vertex -21.9647 -3.26401 1.3
      vertex -22.2155 -3.12121 1.3
    endloop
  endfacet
  facet normal -0.999236 0.0390948 0
    outer loop
      vertex -11.7086 -0.21981 1.3
      vertex -11.7 0 2.5
      vertex -11.7 0 1.3
    endloop
  endfacet
  facet normal -0.999236 0.0390948 0
    outer loop
      vertex -11.7 0 2.5
      vertex -11.7086 -0.21981 1.3
      vertex -11.7086 -0.21981 2.5
    endloop
  endfacet
  facet normal 0.981012 0.193948 0
    outer loop
      vertex -24.2224 -0.657024 2.5
      vertex -24.2655 -0.439019 1.3
      vertex -24.2655 -0.439019 2.5
    endloop
  endfacet
  facet normal 0.981012 0.193948 0
    outer loop
      vertex -24.2655 -0.439019 1.3
      vertex -24.2224 -0.657024 2.5
      vertex -24.2224 -0.657024 1.3
    endloop
  endfacet
  facet normal 0.266208 -0.963916 0
    outer loop
      vertex -20.5624 3.83689 1.3
      vertex -20.2577 3.92104 2.5
      vertex -20.5624 3.83689 2.5
    endloop
  endfacet
  facet normal 0.266208 -0.963916 0
    outer loop
      vertex -20.2577 3.92104 2.5
      vertex -20.5624 3.83689 1.3
      vertex -20.2577 3.92104 1.3
    endloop
  endfacet
  facet normal 0.229772 0.973244 -0
    outer loop
      vertex -19.9468 -3.99444 1.3
      vertex -20.2577 -3.92104 2.5
      vertex -19.9468 -3.99444 2.5
    endloop
  endfacet
  facet normal 0.229772 0.973244 0
    outer loop
      vertex -20.2577 -3.92104 2.5
      vertex -19.9468 -3.99444 1.3
      vertex -20.2577 -3.92104 1.3
    endloop
  endfacet
  facet normal 0.696305 -0.717746 0
    outer loop
      vertex -23.2836 2.28748 1.3
      vertex -23.0968 2.4687 2.5
      vertex -23.2836 2.28748 2.5
    endloop
  endfacet
  facet normal 0.696305 -0.717746 0
    outer loop
      vertex -23.0968 2.4687 2.5
      vertex -23.2836 2.28748 1.3
      vertex -23.0968 2.4687 1.3
    endloop
  endfacet
  facet normal -0.229772 -0.973244 0
    outer loop
      vertex -16.0532 3.99444 1.3
      vertex -15.7423 3.92104 2.5
      vertex -16.0532 3.99444 2.5
    endloop
  endfacet
  facet normal -0.229772 -0.973244 -0
    outer loop
      vertex -15.7423 3.92104 2.5
      vertex -16.0532 3.99444 1.3
      vertex -15.7423 3.92104 1.3
    endloop
  endfacet
  facet normal -0.229772 0.973244 0
    outer loop
      vertex -15.7423 -3.92104 1.3
      vertex -16.0532 -3.99444 2.5
      vertex -15.7423 -3.92104 2.5
    endloop
  endfacet
  facet normal -0.229772 0.973244 0
    outer loop
      vertex -16.0532 -3.99444 2.5
      vertex -15.7423 -3.92104 1.3
      vertex -16.0532 -3.99444 1.3
    endloop
  endfacet
  facet normal 0.775539 -0.631299 0
    outer loop
      vertex -23.6133 1.90676 2.5
      vertex -23.456 2.1 1.3
      vertex -23.456 2.1 2.5
    endloop
  endfacet
  facet normal 0.775539 -0.631299 0
    outer loop
      vertex -23.456 2.1 1.3
      vertex -23.6133 1.90676 2.5
      vertex -23.6133 1.90676 1.3
    endloop
  endfacet
  facet normal 0.615315 -0.788281 0
    outer loop
      vertex -22.896 2.64315 1.3
      vertex -22.6818 2.81035 2.5
      vertex -22.896 2.64315 2.5
    endloop
  endfacet
  facet normal 0.615315 -0.788281 0
    outer loop
      vertex -22.6818 2.81035 2.5
      vertex -22.896 2.64315 1.3
      vertex -22.6818 2.81035 1.3
    endloop
  endfacet
  facet normal 0.37822 -0.925716 0
    outer loop
      vertex -21.4312 3.52242 1.3
      vertex -21.15 3.63731 2.5
      vertex -21.4312 3.52242 2.5
    endloop
  endfacet
  facet normal 0.37822 -0.925716 0
    outer loop
      vertex -21.15 3.63731 2.5
      vertex -21.4312 3.52242 1.3
      vertex -21.15 3.63731 1.3
    endloop
  endfacet
  facet normal 0.340315 -0.940311 0
    outer loop
      vertex -21.15 3.63731 1.3
      vertex -20.8601 3.74223 2.5
      vertex -21.15 3.63731 2.5
    endloop
  endfacet
  facet normal 0.340315 -0.940311 0
    outer loop
      vertex -20.8601 3.74223 2.5
      vertex -21.15 3.63731 1.3
      vertex -20.8601 3.74223 1.3
    endloop
  endfacet
  facet normal 0.696305 0.717746 -0
    outer loop
      vertex -23.0968 -2.4687 1.3
      vertex -23.2836 -2.28748 2.5
      vertex -23.0968 -2.4687 2.5
    endloop
  endfacet
  facet normal 0.696305 0.717746 0
    outer loop
      vertex -23.2836 -2.28748 2.5
      vertex -23.0968 -2.4687 1.3
      vertex -23.2836 -2.28748 1.3
    endloop
  endfacet
  facet normal 0.0174678 0.999847 -0
    outer loop
      vertex -18 -4.2 1.3
      vertex -18.3297 -4.19424 2.5
      vertex -18 -4.2 2.5
    endloop
  endfacet
  facet normal 0.0174678 0.999847 0
    outer loop
      vertex -18.3297 -4.19424 2.5
      vertex -18 -4.2 1.3
      vertex -18.3297 -4.19424 1.3
    endloop
  endfacet
  facet normal -0.574913 0.818215 0
    outer loop
      vertex -13.3182 -2.81035 1.3
      vertex -13.5452 -2.96985 2.5
      vertex -13.3182 -2.81035 2.5
    endloop
  endfacet
  facet normal -0.574913 0.818215 0
    outer loop
      vertex -13.5452 -2.96985 2.5
      vertex -13.3182 -2.81035 1.3
      vertex -13.5452 -2.96985 1.3
    endloop
  endfacet
  facet normal 0.849241 0.528006 0
    outer loop
      vertex -23.7553 -1.70829 2.5
      vertex -23.8816 -1.50515 1.3
      vertex -23.8816 -1.50515 2.5
    endloop
  endfacet
  facet normal 0.849241 0.528006 0
    outer loop
      vertex -23.8816 -1.50515 1.3
      vertex -23.7553 -1.70829 2.5
      vertex -23.7553 -1.70829 1.3
    endloop
  endfacet
  facet normal 0.37822 0.925716 -0
    outer loop
      vertex -21.15 -3.63731 1.3
      vertex -21.4312 -3.52242 2.5
      vertex -21.15 -3.63731 2.5
    endloop
  endfacet
  facet normal 0.37822 0.925716 0
    outer loop
      vertex -21.4312 -3.52242 2.5
      vertex -21.15 -3.63731 1.3
      vertex -21.4312 -3.52242 1.3
    endloop
  endfacet
  facet normal 0.340315 0.940311 -0
    outer loop
      vertex -20.8601 -3.74223 1.3
      vertex -21.15 -3.63731 2.5
      vertex -20.8601 -3.74223 2.5
    endloop
  endfacet
  facet normal 0.340315 0.940311 0
    outer loop
      vertex -21.15 -3.63731 2.5
      vertex -20.8601 -3.74223 1.3
      vertex -21.15 -3.63731 1.3
    endloop
  endfacet
  facet normal 0.157997 -0.98744 0
    outer loop
      vertex -19.6306 4.05689 1.3
      vertex -19.3098 4.10822 2.5
      vertex -19.6306 4.05689 2.5
    endloop
  endfacet
  facet normal 0.157997 -0.98744 0
    outer loop
      vertex -19.3098 4.10822 2.5
      vertex -19.6306 4.05689 1.3
      vertex -19.3098 4.10822 1.3
    endloop
  endfacet
  facet normal -0.122626 -0.992453 0
    outer loop
      vertex -17.0145 4.14829 1.3
      vertex -16.6902 4.10822 2.5
      vertex -17.0145 4.14829 2.5
    endloop
  endfacet
  facet normal -0.122626 -0.992453 -0
    outer loop
      vertex -16.6902 4.10822 2.5
      vertex -17.0145 4.14829 1.3
      vertex -16.6902 4.10822 1.3
    endloop
  endfacet
  facet normal 0.775539 0.631299 0
    outer loop
      vertex -23.456 -2.1 2.5
      vertex -23.6133 -1.90676 1.3
      vertex -23.6133 -1.90676 2.5
    endloop
  endfacet
  facet normal 0.775539 0.631299 0
    outer loop
      vertex -23.6133 -1.90676 1.3
      vertex -23.456 -2.1 2.5
      vertex -23.456 -2.1 1.3
    endloop
  endfacet
  facet normal 0.303021 0.952984 -0
    outer loop
      vertex -20.5624 -3.83689 1.3
      vertex -20.8601 -3.74223 2.5
      vertex -20.5624 -3.83689 2.5
    endloop
  endfacet
  facet normal 0.303021 0.952984 0
    outer loop
      vertex -20.8601 -3.74223 2.5
      vertex -20.5624 -3.83689 1.3
      vertex -20.8601 -3.74223 1.3
    endloop
  endfacet
  facet normal 0.849241 -0.528006 0
    outer loop
      vertex -23.8816 1.50515 2.5
      vertex -23.7553 1.70829 1.3
      vertex -23.7553 1.70829 2.5
    endloop
  endfacet
  facet normal 0.849241 -0.528006 0
    outer loop
      vertex -23.7553 1.70829 1.3
      vertex -23.8816 1.50515 2.5
      vertex -23.8816 1.50515 1.3
    endloop
  endfacet
  facet normal 0.122626 0.992453 -0
    outer loop
      vertex -18.9855 -4.14829 1.3
      vertex -19.3098 -4.10822 2.5
      vertex -18.9855 -4.14829 2.5
    endloop
  endfacet
  facet normal 0.122626 0.992453 0
    outer loop
      vertex -19.3098 -4.10822 2.5
      vertex -18.9855 -4.14829 1.3
      vertex -19.3098 -4.10822 1.3
    endloop
  endfacet
  facet normal -0.455387 0.890294 0
    outer loop
      vertex -14.0353 -3.26401 1.3
      vertex -14.297 -3.39787 2.5
      vertex -14.0353 -3.26401 2.5
    endloop
  endfacet
  facet normal -0.455387 0.890294 0
    outer loop
      vertex -14.297 -3.39787 2.5
      vertex -14.0353 -3.26401 1.3
      vertex -14.297 -3.39787 1.3
    endloop
  endfacet
  facet normal 0.416586 0.909096 -0
    outer loop
      vertex -21.4312 -3.52242 1.3
      vertex -21.703 -3.39787 2.5
      vertex -21.4312 -3.52242 2.5
    endloop
  endfacet
  facet normal 0.416586 0.909096 0
    outer loop
      vertex -21.703 -3.39787 2.5
      vertex -21.4312 -3.52242 1.3
      vertex -21.703 -3.39787 1.3
    endloop
  endfacet
  facet normal 0.813276 0.581878 0
    outer loop
      vertex -23.6133 -1.90676 2.5
      vertex -23.7553 -1.70829 1.3
      vertex -23.7553 -1.70829 2.5
    endloop
  endfacet
  facet normal 0.813276 0.581878 0
    outer loop
      vertex -23.7553 -1.70829 1.3
      vertex -23.6133 -1.90676 2.5
      vertex -23.6133 -1.90676 1.3
    endloop
  endfacet
  facet normal 0 0 -1
    outer loop
      vertex -8.17349 -0.343324 0
      vertex -8.17349 0.343324 0
      vertex -8.16 0 0
    endloop
  endfacet
  facet normal 0 0 -1
    outer loop
      vertex -8.21391 -0.685706 0
      vertex -8.17349 0.343324 0
      vertex -8.17349 -0.343324 0
    endloop
  endfacet
  facet normal 0 0 -1
    outer loop
      vertex -8.21391 -0.685706 0
      vertex -8.21391 0.685706 0
      vertex -8.17349 0.343324 0
    endloop
  endfacet
  facet normal 0 0 -1
    outer loop
      vertex -8.28115 -1.02621 0
      vertex -8.21391 0.685706 0
      vertex -8.21391 -0.685706 0
    endloop
  endfacet
  facet normal 0 0 -1
    outer loop
      vertex -8.28115 -1.02621 0
      vertex -8.28115 1.02621 0
      vertex -8.21391 0.685706 0
    endloop
  endfacet
  facet normal 0 0 -1
    outer loop
      vertex -8.37503 -1.3639 0
      vertex -8.28115 1.02621 0
      vertex -8.28115 -1.02621 0
    endloop
  endfacet
  facet normal 0 0 -1
    outer loop
      vertex -8.37503 -1.3639 0
      vertex -8.37503 1.3639 0
      vertex -8.28115 1.02621 0
    endloop
  endfacet
  facet normal 0 0 -1
    outer loop
      vertex -8.49529 -1.69785 0
      vertex -8.37503 1.3639 0
      vertex -8.37503 -1.3639 0
    endloop
  endfacet
  facet normal 0 0 -1
    outer loop
      vertex -8.49529 -1.69785 0
      vertex -8.49529 1.69785 0
      vertex -8.37503 1.3639 0
    endloop
  endfacet
  facet normal 0 0 -1
    outer loop
      vertex -8.6416 -2.02715 0
      vertex -8.49529 1.69785 0
      vertex -8.49529 -1.69785 0
    endloop
  endfacet
  facet normal 0 0 -1
    outer loop
      vertex -8.6416 -2.02715 0
      vertex -8.6416 2.02715 0
      vertex -8.49529 1.69785 0
    endloop
  endfacet
  facet normal 0 0 -1
    outer loop
      vertex -8.81357 -2.35089 0
      vertex -8.6416 2.02715 0
      vertex -8.6416 -2.02715 0
    endloop
  endfacet
  facet normal 0 0 -1
    outer loop
      vertex -8.81357 -2.35089 0
      vertex -8.81357 2.35089 0
      vertex -8.6416 2.02715 0
    endloop
  endfacet
  facet normal 0 0 -1
    outer loop
      vertex -9.01071 -2.66819 0
      vertex -8.81357 2.35089 0
      vertex -8.81357 -2.35089 0
    endloop
  endfacet
  facet normal 0 0 -1
    outer loop
      vertex -9.01071 -2.66819 0
      vertex -9.01071 2.66819 0
      vertex -8.81357 2.35089 0
    endloop
  endfacet
  facet normal 0 0 -1
    outer loop
      vertex -9.2325 -2.97818 0
      vertex -9.01071 2.66819 0
      vertex -9.01071 -2.66819 0
    endloop
  endfacet
  facet normal 0 0 -1
    outer loop
      vertex -9.2325 -2.97818 0
      vertex -9.2325 2.97818 0
      vertex -9.01071 2.66819 0
    endloop
  endfacet
  facet normal 0 0 -1
    outer loop
      vertex -9.47831 -3.28 0
      vertex -9.2325 2.97818 0
      vertex -9.2325 -2.97818 0
    endloop
  endfacet
  facet normal 0 0 -1
    outer loop
      vertex -9.47831 -3.28 0
      vertex -9.47831 3.28 0
      vertex -9.2325 2.97818 0
    endloop
  endfacet
  facet normal 0 0 -1
    outer loop
      vertex -9.74748 -3.57283 0
      vertex -9.47831 3.28 0
      vertex -9.47831 -3.28 0
    endloop
  endfacet
  facet normal 0 0 -1
    outer loop
      vertex -9.74748 -3.57283 0
      vertex -9.74748 3.57283 0
      vertex -9.47831 3.28 0
    endloop
  endfacet
  facet normal 0 0 -1
    outer loop
      vertex -10.0393 -3.85587 0
      vertex -9.74748 3.57283 0
      vertex -9.74748 -3.57283 0
    endloop
  endfacet
  facet normal 0 0 -1
    outer loop
      vertex -10.0393 -3.85587 0
      vertex -10.0393 3.85587 0
      vertex -9.74748 3.57283 0
    endloop
  endfacet
  facet normal 0 0 -1
    outer loop
      vertex -10.3529 -4.12834 0
      vertex -10.0393 3.85587 0
      vertex -10.0393 -3.85587 0
    endloop
  endfacet
  facet normal 0 0 -1
    outer loop
      vertex -10.3529 -4.12834 0
      vertex -10.3529 4.12834 0
      vertex -10.0393 3.85587 0
    endloop
  endfacet
  facet normal 0 0 -1
    outer loop
      vertex -10.6875 -4.3895 0
      vertex -10.3529 4.12834 0
      vertex -10.3529 -4.12834 0
    endloop
  endfacet
  facet normal 0 0 -1
    outer loop
      vertex -10.6875 -4.3895 0
      vertex -10.6875 4.3895 0
      vertex -10.3529 4.12834 0
    endloop
  endfacet
  facet normal 0 0 -1
    outer loop
      vertex -11.0421 -4.63862 0
      vertex -10.6875 4.3895 0
      vertex -10.6875 -4.3895 0
    endloop
  endfacet
  facet normal 0 0 -1
    outer loop
      vertex -11.0421 -4.63862 0
      vertex -11.0421 4.63862 0
      vertex -10.6875 4.3895 0
    endloop
  endfacet
  facet normal 0 0 -1
    outer loop
      vertex -11.4158 -4.87503 0
      vertex -11.0421 4.63862 0
      vertex -11.0421 -4.63862 0
    endloop
  endfacet
  facet normal 0 0 -1
    outer loop
      vertex -11.4158 -4.87503 0
      vertex -11.4158 4.87503 0
      vertex -11.0421 4.63862 0
    endloop
  endfacet
  facet normal 0 0 -1
    outer loop
      vertex -11.8075 -5.09808 0
      vertex -11.4158 4.87503 0
      vertex -11.4158 -4.87503 0
    endloop
  endfacet
  facet normal 0 0 -1
    outer loop
      vertex -11.8075 -5.09808 0
      vertex -11.8075 5.09808 0
      vertex -11.4158 4.87503 0
    endloop
  endfacet
  facet normal 0 0 -1
    outer loop
      vertex -12.2162 -5.30715 0
      vertex -11.8075 5.09808 0
      vertex -11.8075 -5.09808 0
    endloop
  endfacet
  facet normal 0 0 -1
    outer loop
      vertex -12.2162 -5.30715 0
      vertex -12.2162 5.30715 0
      vertex -11.8075 5.09808 0
    endloop
  endfacet
  facet normal 0 0 -1
    outer loop
      vertex -12.6408 -5.50168 0
      vertex -12.2162 5.30715 0
      vertex -12.2162 -5.30715 0
    endloop
  endfacet
  facet normal 0 0 -1
    outer loop
      vertex -12.6408 -5.50168 0
      vertex -12.6408 5.50168 0
      vertex -12.2162 5.30715 0
    endloop
  endfacet
  facet normal 0 0 -1
    outer loop
      vertex -13.08 -5.68113 0
      vertex -12.6408 5.50168 0
      vertex -12.6408 -5.50168 0
    endloop
  endfacet
  facet normal 0 0 -1
    outer loop
      vertex -13.08 -5.68113 0
      vertex -13.08 5.68113 0
      vertex -12.6408 5.50168 0
    endloop
  endfacet
  facet normal 0 0 -1
    outer loop
      vertex -13.5327 -5.845 0
      vertex -13.08 5.68113 0
      vertex -13.08 -5.68113 0
    endloop
  endfacet
  facet normal 0 0 -1
    outer loop
      vertex -13.5327 -5.845 0
      vertex -13.5327 5.845 0
      vertex -13.08 5.68113 0
    endloop
  endfacet
  facet normal 0 0 -1
    outer loop
      vertex -13.9977 -5.99286 0
      vertex -13.5327 5.845 0
      vertex -13.5327 -5.845 0
    endloop
  endfacet
  facet normal 0 0 -1
    outer loop
      vertex -13.9977 -5.99286 0
      vertex -13.9977 5.99286 0
      vertex -13.5327 5.845 0
    endloop
  endfacet
  facet normal 0 0 -1
    outer loop
      vertex -14.4737 -6.12429 0
      vertex -13.9977 5.99286 0
      vertex -13.9977 -5.99286 0
    endloop
  endfacet
  facet normal 0 0 -1
    outer loop
      vertex -14.4737 -6.12429 0
      vertex -14.4737 6.12429 0
      vertex -13.9977 5.99286 0
    endloop
  endfacet
  facet normal 0 0 -1
    outer loop
      vertex -14.9593 -6.23893 0
      vertex -14.4737 6.12429 0
      vertex -14.4737 -6.12429 0
    endloop
  endfacet
  facet normal 0 0 -1
    outer loop
      vertex -14.9593 -6.23893 0
      vertex -14.9593 6.23893 0
      vertex -14.4737 6.12429 0
    endloop
  endfacet
  facet normal 0 0 -1
    outer loop
      vertex -15.4532 -6.33647 0
      vertex -14.9593 6.23893 0
      vertex -14.9593 -6.23893 0
    endloop
  endfacet
  facet normal 0 0 -1
    outer loop
      vertex -15.4532 -6.33647 0
      vertex -15.4532 6.33647 0
      vertex -14.9593 6.23893 0
    endloop
  endfacet
  facet normal 0 0 -1
    outer loop
      vertex -15.9541 -6.41665 0
      vertex -15.4532 6.33647 0
      vertex -15.4532 -6.33647 0
    endloop
  endfacet
  facet normal 0 0 -1
    outer loop
      vertex -15.9541 -6.41665 0
      vertex -15.9541 6.41665 0
      vertex -15.4532 6.33647 0
    endloop
  endfacet
  facet normal 0 0 -1
    outer loop
      vertex -16.4607 -6.47923 0
      vertex -15.9541 6.41665 0
      vertex -15.9541 -6.41665 0
    endloop
  endfacet
  facet normal 0 0 -1
    outer loop
      vertex -16.4607 -6.47923 0
      vertex -16.4607 6.47923 0
      vertex -15.9541 6.41665 0
    endloop
  endfacet
  facet normal 0 0 -1
    outer loop
      vertex -16.9714 -6.52406 0
      vertex -16.4607 6.47923 0
      vertex -16.4607 -6.47923 0
    endloop
  endfacet
  facet normal 0 0 -1
    outer loop
      vertex -16.9714 -6.52406 0
      vertex -16.9714 6.52406 0
      vertex -16.4607 6.47923 0
    endloop
  endfacet
  facet normal 0 0 -1
    outer loop
      vertex -17.485 -6.55101 0
      vertex -16.9714 6.52406 0
      vertex -16.9714 -6.52406 0
    endloop
  endfacet
  facet normal 0 0 -1
    outer loop
      vertex -17.485 -6.55101 0
      vertex -17.485 6.55101 0
      vertex -16.9714 6.52406 0
    endloop
  endfacet
  facet normal 0 0 -1
    outer loop
      vertex -18 -6.56 0
      vertex -17.485 6.55101 0
      vertex -17.485 -6.55101 0
    endloop
  endfacet
  facet normal 0 0 -1
    outer loop
      vertex -18 -6.56 0
      vertex -18 6.56 0
      vertex -17.485 6.55101 0
    endloop
  endfacet
  facet normal 0 0 -1
    outer loop
      vertex -18.515 -6.55101 0
      vertex -18 6.56 0
      vertex -18 -6.56 0
    endloop
  endfacet
  facet normal 0 0 -1
    outer loop
      vertex -18.515 -6.55101 0
      vertex -18.515 6.55101 0
      vertex -18 6.56 0
    endloop
  endfacet
  facet normal 0 0 -1
    outer loop
      vertex -19.0286 -6.52406 0
      vertex -18.515 6.55101 0
      vertex -18.515 -6.55101 0
    endloop
  endfacet
  facet normal 0 0 -1
    outer loop
      vertex -19.0286 -6.52406 0
      vertex -19.0286 6.52406 0
      vertex -18.515 6.55101 0
    endloop
  endfacet
  facet normal 0 0 -1
    outer loop
      vertex -19.5393 -6.47923 0
      vertex -19.0286 6.52406 0
      vertex -19.0286 -6.52406 0
    endloop
  endfacet
  facet normal 0 0 -1
    outer loop
      vertex -19.5393 -6.47923 0
      vertex -19.5393 6.47923 0
      vertex -19.0286 6.52406 0
    endloop
  endfacet
  facet normal 0 0 -1
    outer loop
      vertex -20.0459 -6.41665 0
      vertex -19.5393 6.47923 0
      vertex -19.5393 -6.47923 0
    endloop
  endfacet
  facet normal 0 0 -1
    outer loop
      vertex -20.0459 -6.41665 0
      vertex -20.0459 6.41665 0
      vertex -19.5393 6.47923 0
    endloop
  endfacet
  facet normal 0 0 -1
    outer loop
      vertex -20.5468 -6.33647 0
      vertex -20.0459 6.41665 0
      vertex -20.0459 -6.41665 0
    endloop
  endfacet
  facet normal 0 0 -1
    outer loop
      vertex -20.5468 -6.33647 0
      vertex -20.5468 6.33647 0
      vertex -20.0459 6.41665 0
    endloop
  endfacet
  facet normal 0 0 -1
    outer loop
      vertex -21.0407 -6.23893 0
      vertex -20.5468 6.33647 0
      vertex -20.5468 -6.33647 0
    endloop
  endfacet
  facet normal 0 0 -1
    outer loop
      vertex -21.0407 -6.23893 0
      vertex -21.0407 6.23893 0
      vertex -20.5468 6.33647 0
    endloop
  endfacet
  facet normal 0 0 -1
    outer loop
      vertex -21.5263 -6.12429 0
      vertex -21.0407 6.23893 0
      vertex -21.0407 -6.23893 0
    endloop
  endfacet
  facet normal 0 0 -1
    outer loop
      vertex -21.5263 -6.12429 0
      vertex -21.5263 6.12429 0
      vertex -21.0407 6.23893 0
    endloop
  endfacet
  facet normal 0 0 -1
    outer loop
      vertex -22.0023 -5.99286 0
      vertex -21.5263 6.12429 0
      vertex -21.5263 -6.12429 0
    endloop
  endfacet
  facet normal 0 0 -1
    outer loop
      vertex -22.0023 -5.99286 0
      vertex -22.0023 5.99286 0
      vertex -21.5263 6.12429 0
    endloop
  endfacet
  facet normal 0 0 -1
    outer loop
      vertex -22.4673 -5.845 0
      vertex -22.0023 5.99286 0
      vertex -22.0023 -5.99286 0
    endloop
  endfacet
  facet normal 0 0 -1
    outer loop
      vertex -22.4673 -5.845 0
      vertex -22.4673 5.845 0
      vertex -22.0023 5.99286 0
    endloop
  endfacet
  facet normal 0 0 -1
    outer loop
      vertex -22.92 -5.68113 0
      vertex -22.4673 5.845 0
      vertex -22.4673 -5.845 0
    endloop
  endfacet
  facet normal 0 0 -1
    outer loop
      vertex -22.92 -5.68113 0
      vertex -22.92 5.68113 0
      vertex -22.4673 5.845 0
    endloop
  endfacet
  facet normal 0 0 -1
    outer loop
      vertex -23.3592 -5.50168 0
      vertex -22.92 5.68113 0
      vertex -22.92 -5.68113 0
    endloop
  endfacet
  facet normal 0 0 -1
    outer loop
      vertex -23.3592 -5.50168 0
      vertex -23.3592 5.50168 0
      vertex -22.92 5.68113 0
    endloop
  endfacet
  facet normal 0 0 -1
    outer loop
      vertex -23.7838 -5.30715 0
      vertex -23.3592 5.50168 0
      vertex -23.3592 -5.50168 0
    endloop
  endfacet
  facet normal 0 0 -1
    outer loop
      vertex -23.7838 -5.30715 0
      vertex -23.7838 5.30715 0
      vertex -23.3592 5.50168 0
    endloop
  endfacet
  facet normal 0 0 -1
    outer loop
      vertex -24.1925 -5.09808 0
      vertex -23.7838 5.30715 0
      vertex -23.7838 -5.30715 0
    endloop
  endfacet
  facet normal 0 0 -1
    outer loop
      vertex -24.1925 -5.09808 0
      vertex -24.1925 5.09808 0
      vertex -23.7838 5.30715 0
    endloop
  endfacet
  facet normal 0 0 -1
    outer loop
      vertex -24.5842 -4.87503 0
      vertex -24.1925 5.09808 0
      vertex -24.1925 -5.09808 0
    endloop
  endfacet
  facet normal 0 0 -1
    outer loop
      vertex -24.5842 -4.87503 0
      vertex -24.5842 4.87503 0
      vertex -24.1925 5.09808 0
    endloop
  endfacet
  facet normal 0 0 -1
    outer loop
      vertex -24.9579 -4.63862 0
      vertex -24.5842 4.87503 0
      vertex -24.5842 -4.87503 0
    endloop
  endfacet
  facet normal 0 0 -1
    outer loop
      vertex -24.9579 -4.63862 0
      vertex -24.9579 4.63862 0
      vertex -24.5842 4.87503 0
    endloop
  endfacet
  facet normal 0 0 -1
    outer loop
      vertex -25.3125 -4.3895 0
      vertex -24.9579 4.63862 0
      vertex -24.9579 -4.63862 0
    endloop
  endfacet
  facet normal 0 0 -1
    outer loop
      vertex -25.3125 -4.3895 0
      vertex -25.3125 4.3895 0
      vertex -24.9579 4.63862 0
    endloop
  endfacet
  facet normal 0 0 -1
    outer loop
      vertex -25.6471 -4.12834 0
      vertex -25.3125 4.3895 0
      vertex -25.3125 -4.3895 0
    endloop
  endfacet
  facet normal 0 0 -1
    outer loop
      vertex -25.6471 -4.12834 0
      vertex -25.6471 4.12834 0
      vertex -25.3125 4.3895 0
    endloop
  endfacet
  facet normal 0 0 -1
    outer loop
      vertex -25.9607 -3.85587 0
      vertex -25.6471 4.12834 0
      vertex -25.6471 -4.12834 0
    endloop
  endfacet
  facet normal 0 0 -1
    outer loop
      vertex -25.9607 -3.85587 0
      vertex -25.9607 3.85587 0
      vertex -25.6471 4.12834 0
    endloop
  endfacet
  facet normal 0 0 -1
    outer loop
      vertex -26.2525 -3.57283 0
      vertex -25.9607 3.85587 0
      vertex -25.9607 -3.85587 0
    endloop
  endfacet
  facet normal 0 0 -1
    outer loop
      vertex -26.2525 -3.57283 0
      vertex -26.2525 3.57283 0
      vertex -25.9607 3.85587 0
    endloop
  endfacet
  facet normal 0 0 -1
    outer loop
      vertex -26.5217 -3.28 0
      vertex -26.2525 3.57283 0
      vertex -26.2525 -3.57283 0
    endloop
  endfacet
  facet normal 0 0 -1
    outer loop
      vertex -26.5217 -3.28 0
      vertex -26.5217 3.28 0
      vertex -26.2525 3.57283 0
    endloop
  endfacet
  facet normal 0 0 -1
    outer loop
      vertex -26.7675 -2.97818 0
      vertex -26.5217 3.28 0
      vertex -26.5217 -3.28 0
    endloop
  endfacet
  facet normal 0 0 -1
    outer loop
      vertex -26.7675 -2.97818 0
      vertex -26.7675 2.97818 0
      vertex -26.5217 3.28 0
    endloop
  endfacet
  facet normal 0 0 -1
    outer loop
      vertex -26.9893 -2.66819 0
      vertex -26.7675 2.97818 0
      vertex -26.7675 -2.97818 0
    endloop
  endfacet
  facet normal 0 0 -1
    outer loop
      vertex -26.9893 -2.66819 0
      vertex -26.9893 2.66819 0
      vertex -26.7675 2.97818 0
    endloop
  endfacet
  facet normal 0 0 -1
    outer loop
      vertex -27.1864 -2.35089 0
      vertex -26.9893 2.66819 0
      vertex -26.9893 -2.66819 0
    endloop
  endfacet
  facet normal 0 0 -1
    outer loop
      vertex -27.1864 -2.35089 0
      vertex -27.1864 2.35089 0
      vertex -26.9893 2.66819 0
    endloop
  endfacet
  facet normal 0 0 -1
    outer loop
      vertex -27.3584 -2.02715 0
      vertex -27.1864 2.35089 0
      vertex -27.1864 -2.35089 0
    endloop
  endfacet
  facet normal 0 0 -1
    outer loop
      vertex -27.3584 -2.02715 0
      vertex -27.3584 2.02715 0
      vertex -27.1864 2.35089 0
    endloop
  endfacet
  facet normal 0 0 -1
    outer loop
      vertex -27.5047 -1.69785 0
      vertex -27.3584 2.02715 0
      vertex -27.3584 -2.02715 0
    endloop
  endfacet
  facet normal 0 0 -1
    outer loop
      vertex -27.5047 -1.69785 0
      vertex -27.5047 1.69785 0
      vertex -27.3584 2.02715 0
    endloop
  endfacet
  facet normal 0 0 -1
    outer loop
      vertex -27.625 -1.3639 0
      vertex -27.5047 1.69785 0
      vertex -27.5047 -1.69785 0
    endloop
  endfacet
  facet normal 0 0 -1
    outer loop
      vertex -27.625 -1.3639 0
      vertex -27.625 1.3639 0
      vertex -27.5047 1.69785 0
    endloop
  endfacet
  facet normal 0 0 -1
    outer loop
      vertex -27.7189 -1.02621 0
      vertex -27.625 1.3639 0
      vertex -27.625 -1.3639 0
    endloop
  endfacet
  facet normal 0 0 -1
    outer loop
      vertex -27.7189 -1.02621 0
      vertex -27.7189 1.02621 0
      vertex -27.625 1.3639 0
    endloop
  endfacet
  facet normal 0 0 -1
    outer loop
      vertex -27.7861 -0.685706 0
      vertex -27.7189 1.02621 0
      vertex -27.7189 -1.02621 0
    endloop
  endfacet
  facet normal 0 0 -1
    outer loop
      vertex -27.7861 -0.685706 0
      vertex -27.7861 0.685706 0
      vertex -27.7189 1.02621 0
    endloop
  endfacet
  facet normal 0 0 -1
    outer loop
      vertex -27.8265 -0.343324 0
      vertex -27.7861 0.685706 0
      vertex -27.7861 -0.685706 0
    endloop
  endfacet
  facet normal 0 0 -1
    outer loop
      vertex -27.8265 -0.343324 0
      vertex -27.8265 0.343324 0
      vertex -27.7861 0.685706 0
    endloop
  endfacet
  facet normal 0 -0 -1
    outer loop
      vertex -27.8265 0.343324 0
      vertex -27.8265 -0.343324 0
      vertex -27.84 0 0
    endloop
  endfacet
  facet normal 0 0 1
    outer loop
      vertex -15 0 1.3
      vertex -11.7 0 1.3
      vertex -11.7086 0.21981 1.3
    endloop
  endfacet
  facet normal 0 0 1
    outer loop
      vertex -15.0041 0.104671 1.3
      vertex -11.7086 0.21981 1.3
      vertex -11.7345 0.439019 1.3
    endloop
  endfacet
  facet normal 0 0 1
    outer loop
      vertex -11.7 0 1.3
      vertex -15 0 1.3
      vertex -11.7086 -0.21981 1.3
    endloop
  endfacet
  facet normal 0 0 1
    outer loop
      vertex -15.0041 0.104671 1.3
      vertex -11.7345 0.439019 1.3
      vertex -11.7776 0.657024 1.3
    endloop
  endfacet
  facet normal -0 0 1
    outer loop
      vertex -15.0041 -0.104671 1.3
      vertex -11.7086 -0.21981 1.3
      vertex -15 0 1.3
    endloop
  endfacet
  facet normal 0 0 1
    outer loop
      vertex -15.0041 0.104671 1.3
      vertex -11.7776 0.657024 1.3
      vertex -11.8377 0.873229 1.3
    endloop
  endfacet
  facet normal 0 0 1
    outer loop
      vertex -11.7086 -0.21981 1.3
      vertex -15.0041 -0.104671 1.3
      vertex -11.7345 -0.439019 1.3
    endloop
  endfacet
  facet normal 0 0 1
    outer loop
      vertex -15.0164 0.209057 1.3
      vertex -11.8377 0.873229 1.3
      vertex -11.9147 1.08704 1.3
    endloop
  endfacet
  facet normal 0 0 1
    outer loop
      vertex -11.7345 -0.439019 1.3
      vertex -15.0041 -0.104671 1.3
      vertex -11.7776 -0.657024 1.3
    endloop
  endfacet
  facet normal 0 0 1
    outer loop
      vertex -15.0164 0.209057 1.3
      vertex -11.9147 1.08704 1.3
      vertex -12.0083 1.29787 1.3
    endloop
  endfacet
  facet normal 0 0 1
    outer loop
      vertex -11.7776 -0.657024 1.3
      vertex -15.0041 -0.104671 1.3
      vertex -11.8377 -0.873229 1.3
    endloop
  endfacet
  facet normal 0 0 1
    outer loop
      vertex -15.0369 0.312868 1.3
      vertex -12.0083 1.29787 1.3
      vertex -12.1184 1.50515 1.3
    endloop
  endfacet
  facet normal -0 0 1
    outer loop
      vertex -15.0164 -0.209057 1.3
      vertex -11.8377 -0.873229 1.3
      vertex -15.0041 -0.104671 1.3
    endloop
  endfacet
  facet normal 0 0 1
    outer loop
      vertex -15.0369 0.312868 1.3
      vertex -12.1184 1.50515 1.3
      vertex -12.2447 1.70829 1.3
    endloop
  endfacet
  facet normal 0 0 1
    outer loop
      vertex -11.8377 -0.873229 1.3
      vertex -15.0164 -0.209057 1.3
      vertex -11.9147 -1.08704 1.3
    endloop
  endfacet
  facet normal 0 0 1
    outer loop
      vertex -15.0656 0.415823 1.3
      vertex -12.2447 1.70829 1.3
      vertex -12.3867 1.90676 1.3
    endloop
  endfacet
  facet normal 0 0 1
    outer loop
      vertex -11.9147 -1.08704 1.3
      vertex -15.0164 -0.209057 1.3
      vertex -12.0083 -1.29787 1.3
    endloop
  endfacet
  facet normal 0 0 1
    outer loop
      vertex -15.1022 0.517637 1.3
      vertex -12.3867 1.90676 1.3
      vertex -12.544 2.1 1.3
    endloop
  endfacet
  facet normal -0 0 1
    outer loop
      vertex -15.0369 -0.312868 1.3
      vertex -12.0083 -1.29787 1.3
      vertex -15.0164 -0.209057 1.3
    endloop
  endfacet
  facet normal 0 0 1
    outer loop
      vertex -15.1022 0.517637 1.3
      vertex -12.544 2.1 1.3
      vertex -12.7164 2.28748 1.3
    endloop
  endfacet
  facet normal 0 0 1
    outer loop
      vertex -12.0083 -1.29787 1.3
      vertex -15.0369 -0.312868 1.3
      vertex -12.1184 -1.50515 1.3
    endloop
  endfacet
  facet normal 0 0 1
    outer loop
      vertex -15.1468 0.618033 1.3
      vertex -12.7164 2.28748 1.3
      vertex -12.9032 2.4687 1.3
    endloop
  endfacet
  facet normal 0 0 1
    outer loop
      vertex -12.1184 -1.50515 1.3
      vertex -15.0369 -0.312868 1.3
      vertex -12.2447 -1.70829 1.3
    endloop
  endfacet
  facet normal 0 0 1
    outer loop
      vertex -15.1993 0.716736 1.3
      vertex -12.9032 2.4687 1.3
      vertex -13.104 2.64315 1.3
    endloop
  endfacet
  facet normal -0 0 1
    outer loop
      vertex -15.0656 -0.415823 1.3
      vertex -12.2447 -1.70829 1.3
      vertex -15.0369 -0.312868 1.3
    endloop
  endfacet
  facet normal 0 0 1
    outer loop
      vertex -15.2594 0.813473 1.3
      vertex -13.104 2.64315 1.3
      vertex -13.3182 2.81035 1.3
    endloop
  endfacet
  facet normal 0 0 1
    outer loop
      vertex -12.2447 -1.70829 1.3
      vertex -15.0656 -0.415823 1.3
      vertex -12.3867 -1.90676 1.3
    endloop
  endfacet
  facet normal 0 0 1
    outer loop
      vertex -15.327 0.907981 1.3
      vertex -13.3182 2.81035 1.3
      vertex -13.5452 2.96985 1.3
    endloop
  endfacet
  facet normal -0 0 1
    outer loop
      vertex -15.1022 -0.517637 1.3
      vertex -12.3867 -1.90676 1.3
      vertex -15.0656 -0.415823 1.3
    endloop
  endfacet
  facet normal 0 0 1
    outer loop
      vertex -15.4019 1 1.3
      vertex -13.5452 2.96985 1.3
      vertex -13.7845 3.12121 1.3
    endloop
  endfacet
  facet normal 0 0 1
    outer loop
      vertex -12.3867 -1.90676 1.3
      vertex -15.1022 -0.517637 1.3
      vertex -12.544 -2.1 1.3
    endloop
  endfacet
  facet normal 0 0 1
    outer loop
      vertex -15.484 1.08928 1.3
      vertex -13.7845 3.12121 1.3
      vertex -14.0353 3.26401 1.3
    endloop
  endfacet
  facet normal 0 0 1
    outer loop
      vertex -12.544 -2.1 1.3
      vertex -15.1022 -0.517637 1.3
      vertex -12.7164 -2.28748 1.3
    endloop
  endfacet
  facet normal 0 0 1
    outer loop
      vertex -15.5729 1.17557 1.3
      vertex -14.0353 3.26401 1.3
      vertex -14.297 3.39787 1.3
    endloop
  endfacet
  facet normal -0 0 1
    outer loop
      vertex -15.1468 -0.618033 1.3
      vertex -12.7164 -2.28748 1.3
      vertex -15.1022 -0.517637 1.3
    endloop
  endfacet
  facet normal 0 0 1
    outer loop
      vertex -15.7706 1.33826 1.3
      vertex -14.297 3.39787 1.3
      vertex -14.5688 3.52242 1.3
    endloop
  endfacet
  facet normal 0 0 1
    outer loop
      vertex -12.7164 -2.28748 1.3
      vertex -15.1468 -0.618033 1.3
      vertex -12.9032 -2.4687 1.3
    endloop
  endfacet
  facet normal 0 0 1
    outer loop
      vertex -15.8787 1.41421 1.3
      vertex -14.5688 3.52242 1.3
      vertex -14.85 3.63731 1.3
    endloop
  endfacet
  facet normal -0 0 1
    outer loop
      vertex -15.1993 -0.716736 1.3
      vertex -12.9032 -2.4687 1.3
      vertex -15.1468 -0.618033 1.3
    endloop
  endfacet
  facet normal 0 0 1
    outer loop
      vertex -12.9032 -2.4687 1.3
      vertex -15.1993 -0.716736 1.3
      vertex -13.104 -2.64315 1.3
    endloop
  endfacet
  facet normal 0 0 1
    outer loop
      vertex -11.7086 0.21981 1.3
      vertex -15.0041 0.104671 1.3
      vertex -15 0 1.3
    endloop
  endfacet
  facet normal 0 0 1
    outer loop
      vertex -11.8377 0.873229 1.3
      vertex -15.0164 0.209057 1.3
      vertex -15.0041 0.104671 1.3
    endloop
  endfacet
  facet normal 0 0 1
    outer loop
      vertex -12.0083 1.29787 1.3
      vertex -15.0369 0.312868 1.3
      vertex -15.0164 0.209057 1.3
    endloop
  endfacet
  facet normal 0 0 1
    outer loop
      vertex -12.2447 1.70829 1.3
      vertex -15.0656 0.415823 1.3
      vertex -15.0369 0.312868 1.3
    endloop
  endfacet
  facet normal 0 0 1
    outer loop
      vertex -12.3867 1.90676 1.3
      vertex -15.1022 0.517637 1.3
      vertex -15.0656 0.415823 1.3
    endloop
  endfacet
  facet normal 0 0 1
    outer loop
      vertex -15.9926 1.48629 1.3
      vertex -14.85 3.63731 1.3
      vertex -15.1399 3.74223 1.3
    endloop
  endfacet
  facet normal 0 0 1
    outer loop
      vertex -12.7164 2.28748 1.3
      vertex -15.1468 0.618033 1.3
      vertex -15.1022 0.517637 1.3
    endloop
  endfacet
  facet normal 0 0 1
    outer loop
      vertex -12.9032 2.4687 1.3
      vertex -15.1993 0.716736 1.3
      vertex -15.1468 0.618033 1.3
    endloop
  endfacet
  facet normal 0 0 1
    outer loop
      vertex -13.104 2.64315 1.3
      vertex -15.2594 0.813473 1.3
      vertex -15.1993 0.716736 1.3
    endloop
  endfacet
  facet normal 0 0 1
    outer loop
      vertex -13.3182 2.81035 1.3
      vertex -15.327 0.907981 1.3
      vertex -15.2594 0.813473 1.3
    endloop
  endfacet
  facet normal 0 0 1
    outer loop
      vertex -13.5452 2.96985 1.3
      vertex -15.4019 1 1.3
      vertex -15.327 0.907981 1.3
    endloop
  endfacet
  facet normal 0 0 1
    outer loop
      vertex -16.2366 1.61803 1.3
      vertex -15.1399 3.74223 1.3
      vertex -15.4376 3.83689 1.3
    endloop
  endfacet
  facet normal 0 0 1
    outer loop
      vertex -13.7845 3.12121 1.3
      vertex -15.484 1.08928 1.3
      vertex -15.4019 1 1.3
    endloop
  endfacet
  facet normal 0 0 1
    outer loop
      vertex -14.0353 3.26401 1.3
      vertex -15.5729 1.17557 1.3
      vertex -15.484 1.08928 1.3
    endloop
  endfacet
  facet normal 0 0 1
    outer loop
      vertex -14.297 3.39787 1.3
      vertex -15.6686 1.25864 1.3
      vertex -15.5729 1.17557 1.3
    endloop
  endfacet
  facet normal 0 0 1
    outer loop
      vertex -16.3661 1.67734 1.3
      vertex -15.4376 3.83689 1.3
      vertex -15.7423 3.92104 1.3
    endloop
  endfacet
  facet normal 0 0 1
    outer loop
      vertex -14.297 3.39787 1.3
      vertex -15.7706 1.33826 1.3
      vertex -15.6686 1.25864 1.3
    endloop
  endfacet
  facet normal 0 0 1
    outer loop
      vertex -14.5688 3.52242 1.3
      vertex -15.8787 1.41421 1.3
      vertex -15.7706 1.33826 1.3
    endloop
  endfacet
  facet normal 0 0 1
    outer loop
      vertex -14.85 3.63731 1.3
      vertex -15.9926 1.48629 1.3
      vertex -15.8787 1.41421 1.3
    endloop
  endfacet
  facet normal 0 0 1
    outer loop
      vertex -16.5 1.73205 1.3
      vertex -15.7423 3.92104 1.3
      vertex -16.0532 3.99444 1.3
    endloop
  endfacet
  facet normal 0 0 1
    outer loop
      vertex -15.1399 3.74223 1.3
      vertex -16.112 1.55429 1.3
      vertex -15.9926 1.48629 1.3
    endloop
  endfacet
  facet normal 0 0 1
    outer loop
      vertex -15.1399 3.74223 1.3
      vertex -16.2366 1.61803 1.3
      vertex -16.112 1.55429 1.3
    endloop
  endfacet
  facet normal 0 0 1
    outer loop
      vertex -15.4376 3.83689 1.3
      vertex -16.3661 1.67734 1.3
      vertex -16.2366 1.61803 1.3
    endloop
  endfacet
  facet normal 0 0 1
    outer loop
      vertex -16.7798 1.82709 1.3
      vertex -16.0532 3.99444 1.3
      vertex -16.3694 4.05689 1.3
    endloop
  endfacet
  facet normal 0 0 1
    outer loop
      vertex -15.7423 3.92104 1.3
      vertex -16.5 1.73205 1.3
      vertex -16.3661 1.67734 1.3
    endloop
  endfacet
  facet normal 0 0 1
    outer loop
      vertex -16.0532 3.99444 1.3
      vertex -16.638 1.78201 1.3
      vertex -16.5 1.73205 1.3
    endloop
  endfacet
  facet normal 0 0 1
    outer loop
      vertex -16.9249 1.86716 1.3
      vertex -16.3694 4.05689 1.3
      vertex -16.6902 4.10822 1.3
    endloop
  endfacet
  facet normal 0 0 1
    outer loop
      vertex -16.0532 3.99444 1.3
      vertex -16.7798 1.82709 1.3
      vertex -16.638 1.78201 1.3
    endloop
  endfacet
  facet normal 0 0 1
    outer loop
      vertex -16.3694 4.05689 1.3
      vertex -16.9249 1.86716 1.3
      vertex -16.7798 1.82709 1.3
    endloop
  endfacet
  facet normal 0 0 1
    outer loop
      vertex -17.2235 1.93185 1.3
      vertex -16.6902 4.10822 1.3
      vertex -17.0145 4.14829 1.3
    endloop
  endfacet
  facet normal 0 0 1
    outer loop
      vertex -16.6902 4.10822 1.3
      vertex -17.0729 1.90211 1.3
      vertex -16.9249 1.86716 1.3
    endloop
  endfacet
  facet normal 0 0 1
    outer loop
      vertex -16.6902 4.10822 1.3
      vertex -17.2235 1.93185 1.3
      vertex -17.0729 1.90211 1.3
    endloop
  endfacet
  facet normal 0 0 1
    outer loop
      vertex -17.3763 1.9563 1.3
      vertex -17.0145 4.14829 1.3
      vertex -17.3415 4.17699 1.3
    endloop
  endfacet
  facet normal 0 0 1
    outer loop
      vertex -17.0145 4.14829 1.3
      vertex -17.3763 1.9563 1.3
      vertex -17.2235 1.93185 1.3
    endloop
  endfacet
  facet normal 0 0 1
    outer loop
      vertex -17.3415 4.17699 1.3
      vertex -17.5307 1.97538 1.3
      vertex -17.3763 1.9563 1.3
    endloop
  endfacet
  facet normal 0 0 1
    outer loop
      vertex -17.6864 1.98904 1.3
      vertex -17.3415 4.17699 1.3
      vertex -17.6703 4.19424 1.3
    endloop
  endfacet
  facet normal 0 0 1
    outer loop
      vertex -17.3415 4.17699 1.3
      vertex -17.6864 1.98904 1.3
      vertex -17.5307 1.97538 1.3
    endloop
  endfacet
  facet normal 0 0 1
    outer loop
      vertex -17.6703 4.19424 1.3
      vertex -17.843 1.99726 1.3
      vertex -17.6864 1.98904 1.3
    endloop
  endfacet
  facet normal 0 0 1
    outer loop
      vertex -18 4.2 1.3
      vertex -17.843 1.99726 1.3
      vertex -17.6703 4.19424 1.3
    endloop
  endfacet
  facet normal 0 0 1
    outer loop
      vertex -18 4.2 1.3
      vertex -18 2 1.3
      vertex -17.843 1.99726 1.3
    endloop
  endfacet
  facet normal 0 0 1
    outer loop
      vertex -18 4.2 1.3
      vertex -18.157 1.99726 1.3
      vertex -18 2 1.3
    endloop
  endfacet
  facet normal -0 0 1
    outer loop
      vertex -18.3297 4.19424 1.3
      vertex -18.157 1.99726 1.3
      vertex -18 4.2 1.3
    endloop
  endfacet
  facet normal 0 0 1
    outer loop
      vertex -18.157 1.99726 1.3
      vertex -18.3297 4.19424 1.3
      vertex -18.3136 1.98904 1.3
    endloop
  endfacet
  facet normal -0 0 1
    outer loop
      vertex -18.6585 4.17699 1.3
      vertex -18.3136 1.98904 1.3
      vertex -18.3297 4.19424 1.3
    endloop
  endfacet
  facet normal 0 0 1
    outer loop
      vertex -18.3136 1.98904 1.3
      vertex -18.6585 4.17699 1.3
      vertex -18.4693 1.97538 1.3
    endloop
  endfacet
  facet normal 0 0 1
    outer loop
      vertex -18.4693 1.97538 1.3
      vertex -18.6585 4.17699 1.3
      vertex -18.6237 1.9563 1.3
    endloop
  endfacet
  facet normal -0 0 1
    outer loop
      vertex -18.9855 4.14829 1.3
      vertex -18.6237 1.9563 1.3
      vertex -18.6585 4.17699 1.3
    endloop
  endfacet
  facet normal 0 0 1
    outer loop
      vertex -18.6237 1.9563 1.3
      vertex -18.9855 4.14829 1.3
      vertex -18.7765 1.93185 1.3
    endloop
  endfacet
  facet normal -0 0 1
    outer loop
      vertex -19.3098 4.10822 1.3
      vertex -18.7765 1.93185 1.3
      vertex -18.9855 4.14829 1.3
    endloop
  endfacet
  facet normal 0 0 1
    outer loop
      vertex -18.7765 1.93185 1.3
      vertex -19.3098 4.10822 1.3
      vertex -18.9271 1.90211 1.3
    endloop
  endfacet
  facet normal 0 0 1
    outer loop
      vertex -18.9271 1.90211 1.3
      vertex -19.3098 4.10822 1.3
      vertex -19.0751 1.86716 1.3
    endloop
  endfacet
  facet normal -0 0 1
    outer loop
      vertex -19.6306 4.05689 1.3
      vertex -19.0751 1.86716 1.3
      vertex -19.3098 4.10822 1.3
    endloop
  endfacet
  facet normal 0 0 1
    outer loop
      vertex -19.0751 1.86716 1.3
      vertex -19.6306 4.05689 1.3
      vertex -19.2202 1.82709 1.3
    endloop
  endfacet
  facet normal -0 0 1
    outer loop
      vertex -19.9468 3.99444 1.3
      vertex -19.2202 1.82709 1.3
      vertex -19.6306 4.05689 1.3
    endloop
  endfacet
  facet normal 0 0 1
    outer loop
      vertex -19.2202 1.82709 1.3
      vertex -19.9468 3.99444 1.3
      vertex -19.362 1.78201 1.3
    endloop
  endfacet
  facet normal 0 0 1
    outer loop
      vertex -19.362 1.78201 1.3
      vertex -19.9468 3.99444 1.3
      vertex -19.5 1.73205 1.3
    endloop
  endfacet
  facet normal -0 0 1
    outer loop
      vertex -20.2577 3.92104 1.3
      vertex -19.5 1.73205 1.3
      vertex -19.9468 3.99444 1.3
    endloop
  endfacet
  facet normal 0 0 1
    outer loop
      vertex -19.5 1.73205 1.3
      vertex -20.2577 3.92104 1.3
      vertex -19.6339 1.67734 1.3
    endloop
  endfacet
  facet normal -0 0 1
    outer loop
      vertex -20.5624 3.83689 1.3
      vertex -19.6339 1.67734 1.3
      vertex -20.2577 3.92104 1.3
    endloop
  endfacet
  facet normal 0 0 1
    outer loop
      vertex -19.6339 1.67734 1.3
      vertex -20.5624 3.83689 1.3
      vertex -19.7634 1.61803 1.3
    endloop
  endfacet
  facet normal -0 0 1
    outer loop
      vertex -20.8601 3.74223 1.3
      vertex -19.7634 1.61803 1.3
      vertex -20.5624 3.83689 1.3
    endloop
  endfacet
  facet normal 0 0 1
    outer loop
      vertex -19.7634 1.61803 1.3
      vertex -20.8601 3.74223 1.3
      vertex -19.888 1.55429 1.3
    endloop
  endfacet
  facet normal 0 0 1
    outer loop
      vertex -19.888 1.55429 1.3
      vertex -20.8601 3.74223 1.3
      vertex -20.0074 1.48629 1.3
    endloop
  endfacet
  facet normal -0 0 1
    outer loop
      vertex -21.15 3.63731 1.3
      vertex -20.0074 1.48629 1.3
      vertex -20.8601 3.74223 1.3
    endloop
  endfacet
  facet normal 0 0 1
    outer loop
      vertex -20.0074 1.48629 1.3
      vertex -21.15 3.63731 1.3
      vertex -20.1213 1.41421 1.3
    endloop
  endfacet
  facet normal -0 0 1
    outer loop
      vertex -21.4312 3.52242 1.3
      vertex -20.1213 1.41421 1.3
      vertex -21.15 3.63731 1.3
    endloop
  endfacet
  facet normal 0 0 1
    outer loop
      vertex -20.1213 1.41421 1.3
      vertex -21.4312 3.52242 1.3
      vertex -20.2294 1.33826 1.3
    endloop
  endfacet
  facet normal -0 0 1
    outer loop
      vertex -21.703 3.39787 1.3
      vertex -20.2294 1.33826 1.3
      vertex -21.4312 3.52242 1.3
    endloop
  endfacet
  facet normal 0 0 1
    outer loop
      vertex -20.2294 1.33826 1.3
      vertex -21.703 3.39787 1.3
      vertex -20.3314 1.25864 1.3
    endloop
  endfacet
  facet normal 0 0 1
    outer loop
      vertex -20.3314 1.25864 1.3
      vertex -21.703 3.39787 1.3
      vertex -20.4271 1.17557 1.3
    endloop
  endfacet
  facet normal -0 0 1
    outer loop
      vertex -21.9647 3.26401 1.3
      vertex -20.4271 1.17557 1.3
      vertex -21.703 3.39787 1.3
    endloop
  endfacet
  facet normal 0 0 1
    outer loop
      vertex -20.4271 1.17557 1.3
      vertex -21.9647 3.26401 1.3
      vertex -20.516 1.08928 1.3
    endloop
  endfacet
  facet normal -0 0 1
    outer loop
      vertex -22.2155 3.12121 1.3
      vertex -20.516 1.08928 1.3
      vertex -21.9647 3.26401 1.3
    endloop
  endfacet
  facet normal 0 0 1
    outer loop
      vertex -20.516 1.08928 1.3
      vertex -22.2155 3.12121 1.3
      vertex -20.5981 1 1.3
    endloop
  endfacet
  facet normal -0 0 1
    outer loop
      vertex -22.4548 2.96985 1.3
      vertex -20.5981 1 1.3
      vertex -22.2155 3.12121 1.3
    endloop
  endfacet
  facet normal 0 0 1
    outer loop
      vertex -20.5981 1 1.3
      vertex -22.4548 2.96985 1.3
      vertex -20.673 0.907981 1.3
    endloop
  endfacet
  facet normal -0 0 1
    outer loop
      vertex -22.6818 2.81035 1.3
      vertex -20.673 0.907981 1.3
      vertex -22.4548 2.96985 1.3
    endloop
  endfacet
  facet normal 0 0 1
    outer loop
      vertex -20.673 0.907981 1.3
      vertex -22.6818 2.81035 1.3
      vertex -20.7406 0.813473 1.3
    endloop
  endfacet
  facet normal -0 0 1
    outer loop
      vertex -22.896 2.64315 1.3
      vertex -20.7406 0.813473 1.3
      vertex -22.6818 2.81035 1.3
    endloop
  endfacet
  facet normal 0 0 1
    outer loop
      vertex -20.7406 0.813473 1.3
      vertex -22.896 2.64315 1.3
      vertex -20.8007 0.716736 1.3
    endloop
  endfacet
  facet normal -0 0 1
    outer loop
      vertex -15.2594 -0.813473 1.3
      vertex -13.104 -2.64315 1.3
      vertex -15.1993 -0.716736 1.3
    endloop
  endfacet
  facet normal 0 0 1
    outer loop
      vertex -13.104 -2.64315 1.3
      vertex -15.2594 -0.813473 1.3
      vertex -13.3182 -2.81035 1.3
    endloop
  endfacet
  facet normal -0 0 1
    outer loop
      vertex -15.327 -0.907981 1.3
      vertex -13.3182 -2.81035 1.3
      vertex -15.2594 -0.813473 1.3
    endloop
  endfacet
  facet normal 0 0 1
    outer loop
      vertex -13.3182 -2.81035 1.3
      vertex -15.327 -0.907981 1.3
      vertex -13.5452 -2.96985 1.3
    endloop
  endfacet
  facet normal -0 0 1
    outer loop
      vertex -15.4019 -1 1.3
      vertex -13.5452 -2.96985 1.3
      vertex -15.327 -0.907981 1.3
    endloop
  endfacet
  facet normal 0 0 1
    outer loop
      vertex -13.5452 -2.96985 1.3
      vertex -15.4019 -1 1.3
      vertex -13.7845 -3.12121 1.3
    endloop
  endfacet
  facet normal -0 0 1
    outer loop
      vertex -15.484 -1.08928 1.3
      vertex -13.7845 -3.12121 1.3
      vertex -15.4019 -1 1.3
    endloop
  endfacet
  facet normal 0 0 1
    outer loop
      vertex -13.7845 -3.12121 1.3
      vertex -15.484 -1.08928 1.3
      vertex -14.0353 -3.26401 1.3
    endloop
  endfacet
  facet normal -0 0 1
    outer loop
      vertex -15.5729 -1.17557 1.3
      vertex -14.0353 -3.26401 1.3
      vertex -15.484 -1.08928 1.3
    endloop
  endfacet
  facet normal 0 0 1
    outer loop
      vertex -14.0353 -3.26401 1.3
      vertex -15.5729 -1.17557 1.3
      vertex -14.297 -3.39787 1.3
    endloop
  endfacet
  facet normal -0 0 1
    outer loop
      vertex -15.6686 -1.25864 1.3
      vertex -14.297 -3.39787 1.3
      vertex -15.5729 -1.17557 1.3
    endloop
  endfacet
  facet normal -0 0 1
    outer loop
      vertex -15.7706 -1.33826 1.3
      vertex -14.297 -3.39787 1.3
      vertex -15.6686 -1.25864 1.3
    endloop
  endfacet
  facet normal 0 0 1
    outer loop
      vertex -14.297 -3.39787 1.3
      vertex -15.7706 -1.33826 1.3
      vertex -14.5688 -3.52242 1.3
    endloop
  endfacet
  facet normal -0 0 1
    outer loop
      vertex -15.8787 -1.41421 1.3
      vertex -14.5688 -3.52242 1.3
      vertex -15.7706 -1.33826 1.3
    endloop
  endfacet
  facet normal 0 0 1
    outer loop
      vertex -14.5688 -3.52242 1.3
      vertex -15.8787 -1.41421 1.3
      vertex -14.85 -3.63731 1.3
    endloop
  endfacet
  facet normal -0 0 1
    outer loop
      vertex -15.9926 -1.48629 1.3
      vertex -14.85 -3.63731 1.3
      vertex -15.8787 -1.41421 1.3
    endloop
  endfacet
  facet normal 0 0 1
    outer loop
      vertex -14.85 -3.63731 1.3
      vertex -15.9926 -1.48629 1.3
      vertex -15.1399 -3.74223 1.3
    endloop
  endfacet
  facet normal -0 0 1
    outer loop
      vertex -16.112 -1.55429 1.3
      vertex -15.1399 -3.74223 1.3
      vertex -15.9926 -1.48629 1.3
    endloop
  endfacet
  facet normal -0 0 1
    outer loop
      vertex -16.2366 -1.61803 1.3
      vertex -15.1399 -3.74223 1.3
      vertex -16.112 -1.55429 1.3
    endloop
  endfacet
  facet normal 0 0 1
    outer loop
      vertex -15.1399 -3.74223 1.3
      vertex -16.2366 -1.61803 1.3
      vertex -15.4376 -3.83689 1.3
    endloop
  endfacet
  facet normal -0 0 1
    outer loop
      vertex -16.3661 -1.67734 1.3
      vertex -15.4376 -3.83689 1.3
      vertex -16.2366 -1.61803 1.3
    endloop
  endfacet
  facet normal 0 0 1
    outer loop
      vertex -15.4376 -3.83689 1.3
      vertex -16.3661 -1.67734 1.3
      vertex -15.7423 -3.92104 1.3
    endloop
  endfacet
  facet normal -0 0 1
    outer loop
      vertex -16.5 -1.73205 1.3
      vertex -15.7423 -3.92104 1.3
      vertex -16.3661 -1.67734 1.3
    endloop
  endfacet
  facet normal 0 0 1
    outer loop
      vertex -15.7423 -3.92104 1.3
      vertex -16.5 -1.73205 1.3
      vertex -16.0532 -3.99444 1.3
    endloop
  endfacet
  facet normal -0 0 1
    outer loop
      vertex -16.638 -1.78201 1.3
      vertex -16.0532 -3.99444 1.3
      vertex -16.5 -1.73205 1.3
    endloop
  endfacet
  facet normal -0 0 1
    outer loop
      vertex -16.7798 -1.82709 1.3
      vertex -16.0532 -3.99444 1.3
      vertex -16.638 -1.78201 1.3
    endloop
  endfacet
  facet normal 0 0 1
    outer loop
      vertex -16.0532 -3.99444 1.3
      vertex -16.7798 -1.82709 1.3
      vertex -16.3694 -4.05689 1.3
    endloop
  endfacet
  facet normal -0 0 1
    outer loop
      vertex -16.9249 -1.86716 1.3
      vertex -16.3694 -4.05689 1.3
      vertex -16.7798 -1.82709 1.3
    endloop
  endfacet
  facet normal 0 0 1
    outer loop
      vertex -16.3694 -4.05689 1.3
      vertex -16.9249 -1.86716 1.3
      vertex -16.6902 -4.10822 1.3
    endloop
  endfacet
  facet normal -0 0 1
    outer loop
      vertex -17.0729 -1.90211 1.3
      vertex -16.6902 -4.10822 1.3
      vertex -16.9249 -1.86716 1.3
    endloop
  endfacet
  facet normal -0 0 1
    outer loop
      vertex -17.2235 -1.93185 1.3
      vertex -16.6902 -4.10822 1.3
      vertex -17.0729 -1.90211 1.3
    endloop
  endfacet
  facet normal 0 0 1
    outer loop
      vertex -16.6902 -4.10822 1.3
      vertex -17.2235 -1.93185 1.3
      vertex -17.0145 -4.14829 1.3
    endloop
  endfacet
  facet normal -0 0 1
    outer loop
      vertex -17.3763 -1.9563 1.3
      vertex -17.0145 -4.14829 1.3
      vertex -17.2235 -1.93185 1.3
    endloop
  endfacet
  facet normal 0 0 1
    outer loop
      vertex -17.0145 -4.14829 1.3
      vertex -17.3763 -1.9563 1.3
      vertex -17.3415 -4.17699 1.3
    endloop
  endfacet
  facet normal -0 0 1
    outer loop
      vertex -17.5307 -1.97538 1.3
      vertex -17.3415 -4.17699 1.3
      vertex -17.3763 -1.9563 1.3
    endloop
  endfacet
  facet normal -0 0 1
    outer loop
      vertex -17.6864 -1.98904 1.3
      vertex -17.3415 -4.17699 1.3
      vertex -17.5307 -1.97538 1.3
    endloop
  endfacet
  facet normal 0 0 1
    outer loop
      vertex -17.3415 -4.17699 1.3
      vertex -17.6864 -1.98904 1.3
      vertex -17.6703 -4.19424 1.3
    endloop
  endfacet
  facet normal -0 0 1
    outer loop
      vertex -17.843 -1.99726 1.3
      vertex -17.6703 -4.19424 1.3
      vertex -17.6864 -1.98904 1.3
    endloop
  endfacet
  facet normal 0 0 1
    outer loop
      vertex -18 -4.2 1.3
      vertex -17.843 -1.99726 1.3
      vertex -18 -2 1.3
    endloop
  endfacet
  facet normal 0 0 1
    outer loop
      vertex -17.843 -1.99726 1.3
      vertex -18 -4.2 1.3
      vertex -17.6703 -4.19424 1.3
    endloop
  endfacet
  facet normal 0 0 1
    outer loop
      vertex -18.157 -1.99726 1.3
      vertex -18 -4.2 1.3
      vertex -18 -2 1.3
    endloop
  endfacet
  facet normal 0 0 1
    outer loop
      vertex -18.3297 -4.19424 1.3
      vertex -18.157 -1.99726 1.3
      vertex -18.3136 -1.98904 1.3
    endloop
  endfacet
  facet normal 0 0 1
    outer loop
      vertex -18.157 -1.99726 1.3
      vertex -18.3297 -4.19424 1.3
      vertex -18 -4.2 1.3
    endloop
  endfacet
  facet normal 0 0 1
    outer loop
      vertex -18.6585 -4.17699 1.3
      vertex -18.3136 -1.98904 1.3
      vertex -18.4693 -1.97538 1.3
    endloop
  endfacet
  facet normal 0 0 1
    outer loop
      vertex -18.6585 -4.17699 1.3
      vertex -18.4693 -1.97538 1.3
      vertex -18.6237 -1.9563 1.3
    endloop
  endfacet
  facet normal 0 0 1
    outer loop
      vertex -18.3136 -1.98904 1.3
      vertex -18.6585 -4.17699 1.3
      vertex -18.3297 -4.19424 1.3
    endloop
  endfacet
  facet normal 0 0 1
    outer loop
      vertex -18.9855 -4.14829 1.3
      vertex -18.6237 -1.9563 1.3
      vertex -18.7765 -1.93185 1.3
    endloop
  endfacet
  facet normal 0 0 1
    outer loop
      vertex -19.3098 -4.10822 1.3
      vertex -18.7765 -1.93185 1.3
      vertex -18.9271 -1.90211 1.3
    endloop
  endfacet
  facet normal 0 0 1
    outer loop
      vertex -18.6237 -1.9563 1.3
      vertex -18.9855 -4.14829 1.3
      vertex -18.6585 -4.17699 1.3
    endloop
  endfacet
  facet normal 0 0 1
    outer loop
      vertex -19.3098 -4.10822 1.3
      vertex -18.9271 -1.90211 1.3
      vertex -19.0751 -1.86716 1.3
    endloop
  endfacet
  facet normal 0 0 1
    outer loop
      vertex -19.6306 -4.05689 1.3
      vertex -19.0751 -1.86716 1.3
      vertex -19.2202 -1.82709 1.3
    endloop
  endfacet
  facet normal 0 0 1
    outer loop
      vertex -18.7765 -1.93185 1.3
      vertex -19.3098 -4.10822 1.3
      vertex -18.9855 -4.14829 1.3
    endloop
  endfacet
  facet normal 0 0 1
    outer loop
      vertex -19.9468 -3.99444 1.3
      vertex -19.2202 -1.82709 1.3
      vertex -19.362 -1.78201 1.3
    endloop
  endfacet
  facet normal 0 0 1
    outer loop
      vertex -19.9468 -3.99444 1.3
      vertex -19.362 -1.78201 1.3
      vertex -19.5 -1.73205 1.3
    endloop
  endfacet
  facet normal 0 0 1
    outer loop
      vertex -19.0751 -1.86716 1.3
      vertex -19.6306 -4.05689 1.3
      vertex -19.3098 -4.10822 1.3
    endloop
  endfacet
  facet normal 0 0 1
    outer loop
      vertex -20.2577 -3.92104 1.3
      vertex -19.5 -1.73205 1.3
      vertex -19.6339 -1.67734 1.3
    endloop
  endfacet
  facet normal 0 0 1
    outer loop
      vertex -20.5624 -3.83689 1.3
      vertex -19.6339 -1.67734 1.3
      vertex -19.7634 -1.61803 1.3
    endloop
  endfacet
  facet normal 0 0 1
    outer loop
      vertex -20.8601 -3.74223 1.3
      vertex -19.7634 -1.61803 1.3
      vertex -19.888 -1.55429 1.3
    endloop
  endfacet
  facet normal 0 0 1
    outer loop
      vertex -19.2202 -1.82709 1.3
      vertex -19.9468 -3.99444 1.3
      vertex -19.6306 -4.05689 1.3
    endloop
  endfacet
  facet normal 0 0 1
    outer loop
      vertex -20.8601 -3.74223 1.3
      vertex -19.888 -1.55429 1.3
      vertex -20.0074 -1.48629 1.3
    endloop
  endfacet
  facet normal 0 0 1
    outer loop
      vertex -21.15 -3.63731 1.3
      vertex -20.0074 -1.48629 1.3
      vertex -20.1213 -1.41421 1.3
    endloop
  endfacet
  facet normal 0 0 1
    outer loop
      vertex -21.4312 -3.52242 1.3
      vertex -20.1213 -1.41421 1.3
      vertex -20.2294 -1.33826 1.3
    endloop
  endfacet
  facet normal 0 0 1
    outer loop
      vertex -19.5 -1.73205 1.3
      vertex -20.2577 -3.92104 1.3
      vertex -19.9468 -3.99444 1.3
    endloop
  endfacet
  facet normal 0 0 1
    outer loop
      vertex -21.703 -3.39787 1.3
      vertex -20.2294 -1.33826 1.3
      vertex -20.3314 -1.25864 1.3
    endloop
  endfacet
  facet normal 0 0 1
    outer loop
      vertex -21.703 -3.39787 1.3
      vertex -20.3314 -1.25864 1.3
      vertex -20.4271 -1.17557 1.3
    endloop
  endfacet
  facet normal 0 0 1
    outer loop
      vertex -21.9647 -3.26401 1.3
      vertex -20.4271 -1.17557 1.3
      vertex -20.516 -1.08928 1.3
    endloop
  endfacet
  facet normal 0 0 1
    outer loop
      vertex -19.6339 -1.67734 1.3
      vertex -20.5624 -3.83689 1.3
      vertex -20.2577 -3.92104 1.3
    endloop
  endfacet
  facet normal 0 0 1
    outer loop
      vertex -22.2155 -3.12121 1.3
      vertex -20.516 -1.08928 1.3
      vertex -20.5981 -1 1.3
    endloop
  endfacet
  facet normal 0 0 1
    outer loop
      vertex -22.4548 -2.96985 1.3
      vertex -20.5981 -1 1.3
      vertex -20.673 -0.907981 1.3
    endloop
  endfacet
  facet normal 0 0 1
    outer loop
      vertex -22.6818 -2.81035 1.3
      vertex -20.673 -0.907981 1.3
      vertex -20.7406 -0.813473 1.3
    endloop
  endfacet
  facet normal 0 0 1
    outer loop
      vertex -22.896 -2.64315 1.3
      vertex -20.7406 -0.813473 1.3
      vertex -20.8007 -0.716736 1.3
    endloop
  endfacet
  facet normal 0 0 1
    outer loop
      vertex -23.0968 -2.4687 1.3
      vertex -20.8007 -0.716736 1.3
      vertex -20.8532 -0.618033 1.3
    endloop
  endfacet
  facet normal 0 0 1
    outer loop
      vertex -19.7634 -1.61803 1.3
      vertex -20.8601 -3.74223 1.3
      vertex -20.5624 -3.83689 1.3
    endloop
  endfacet
  facet normal 0 0 1
    outer loop
      vertex -23.2836 -2.28748 1.3
      vertex -20.8532 -0.618033 1.3
      vertex -20.8978 -0.517637 1.3
    endloop
  endfacet
  facet normal 0 0 1
    outer loop
      vertex -23.6133 -1.90676 1.3
      vertex -20.8978 -0.517637 1.3
      vertex -20.9344 -0.415823 1.3
    endloop
  endfacet
  facet normal 0 0 1
    outer loop
      vertex -23.7553 -1.70829 1.3
      vertex -20.9344 -0.415823 1.3
      vertex -20.9631 -0.312868 1.3
    endloop
  endfacet
  facet normal 0 0 1
    outer loop
      vertex -23.9917 -1.29787 1.3
      vertex -20.9631 -0.312868 1.3
      vertex -20.9836 -0.209057 1.3
    endloop
  endfacet
  facet normal 0 0 1
    outer loop
      vertex -24.1623 -0.873229 1.3
      vertex -20.9836 -0.209057 1.3
      vertex -20.9959 -0.104671 1.3
    endloop
  endfacet
  facet normal 0 0 1
    outer loop
      vertex -24.2914 -0.21981 1.3
      vertex -20.9959 -0.104671 1.3
      vertex -21 0 1.3
    endloop
  endfacet
  facet normal -0 0 1
    outer loop
      vertex -23.0968 2.4687 1.3
      vertex -20.8007 0.716736 1.3
      vertex -22.896 2.64315 1.3
    endloop
  endfacet
  facet normal 0 0 1
    outer loop
      vertex -20.0074 -1.48629 1.3
      vertex -21.15 -3.63731 1.3
      vertex -20.8601 -3.74223 1.3
    endloop
  endfacet
  facet normal 0 0 1
    outer loop
      vertex -20.8007 0.716736 1.3
      vertex -23.0968 2.4687 1.3
      vertex -20.8532 0.618033 1.3
    endloop
  endfacet
  facet normal 0 0 1
    outer loop
      vertex -20.1213 -1.41421 1.3
      vertex -21.4312 -3.52242 1.3
      vertex -21.15 -3.63731 1.3
    endloop
  endfacet
  facet normal -0 0 1
    outer loop
      vertex -23.2836 2.28748 1.3
      vertex -20.8532 0.618033 1.3
      vertex -23.0968 2.4687 1.3
    endloop
  endfacet
  facet normal 0 0 1
    outer loop
      vertex -20.2294 -1.33826 1.3
      vertex -21.703 -3.39787 1.3
      vertex -21.4312 -3.52242 1.3
    endloop
  endfacet
  facet normal 0 0 1
    outer loop
      vertex -20.8532 0.618033 1.3
      vertex -23.2836 2.28748 1.3
      vertex -20.8978 0.517637 1.3
    endloop
  endfacet
  facet normal 0 0 1
    outer loop
      vertex -20.4271 -1.17557 1.3
      vertex -21.9647 -3.26401 1.3
      vertex -21.703 -3.39787 1.3
    endloop
  endfacet
  facet normal -0 0 1
    outer loop
      vertex -23.456 2.1 1.3
      vertex -20.8978 0.517637 1.3
      vertex -23.2836 2.28748 1.3
    endloop
  endfacet
  facet normal 0 0 1
    outer loop
      vertex -20.516 -1.08928 1.3
      vertex -22.2155 -3.12121 1.3
      vertex -21.9647 -3.26401 1.3
    endloop
  endfacet
  facet normal -0 0 1
    outer loop
      vertex -23.6133 1.90676 1.3
      vertex -20.8978 0.517637 1.3
      vertex -23.456 2.1 1.3
    endloop
  endfacet
  facet normal 0 0 1
    outer loop
      vertex -20.5981 -1 1.3
      vertex -22.4548 -2.96985 1.3
      vertex -22.2155 -3.12121 1.3
    endloop
  endfacet
  facet normal 0 0 1
    outer loop
      vertex -20.8978 0.517637 1.3
      vertex -23.6133 1.90676 1.3
      vertex -20.9344 0.415823 1.3
    endloop
  endfacet
  facet normal 0 0 1
    outer loop
      vertex -20.673 -0.907981 1.3
      vertex -22.6818 -2.81035 1.3
      vertex -22.4548 -2.96985 1.3
    endloop
  endfacet
  facet normal -0 0 1
    outer loop
      vertex -23.7553 1.70829 1.3
      vertex -20.9344 0.415823 1.3
      vertex -23.6133 1.90676 1.3
    endloop
  endfacet
  facet normal 0 0 1
    outer loop
      vertex -20.7406 -0.813473 1.3
      vertex -22.896 -2.64315 1.3
      vertex -22.6818 -2.81035 1.3
    endloop
  endfacet
  facet normal 0 0 1
    outer loop
      vertex -20.9344 0.415823 1.3
      vertex -23.7553 1.70829 1.3
      vertex -20.9631 0.312868 1.3
    endloop
  endfacet
  facet normal 0 0 1
    outer loop
      vertex -20.8007 -0.716736 1.3
      vertex -23.0968 -2.4687 1.3
      vertex -22.896 -2.64315 1.3
    endloop
  endfacet
  facet normal -0 0 1
    outer loop
      vertex -23.8816 1.50515 1.3
      vertex -20.9631 0.312868 1.3
      vertex -23.7553 1.70829 1.3
    endloop
  endfacet
  facet normal 0 0 1
    outer loop
      vertex -20.8532 -0.618033 1.3
      vertex -23.2836 -2.28748 1.3
      vertex -23.0968 -2.4687 1.3
    endloop
  endfacet
  facet normal -0 0 1
    outer loop
      vertex -23.9917 1.29787 1.3
      vertex -20.9631 0.312868 1.3
      vertex -23.8816 1.50515 1.3
    endloop
  endfacet
  facet normal 0 0 1
    outer loop
      vertex -20.8978 -0.517637 1.3
      vertex -23.456 -2.1 1.3
      vertex -23.2836 -2.28748 1.3
    endloop
  endfacet
  facet normal 0 0 1
    outer loop
      vertex -20.9631 0.312868 1.3
      vertex -23.9917 1.29787 1.3
      vertex -20.9836 0.209057 1.3
    endloop
  endfacet
  facet normal 0 0 1
    outer loop
      vertex -20.8978 -0.517637 1.3
      vertex -23.6133 -1.90676 1.3
      vertex -23.456 -2.1 1.3
    endloop
  endfacet
  facet normal -0 0 1
    outer loop
      vertex -24.0853 1.08704 1.3
      vertex -20.9836 0.209057 1.3
      vertex -23.9917 1.29787 1.3
    endloop
  endfacet
  facet normal 0 0 1
    outer loop
      vertex -20.9344 -0.415823 1.3
      vertex -23.7553 -1.70829 1.3
      vertex -23.6133 -1.90676 1.3
    endloop
  endfacet
  facet normal -0 0 1
    outer loop
      vertex -24.1623 0.873229 1.3
      vertex -20.9836 0.209057 1.3
      vertex -24.0853 1.08704 1.3
    endloop
  endfacet
  facet normal 0 0 1
    outer loop
      vertex -20.9631 -0.312868 1.3
      vertex -23.8816 -1.50515 1.3
      vertex -23.7553 -1.70829 1.3
    endloop
  endfacet
  facet normal 0 0 1
    outer loop
      vertex -20.9836 0.209057 1.3
      vertex -24.1623 0.873229 1.3
      vertex -20.9959 0.104671 1.3
    endloop
  endfacet
  facet normal 0 0 1
    outer loop
      vertex -20.9631 -0.312868 1.3
      vertex -23.9917 -1.29787 1.3
      vertex -23.8816 -1.50515 1.3
    endloop
  endfacet
  facet normal -0 0 1
    outer loop
      vertex -24.2224 0.657024 1.3
      vertex -20.9959 0.104671 1.3
      vertex -24.1623 0.873229 1.3
    endloop
  endfacet
  facet normal 0 0 1
    outer loop
      vertex -20.9836 -0.209057 1.3
      vertex -24.0853 -1.08704 1.3
      vertex -23.9917 -1.29787 1.3
    endloop
  endfacet
  facet normal -0 0 1
    outer loop
      vertex -24.2655 0.439019 1.3
      vertex -20.9959 0.104671 1.3
      vertex -24.2224 0.657024 1.3
    endloop
  endfacet
  facet normal 0 0 1
    outer loop
      vertex -20.9836 -0.209057 1.3
      vertex -24.1623 -0.873229 1.3
      vertex -24.0853 -1.08704 1.3
    endloop
  endfacet
  facet normal -0 0 1
    outer loop
      vertex -24.2914 0.21981 1.3
      vertex -20.9959 0.104671 1.3
      vertex -24.2655 0.439019 1.3
    endloop
  endfacet
  facet normal 0 0 1
    outer loop
      vertex -20.9959 -0.104671 1.3
      vertex -24.2224 -0.657024 1.3
      vertex -24.1623 -0.873229 1.3
    endloop
  endfacet
  facet normal 0 0 1
    outer loop
      vertex -20.9959 0.104671 1.3
      vertex -24.2914 0.21981 1.3
      vertex -21 0 1.3
    endloop
  endfacet
  facet normal 0 0 1
    outer loop
      vertex -20.9959 -0.104671 1.3
      vertex -24.2655 -0.439019 1.3
      vertex -24.2224 -0.657024 1.3
    endloop
  endfacet
  facet normal 0 0 1
    outer loop
      vertex -24.3 0 1.3
      vertex -21 0 1.3
      vertex -24.2914 0.21981 1.3
    endloop
  endfacet
  facet normal 0 0 1
    outer loop
      vertex -20.9959 -0.104671 1.3
      vertex -24.2914 -0.21981 1.3
      vertex -24.2655 -0.439019 1.3
    endloop
  endfacet
  facet normal 0 0 1
    outer loop
      vertex -21 0 1.3
      vertex -24.3 0 1.3
      vertex -24.2914 -0.21981 1.3
    endloop
  endfacet
  facet normal 0.913881 0.405983 0
    outer loop
      vertex -15.1022 0.517637 2.5
      vertex -15.1468 0.618033 1.3
      vertex -15.1468 0.618033 2.5
    endloop
  endfacet
  facet normal 0.913881 0.405983 0
    outer loop
      vertex -15.1468 0.618033 1.3
      vertex -15.1022 0.517637 2.5
      vertex -15.1022 0.517637 1.3
    endloop
  endfacet
  facet normal 0.993129 0.117022 0
    outer loop
      vertex -15.0041 0.104671 2.5
      vertex -15.0164 0.209057 1.3
      vertex -15.0164 0.209057 2.5
    endloop
  endfacet
  facet normal 0.993129 0.117022 0
    outer loop
      vertex -15.0164 0.209057 1.3
      vertex -15.0041 0.104671 2.5
      vertex -15.0041 0.104671 1.3
    endloop
  endfacet
  facet normal 0.999234 0.0391403 0
    outer loop
      vertex -15 0 2.5
      vertex -15.0041 0.104671 1.3
      vertex -15.0041 0.104671 2.5
    endloop
  endfacet
  facet normal 0.999234 0.0391403 0
    outer loop
      vertex -15.0041 0.104671 1.3
      vertex -15 0 2.5
      vertex -15 0 1.3
    endloop
  endfacet
  facet normal -0.0174496 0.999848 0
    outer loop
      vertex -18 2 1.3
      vertex -18.157 1.99726 2.5
      vertex -18 2 2.5
    endloop
  endfacet
  facet normal -0.0174496 0.999848 0
    outer loop
      vertex -18.157 1.99726 2.5
      vertex -18 2 1.3
      vertex -18.157 1.99726 1.3
    endloop
  endfacet
  facet normal 0.302971 -0.953 0
    outer loop
      vertex -16.7798 -1.82709 1.3
      vertex -16.638 -1.78201 2.5
      vertex -16.7798 -1.82709 2.5
    endloop
  endfacet
  facet normal 0.302971 -0.953 0
    outer loop
      vertex -16.638 -1.78201 2.5
      vertex -16.7798 -1.82709 1.3
      vertex -16.638 -1.78201 1.3
    endloop
  endfacet
  facet normal 0.0174496 0.999848 -0
    outer loop
      vertex -17.843 1.99726 1.3
      vertex -18 2 2.5
      vertex -17.843 1.99726 2.5
    endloop
  endfacet
  facet normal 0.0174496 0.999848 0
    outer loop
      vertex -18 2 2.5
      vertex -17.843 1.99726 1.3
      vertex -18 2 1.3
    endloop
  endfacet
  facet normal -0.0873971 0.996174 0
    outer loop
      vertex -18.3136 1.98904 1.3
      vertex -18.4693 1.97538 2.5
      vertex -18.3136 1.98904 2.5
    endloop
  endfacet
  facet normal -0.0873971 0.996174 0
    outer loop
      vertex -18.4693 1.97538 2.5
      vertex -18.3136 1.98904 1.3
      vertex -18.4693 1.97538 1.3
    endloop
  endfacet
  facet normal 0.775559 0.631276 0
    outer loop
      vertex -15.327 0.907981 2.5
      vertex -15.4019 1 1.3
      vertex -15.4019 1 2.5
    endloop
  endfacet
  facet normal 0.775559 0.631276 0
    outer loop
      vertex -15.4019 1 1.3
      vertex -15.327 0.907981 2.5
      vertex -15.327 0.907981 1.3
    endloop
  endfacet
  facet normal 0.574884 -0.818235 0
    outer loop
      vertex -15.8787 -1.41421 1.3
      vertex -15.7706 -1.33826 2.5
      vertex -15.8787 -1.41421 2.5
    endloop
  endfacet
  facet normal 0.574884 -0.818235 0
    outer loop
      vertex -15.7706 -1.33826 2.5
      vertex -15.8787 -1.41421 1.3
      vertex -15.7706 -1.33826 1.3
    endloop
  endfacet
  facet normal 0.193735 0.981054 -0
    outer loop
      vertex -17.0729 1.90211 1.3
      vertex -17.2235 1.93185 2.5
      vertex -17.0729 1.90211 2.5
    endloop
  endfacet
  facet normal 0.193735 0.981054 0
    outer loop
      vertex -17.2235 1.93185 2.5
      vertex -17.0729 1.90211 1.3
      vertex -17.2235 1.93185 1.3
    endloop
  endfacet
  facet normal -0.655516 -0.755181 0
    outer loop
      vertex -20.4271 -1.17557 1.3
      vertex -20.3314 -1.25864 2.5
      vertex -20.4271 -1.17557 2.5
    endloop
  endfacet
  facet normal -0.655516 -0.755181 -0
    outer loop
      vertex -20.3314 -1.25864 2.5
      vertex -20.4271 -1.17557 1.3
      vertex -20.3314 -1.25864 1.3
    endloop
  endfacet
  facet normal 0.340408 -0.940278 0
    outer loop
      vertex -16.638 -1.78201 1.3
      vertex -16.5 -1.73205 2.5
      vertex -16.638 -1.78201 2.5
    endloop
  endfacet
  facet normal 0.340408 -0.940278 0
    outer loop
      vertex -16.5 -1.73205 2.5
      vertex -16.638 -1.78201 1.3
      vertex -16.5 -1.73205 1.3
    endloop
  endfacet
  facet normal 0.696495 -0.717562 0
    outer loop
      vertex -15.5729 -1.17557 1.3
      vertex -15.484 -1.08928 2.5
      vertex -15.5729 -1.17557 2.5
    endloop
  endfacet
  facet normal 0.696495 -0.717562 0
    outer loop
      vertex -15.484 -1.08928 2.5
      vertex -15.5729 -1.17557 1.3
      vertex -15.484 -1.08928 1.3
    endloop
  endfacet
  facet normal 0.999234 -0.0391403 0
    outer loop
      vertex -15.0041 -0.104671 2.5
      vertex -15 0 1.3
      vertex -15 0 2.5
    endloop
  endfacet
  facet normal 0.999234 -0.0391403 0
    outer loop
      vertex -15 0 1.3
      vertex -15.0041 -0.104671 2.5
      vertex -15.0041 -0.104671 1.3
    endloop
  endfacet
  facet normal 0.913881 -0.405983 0
    outer loop
      vertex -15.1468 -0.618033 2.5
      vertex -15.1022 -0.517637 1.3
      vertex -15.1022 -0.517637 2.5
    endloop
  endfacet
  facet normal 0.913881 -0.405983 0
    outer loop
      vertex -15.1022 -0.517637 1.3
      vertex -15.1468 -0.618033 2.5
      vertex -15.1468 -0.618033 1.3
    endloop
  endfacet
  facet normal 0.849418 -0.52772 0
    outer loop
      vertex -15.2594 -0.813473 2.5
      vertex -15.1993 -0.716736 1.3
      vertex -15.1993 -0.716736 2.5
    endloop
  endfacet
  facet normal 0.849418 -0.52772 0
    outer loop
      vertex -15.1993 -0.716736 1.3
      vertex -15.2594 -0.813473 2.5
      vertex -15.2594 -0.813473 1.3
    endloop
  endfacet
  facet normal 0.229827 -0.973231 0
    outer loop
      vertex -17.0729 -1.90211 1.3
      vertex -16.9249 -1.86716 2.5
      vertex -17.0729 -1.90211 2.5
    endloop
  endfacet
  facet normal 0.229827 -0.973231 0
    outer loop
      vertex -16.9249 -1.86716 2.5
      vertex -17.0729 -1.90211 1.3
      vertex -16.9249 -1.86716 1.3
    endloop
  endfacet
  facet normal 0.882878 -0.469602 0
    outer loop
      vertex -15.1993 -0.716736 2.5
      vertex -15.1468 -0.618033 1.3
      vertex -15.1468 -0.618033 2.5
    endloop
  endfacet
  facet normal 0.882878 -0.469602 0
    outer loop
      vertex -15.1468 -0.618033 1.3
      vertex -15.1993 -0.716736 2.5
      vertex -15.1993 -0.716736 1.3
    endloop
  endfacet
  facet normal -0.494884 0.868959 0
    outer loop
      vertex -19.888 1.55429 1.3
      vertex -20.0074 1.48629 2.5
      vertex -19.888 1.55429 2.5
    endloop
  endfacet
  facet normal -0.494884 0.868959 0
    outer loop
      vertex -20.0074 1.48629 2.5
      vertex -19.888 1.55429 1.3
      vertex -20.0074 1.48629 1.3
    endloop
  endfacet
  facet normal 0.494884 0.868959 -0
    outer loop
      vertex -15.9926 1.48629 1.3
      vertex -16.112 1.55429 2.5
      vertex -15.9926 1.48629 2.5
    endloop
  endfacet
  facet normal 0.494884 0.868959 0
    outer loop
      vertex -16.112 1.55429 2.5
      vertex -15.9926 1.48629 1.3
      vertex -16.112 1.55429 1.3
    endloop
  endfacet
  facet normal -0.999234 -0.0391403 0
    outer loop
      vertex -20.9959 -0.104671 1.3
      vertex -21 0 2.5
      vertex -21 0 1.3
    endloop
  endfacet
  facet normal -0.999234 -0.0391403 0
    outer loop
      vertex -21 0 2.5
      vertex -20.9959 -0.104671 1.3
      vertex -20.9959 -0.104671 2.5
    endloop
  endfacet
  facet normal 0.0873971 0.996174 -0
    outer loop
      vertex -17.5307 1.97538 1.3
      vertex -17.6864 1.98904 2.5
      vertex -17.5307 1.97538 2.5
    endloop
  endfacet
  facet normal 0.0873971 0.996174 0
    outer loop
      vertex -17.6864 1.98904 2.5
      vertex -17.5307 1.97538 1.3
      vertex -17.6864 1.98904 1.3
    endloop
  endfacet
  facet normal 0.266191 0.96392 -0
    outer loop
      vertex -16.7798 1.82709 1.3
      vertex -16.9249 1.86716 2.5
      vertex -16.7798 1.82709 2.5
    endloop
  endfacet
  facet normal 0.266191 0.96392 0
    outer loop
      vertex -16.9249 1.86716 2.5
      vertex -16.7798 1.82709 1.3
      vertex -16.9249 1.86716 1.3
    endloop
  endfacet
  facet normal -0.229827 0.973231 0
    outer loop
      vertex -18.9271 1.90211 1.3
      vertex -19.0751 1.86716 2.5
      vertex -18.9271 1.90211 2.5
    endloop
  endfacet
  facet normal -0.229827 0.973231 0
    outer loop
      vertex -19.0751 1.86716 2.5
      vertex -18.9271 1.90211 1.3
      vertex -19.0751 1.86716 1.3
    endloop
  endfacet
  facet normal 0.302971 0.953 -0
    outer loop
      vertex -16.638 1.78201 1.3
      vertex -16.7798 1.82709 2.5
      vertex -16.638 1.78201 2.5
    endloop
  endfacet
  facet normal 0.302971 0.953 0
    outer loop
      vertex -16.7798 1.82709 2.5
      vertex -16.638 1.78201 1.3
      vertex -16.7798 1.82709 1.3
    endloop
  endfacet
  facet normal 0.340408 0.940278 -0
    outer loop
      vertex -16.5 1.73205 1.3
      vertex -16.638 1.78201 2.5
      vertex -16.5 1.73205 2.5
    endloop
  endfacet
  facet normal 0.340408 0.940278 0
    outer loop
      vertex -16.638 1.78201 2.5
      vertex -16.5 1.73205 1.3
      vertex -16.638 1.78201 1.3
    endloop
  endfacet
  facet normal 0.574884 0.818235 -0
    outer loop
      vertex -15.7706 1.33826 1.3
      vertex -15.8787 1.41421 2.5
      vertex -15.7706 1.33826 2.5
    endloop
  endfacet
  facet normal 0.574884 0.818235 0
    outer loop
      vertex -15.8787 1.41421 2.5
      vertex -15.7706 1.33826 1.3
      vertex -15.8787 1.41421 1.3
    endloop
  endfacet
  facet normal 0.193735 -0.981054 0
    outer loop
      vertex -17.2235 -1.93185 1.3
      vertex -17.0729 -1.90211 2.5
      vertex -17.2235 -1.93185 2.5
    endloop
  endfacet
  facet normal 0.193735 -0.981054 0
    outer loop
      vertex -17.0729 -1.90211 2.5
      vertex -17.2235 -1.93185 1.3
      vertex -17.0729 -1.90211 1.3
    endloop
  endfacet
  facet normal 0.81335 0.581775 0
    outer loop
      vertex -15.2594 0.813473 2.5
      vertex -15.327 0.907981 1.3
      vertex -15.327 0.907981 2.5
    endloop
  endfacet
  facet normal 0.81335 0.581775 0
    outer loop
      vertex -15.327 0.907981 1.3
      vertex -15.2594 0.813473 2.5
      vertex -15.2594 0.813473 1.3
    endloop
  endfacet
  facet normal 0.158003 -0.987439 0
    outer loop
      vertex -17.3763 -1.9563 1.3
      vertex -17.2235 -1.93185 2.5
      vertex -17.3763 -1.9563 2.5
    endloop
  endfacet
  facet normal 0.158003 -0.987439 0
    outer loop
      vertex -17.2235 -1.93185 2.5
      vertex -17.3763 -1.9563 1.3
      vertex -17.2235 -1.93185 1.3
    endloop
  endfacet
  facet normal 0.534752 0.845009 -0
    outer loop
      vertex -15.8787 1.41421 1.3
      vertex -15.9926 1.48629 2.5
      vertex -15.8787 1.41421 2.5
    endloop
  endfacet
  facet normal 0.534752 0.845009 0
    outer loop
      vertex -15.9926 1.48629 2.5
      vertex -15.8787 1.41421 1.3
      vertex -15.9926 1.48629 1.3
    endloop
  endfacet
  facet normal -0.455426 -0.890274 0
    outer loop
      vertex -19.888 -1.55429 1.3
      vertex -19.7634 -1.61803 2.5
      vertex -19.888 -1.55429 2.5
    endloop
  endfacet
  facet normal -0.455426 -0.890274 -0
    outer loop
      vertex -19.7634 -1.61803 2.5
      vertex -19.888 -1.55429 1.3
      vertex -19.7634 -1.61803 1.3
    endloop
  endfacet
  facet normal -0.981054 -0.193733 0
    outer loop
      vertex -20.9631 -0.312868 1.3
      vertex -20.9836 -0.209057 2.5
      vertex -20.9836 -0.209057 1.3
    endloop
  endfacet
  facet normal -0.981054 -0.193733 0
    outer loop
      vertex -20.9836 -0.209057 2.5
      vertex -20.9631 -0.312868 1.3
      vertex -20.9631 -0.312868 2.5
    endloop
  endfacet
  facet normal -0.999234 0.0391403 0
    outer loop
      vertex -21 0 1.3
      vertex -20.9959 0.104671 2.5
      vertex -20.9959 0.104671 1.3
    endloop
  endfacet
  facet normal -0.999234 0.0391403 0
    outer loop
      vertex -20.9959 0.104671 2.5
      vertex -21 0 1.3
      vertex -21 0 2.5
    endloop
  endfacet
  facet normal 0.941044 0.338285 0
    outer loop
      vertex -15.0656 0.415823 2.5
      vertex -15.1022 0.517637 1.3
      vertex -15.1022 0.517637 2.5
    endloop
  endfacet
  facet normal 0.941044 0.338285 0
    outer loop
      vertex -15.1022 0.517637 1.3
      vertex -15.0656 0.415823 2.5
      vertex -15.0656 0.415823 1.3
    endloop
  endfacet
  facet normal 0.158003 0.987439 -0
    outer loop
      vertex -17.2235 1.93185 1.3
      vertex -17.3763 1.9563 2.5
      vertex -17.2235 1.93185 2.5
    endloop
  endfacet
  facet normal 0.158003 0.987439 0
    outer loop
      vertex -17.3763 1.9563 2.5
      vertex -17.2235 1.93185 1.3
      vertex -17.3763 1.9563 1.3
    endloop
  endfacet
  facet normal 0.981054 -0.193733 0
    outer loop
      vertex -15.0369 -0.312868 2.5
      vertex -15.0164 -0.209057 1.3
      vertex -15.0164 -0.209057 2.5
    endloop
  endfacet
  facet normal 0.981054 -0.193733 0
    outer loop
      vertex -15.0164 -0.209057 1.3
      vertex -15.0369 -0.312868 2.5
      vertex -15.0369 -0.312868 1.3
    endloop
  endfacet
  facet normal -0.534752 -0.845009 0
    outer loop
      vertex -20.1213 -1.41421 1.3
      vertex -20.0074 -1.48629 2.5
      vertex -20.1213 -1.41421 2.5
    endloop
  endfacet
  facet normal -0.534752 -0.845009 -0
    outer loop
      vertex -20.0074 -1.48629 2.5
      vertex -20.1213 -1.41421 1.3
      vertex -20.0074 -1.48629 1.3
    endloop
  endfacet
  facet normal 0.655516 0.755181 -0
    outer loop
      vertex -15.5729 1.17557 1.3
      vertex -15.6686 1.25864 2.5
      vertex -15.5729 1.17557 2.5
    endloop
  endfacet
  facet normal 0.655516 0.755181 0
    outer loop
      vertex -15.6686 1.25864 2.5
      vertex -15.5729 1.17557 1.3
      vertex -15.6686 1.25864 1.3
    endloop
  endfacet
  facet normal -0.266191 -0.96392 0
    outer loop
      vertex -19.2202 -1.82709 1.3
      vertex -19.0751 -1.86716 2.5
      vertex -19.2202 -1.82709 2.5
    endloop
  endfacet
  facet normal -0.266191 -0.96392 -0
    outer loop
      vertex -19.0751 -1.86716 2.5
      vertex -19.2202 -1.82709 1.3
      vertex -19.0751 -1.86716 1.3
    endloop
  endfacet
  facet normal -0.302971 0.953 0
    outer loop
      vertex -19.2202 1.82709 1.3
      vertex -19.362 1.78201 2.5
      vertex -19.2202 1.82709 2.5
    endloop
  endfacet
  facet normal -0.302971 0.953 0
    outer loop
      vertex -19.362 1.78201 2.5
      vertex -19.2202 1.82709 1.3
      vertex -19.362 1.78201 1.3
    endloop
  endfacet
  facet normal -0.993129 -0.117022 0
    outer loop
      vertex -20.9836 -0.209057 1.3
      vertex -20.9959 -0.104671 2.5
      vertex -20.9959 -0.104671 1.3
    endloop
  endfacet
  facet normal -0.993129 -0.117022 0
    outer loop
      vertex -20.9959 -0.104671 2.5
      vertex -20.9836 -0.209057 1.3
      vertex -20.9836 -0.209057 2.5
    endloop
  endfacet
  facet normal -0.882878 0.469602 0
    outer loop
      vertex -20.8532 0.618033 1.3
      vertex -20.8007 0.716736 2.5
      vertex -20.8007 0.716736 1.3
    endloop
  endfacet
  facet normal -0.882878 0.469602 0
    outer loop
      vertex -20.8007 0.716736 2.5
      vertex -20.8532 0.618033 1.3
      vertex -20.8532 0.618033 2.5
    endloop
  endfacet
  facet normal 0.993129 -0.117022 0
    outer loop
      vertex -15.0164 -0.209057 2.5
      vertex -15.0041 -0.104671 1.3
      vertex -15.0041 -0.104671 2.5
    endloop
  endfacet
  facet normal 0.993129 -0.117022 0
    outer loop
      vertex -15.0041 -0.104671 1.3
      vertex -15.0164 -0.209057 2.5
      vertex -15.0164 -0.209057 1.3
    endloop
  endfacet
  facet normal -0.0174496 -0.999848 0
    outer loop
      vertex -18.157 -1.99726 1.3
      vertex -18 -2 2.5
      vertex -18.157 -1.99726 2.5
    endloop
  endfacet
  facet normal -0.0174496 -0.999848 -0
    outer loop
      vertex -18 -2 2.5
      vertex -18.157 -1.99726 1.3
      vertex -18 -2 1.3
    endloop
  endfacet
  facet normal -0.534752 0.845009 0
    outer loop
      vertex -20.0074 1.48629 1.3
      vertex -20.1213 1.41421 2.5
      vertex -20.0074 1.48629 2.5
    endloop
  endfacet
  facet normal -0.534752 0.845009 0
    outer loop
      vertex -20.1213 1.41421 2.5
      vertex -20.0074 1.48629 1.3
      vertex -20.1213 1.41421 1.3
    endloop
  endfacet
  facet normal -0.963273 0.268524 0
    outer loop
      vertex -20.9631 0.312868 1.3
      vertex -20.9344 0.415823 2.5
      vertex -20.9344 0.415823 1.3
    endloop
  endfacet
  facet normal -0.963273 0.268524 0
    outer loop
      vertex -20.9344 0.415823 2.5
      vertex -20.9631 0.312868 1.3
      vertex -20.9631 0.312868 2.5
    endloop
  endfacet
  facet normal 0.882878 0.469602 0
    outer loop
      vertex -15.1468 0.618033 2.5
      vertex -15.1993 0.716736 1.3
      vertex -15.1993 0.716736 2.5
    endloop
  endfacet
  facet normal 0.882878 0.469602 0
    outer loop
      vertex -15.1993 0.716736 1.3
      vertex -15.1468 0.618033 2.5
      vertex -15.1468 0.618033 1.3
    endloop
  endfacet
  facet normal -0.340408 -0.940278 0
    outer loop
      vertex -19.5 -1.73205 1.3
      vertex -19.362 -1.78201 2.5
      vertex -19.5 -1.73205 2.5
    endloop
  endfacet
  facet normal -0.340408 -0.940278 -0
    outer loop
      vertex -19.362 -1.78201 2.5
      vertex -19.5 -1.73205 1.3
      vertex -19.362 -1.78201 1.3
    endloop
  endfacet
  facet normal 0.736085 0.676889 0
    outer loop
      vertex -15.4019 1 2.5
      vertex -15.484 1.08928 1.3
      vertex -15.484 1.08928 2.5
    endloop
  endfacet
  facet normal 0.736085 0.676889 0
    outer loop
      vertex -15.484 1.08928 1.3
      vertex -15.4019 1 2.5
      vertex -15.4019 1 1.3
    endloop
  endfacet
  facet normal -0.0524183 -0.998625 0
    outer loop
      vertex -18.3136 -1.98904 1.3
      vertex -18.157 -1.99726 2.5
      vertex -18.3136 -1.98904 2.5
    endloop
  endfacet
  facet normal -0.0524183 -0.998625 -0
    outer loop
      vertex -18.157 -1.99726 2.5
      vertex -18.3136 -1.98904 1.3
      vertex -18.157 -1.99726 1.3
    endloop
  endfacet
  facet normal 0.455426 -0.890274 0
    outer loop
      vertex -16.2366 -1.61803 1.3
      vertex -16.112 -1.55429 2.5
      vertex -16.2366 -1.61803 2.5
    endloop
  endfacet
  facet normal 0.455426 -0.890274 0
    outer loop
      vertex -16.112 -1.55429 2.5
      vertex -16.2366 -1.61803 1.3
      vertex -16.112 -1.55429 1.3
    endloop
  endfacet
  facet normal 0.0524183 -0.998625 0
    outer loop
      vertex -17.843 -1.99726 1.3
      vertex -17.6864 -1.98904 2.5
      vertex -17.843 -1.99726 2.5
    endloop
  endfacet
  facet normal 0.0524183 -0.998625 0
    outer loop
      vertex -17.6864 -1.98904 2.5
      vertex -17.843 -1.99726 1.3
      vertex -17.6864 -1.98904 1.3
    endloop
  endfacet
  facet normal 0.61532 -0.788277 0
    outer loop
      vertex -15.7706 -1.33826 1.3
      vertex -15.6686 -1.25864 2.5
      vertex -15.7706 -1.33826 2.5
    endloop
  endfacet
  facet normal 0.61532 -0.788277 0
    outer loop
      vertex -15.6686 -1.25864 2.5
      vertex -15.7706 -1.33826 1.3
      vertex -15.6686 -1.25864 1.3
    endloop
  endfacet
  facet normal -0.266191 0.96392 0
    outer loop
      vertex -19.0751 1.86716 1.3
      vertex -19.2202 1.82709 2.5
      vertex -19.0751 1.86716 2.5
    endloop
  endfacet
  facet normal -0.266191 0.96392 0
    outer loop
      vertex -19.2202 1.82709 2.5
      vertex -19.0751 1.86716 1.3
      vertex -19.2202 1.82709 1.3
    endloop
  endfacet
  facet normal -0.122642 -0.992451 0
    outer loop
      vertex -18.6237 -1.9563 1.3
      vertex -18.4693 -1.97538 2.5
      vertex -18.6237 -1.9563 2.5
    endloop
  endfacet
  facet normal -0.122642 -0.992451 -0
    outer loop
      vertex -18.4693 -1.97538 2.5
      vertex -18.6237 -1.9563 1.3
      vertex -18.4693 -1.97538 1.3
    endloop
  endfacet
  facet normal -0.81335 0.581775 0
    outer loop
      vertex -20.7406 0.813473 1.3
      vertex -20.673 0.907981 2.5
      vertex -20.673 0.907981 1.3
    endloop
  endfacet
  facet normal -0.81335 0.581775 0
    outer loop
      vertex -20.673 0.907981 2.5
      vertex -20.7406 0.813473 1.3
      vertex -20.7406 0.813473 2.5
    endloop
  endfacet
  facet normal 0.849418 0.52772 0
    outer loop
      vertex -15.1993 0.716736 2.5
      vertex -15.2594 0.813473 1.3
      vertex -15.2594 0.813473 2.5
    endloop
  endfacet
  facet normal 0.849418 0.52772 0
    outer loop
      vertex -15.2594 0.813473 1.3
      vertex -15.1993 0.716736 2.5
      vertex -15.1993 0.716736 1.3
    endloop
  endfacet
  facet normal 0.229827 0.973231 -0
    outer loop
      vertex -16.9249 1.86716 1.3
      vertex -17.0729 1.90211 2.5
      vertex -16.9249 1.86716 2.5
    endloop
  endfacet
  facet normal 0.229827 0.973231 0
    outer loop
      vertex -17.0729 1.90211 2.5
      vertex -16.9249 1.86716 1.3
      vertex -17.0729 1.90211 1.3
    endloop
  endfacet
  facet normal 0.0174496 -0.999848 0
    outer loop
      vertex -18 -2 1.3
      vertex -17.843 -1.99726 2.5
      vertex -18 -2 2.5
    endloop
  endfacet
  facet normal 0.0174496 -0.999848 0
    outer loop
      vertex -17.843 -1.99726 2.5
      vertex -18 -2 1.3
      vertex -17.843 -1.99726 1.3
    endloop
  endfacet
  facet normal 0.941044 -0.338285 0
    outer loop
      vertex -15.1022 -0.517637 2.5
      vertex -15.0656 -0.415823 1.3
      vertex -15.0656 -0.415823 2.5
    endloop
  endfacet
  facet normal 0.941044 -0.338285 0
    outer loop
      vertex -15.0656 -0.415823 1.3
      vertex -15.1022 -0.517637 2.5
      vertex -15.1022 -0.517637 1.3
    endloop
  endfacet
  facet normal -0.993129 0.117022 0
    outer loop
      vertex -20.9959 0.104671 1.3
      vertex -20.9836 0.209057 2.5
      vertex -20.9836 0.209057 1.3
    endloop
  endfacet
  facet normal -0.993129 0.117022 0
    outer loop
      vertex -20.9836 0.209057 2.5
      vertex -20.9959 0.104671 1.3
      vertex -20.9959 0.104671 2.5
    endloop
  endfacet
  facet normal -0.340408 0.940278 0
    outer loop
      vertex -19.362 1.78201 1.3
      vertex -19.5 1.73205 2.5
      vertex -19.362 1.78201 2.5
    endloop
  endfacet
  facet normal -0.340408 0.940278 0
    outer loop
      vertex -19.5 1.73205 2.5
      vertex -19.362 1.78201 1.3
      vertex -19.5 1.73205 1.3
    endloop
  endfacet
  facet normal -0.378234 0.92571 0
    outer loop
      vertex -19.5 1.73205 1.3
      vertex -19.6339 1.67734 2.5
      vertex -19.5 1.73205 2.5
    endloop
  endfacet
  facet normal -0.378234 0.92571 0
    outer loop
      vertex -19.6339 1.67734 2.5
      vertex -19.5 1.73205 1.3
      vertex -19.6339 1.67734 1.3
    endloop
  endfacet
  facet normal -0.0873971 -0.996174 0
    outer loop
      vertex -18.4693 -1.97538 1.3
      vertex -18.3136 -1.98904 2.5
      vertex -18.4693 -1.97538 2.5
    endloop
  endfacet
  facet normal -0.0873971 -0.996174 -0
    outer loop
      vertex -18.3136 -1.98904 2.5
      vertex -18.4693 -1.97538 1.3
      vertex -18.3136 -1.98904 1.3
    endloop
  endfacet
  facet normal 0.378234 -0.92571 0
    outer loop
      vertex -16.5 -1.73205 1.3
      vertex -16.3661 -1.67734 2.5
      vertex -16.5 -1.73205 2.5
    endloop
  endfacet
  facet normal 0.378234 -0.92571 0
    outer loop
      vertex -16.3661 -1.67734 2.5
      vertex -16.5 -1.73205 1.3
      vertex -16.3661 -1.67734 1.3
    endloop
  endfacet
  facet normal 0.534752 -0.845009 0
    outer loop
      vertex -15.9926 -1.48629 1.3
      vertex -15.8787 -1.41421 2.5
      vertex -15.9926 -1.48629 2.5
    endloop
  endfacet
  facet normal 0.534752 -0.845009 0
    outer loop
      vertex -15.8787 -1.41421 2.5
      vertex -15.9926 -1.48629 1.3
      vertex -15.8787 -1.41421 1.3
    endloop
  endfacet
  facet normal -0.882878 -0.469602 0
    outer loop
      vertex -20.8007 -0.716736 1.3
      vertex -20.8532 -0.618033 2.5
      vertex -20.8532 -0.618033 1.3
    endloop
  endfacet
  facet normal -0.882878 -0.469602 0
    outer loop
      vertex -20.8532 -0.618033 2.5
      vertex -20.8007 -0.716736 1.3
      vertex -20.8007 -0.716736 2.5
    endloop
  endfacet
  facet normal 0.122642 0.992451 -0
    outer loop
      vertex -17.3763 1.9563 1.3
      vertex -17.5307 1.97538 2.5
      vertex -17.3763 1.9563 2.5
    endloop
  endfacet
  facet normal 0.122642 0.992451 0
    outer loop
      vertex -17.5307 1.97538 2.5
      vertex -17.3763 1.9563 1.3
      vertex -17.5307 1.97538 1.3
    endloop
  endfacet
  facet normal -0.913881 0.405983 0
    outer loop
      vertex -20.8978 0.517637 1.3
      vertex -20.8532 0.618033 2.5
      vertex -20.8532 0.618033 1.3
    endloop
  endfacet
  facet normal -0.913881 0.405983 0
    outer loop
      vertex -20.8532 0.618033 2.5
      vertex -20.8978 0.517637 1.3
      vertex -20.8978 0.517637 2.5
    endloop
  endfacet
  facet normal -0.736085 0.676889 0
    outer loop
      vertex -20.5981 1 1.3
      vertex -20.516 1.08928 2.5
      vertex -20.516 1.08928 1.3
    endloop
  endfacet
  facet normal -0.736085 0.676889 0
    outer loop
      vertex -20.516 1.08928 2.5
      vertex -20.5981 1 1.3
      vertex -20.5981 1 2.5
    endloop
  endfacet
  facet normal -0.696495 0.717562 0
    outer loop
      vertex -20.4271 1.17557 1.3
      vertex -20.516 1.08928 2.5
      vertex -20.4271 1.17557 2.5
    endloop
  endfacet
  facet normal -0.696495 0.717562 0
    outer loop
      vertex -20.516 1.08928 2.5
      vertex -20.4271 1.17557 1.3
      vertex -20.516 1.08928 1.3
    endloop
  endfacet
  facet normal 0.61532 0.788277 -0
    outer loop
      vertex -15.6686 1.25864 1.3
      vertex -15.7706 1.33826 2.5
      vertex -15.6686 1.25864 2.5
    endloop
  endfacet
  facet normal 0.61532 0.788277 0
    outer loop
      vertex -15.7706 1.33826 2.5
      vertex -15.6686 1.25864 1.3
      vertex -15.7706 1.33826 1.3
    endloop
  endfacet
  facet normal 0.963273 0.268524 0
    outer loop
      vertex -15.0369 0.312868 2.5
      vertex -15.0656 0.415823 1.3
      vertex -15.0656 0.415823 2.5
    endloop
  endfacet
  facet normal 0.963273 0.268524 0
    outer loop
      vertex -15.0656 0.415823 1.3
      vertex -15.0369 0.312868 2.5
      vertex -15.0369 0.312868 1.3
    endloop
  endfacet
  facet normal 0.736085 -0.676889 0
    outer loop
      vertex -15.484 -1.08928 2.5
      vertex -15.4019 -1 1.3
      vertex -15.4019 -1 2.5
    endloop
  endfacet
  facet normal 0.736085 -0.676889 0
    outer loop
      vertex -15.4019 -1 1.3
      vertex -15.484 -1.08928 2.5
      vertex -15.484 -1.08928 1.3
    endloop
  endfacet
  facet normal -0.229827 -0.973231 0
    outer loop
      vertex -19.0751 -1.86716 1.3
      vertex -18.9271 -1.90211 2.5
      vertex -19.0751 -1.86716 2.5
    endloop
  endfacet
  facet normal -0.229827 -0.973231 -0
    outer loop
      vertex -18.9271 -1.90211 2.5
      vertex -19.0751 -1.86716 1.3
      vertex -18.9271 -1.90211 1.3
    endloop
  endfacet
  facet normal 0.0524183 0.998625 -0
    outer loop
      vertex -17.6864 1.98904 1.3
      vertex -17.843 1.99726 2.5
      vertex -17.6864 1.98904 2.5
    endloop
  endfacet
  facet normal 0.0524183 0.998625 0
    outer loop
      vertex -17.843 1.99726 2.5
      vertex -17.6864 1.98904 1.3
      vertex -17.843 1.99726 1.3
    endloop
  endfacet
  facet normal -0.775559 -0.631276 0
    outer loop
      vertex -20.5981 -1 1.3
      vertex -20.673 -0.907981 2.5
      vertex -20.673 -0.907981 1.3
    endloop
  endfacet
  facet normal -0.775559 -0.631276 0
    outer loop
      vertex -20.673 -0.907981 2.5
      vertex -20.5981 -1 1.3
      vertex -20.5981 -1 2.5
    endloop
  endfacet
  facet normal 0.455426 0.890274 -0
    outer loop
      vertex -16.112 1.55429 1.3
      vertex -16.2366 1.61803 2.5
      vertex -16.112 1.55429 2.5
    endloop
  endfacet
  facet normal 0.455426 0.890274 0
    outer loop
      vertex -16.2366 1.61803 2.5
      vertex -16.112 1.55429 1.3
      vertex -16.2366 1.61803 1.3
    endloop
  endfacet
  facet normal 0.416398 -0.909182 0
    outer loop
      vertex -16.3661 -1.67734 1.3
      vertex -16.2366 -1.61803 2.5
      vertex -16.3661 -1.67734 2.5
    endloop
  endfacet
  facet normal 0.416398 -0.909182 0
    outer loop
      vertex -16.2366 -1.61803 2.5
      vertex -16.3661 -1.67734 1.3
      vertex -16.2366 -1.61803 1.3
    endloop
  endfacet
  facet normal 0.981054 0.193733 0
    outer loop
      vertex -15.0164 0.209057 2.5
      vertex -15.0369 0.312868 1.3
      vertex -15.0369 0.312868 2.5
    endloop
  endfacet
  facet normal 0.981054 0.193733 0
    outer loop
      vertex -15.0369 0.312868 1.3
      vertex -15.0164 0.209057 2.5
      vertex -15.0164 0.209057 1.3
    endloop
  endfacet
  facet normal 0.696495 0.717562 -0
    outer loop
      vertex -15.484 1.08928 1.3
      vertex -15.5729 1.17557 2.5
      vertex -15.484 1.08928 2.5
    endloop
  endfacet
  facet normal 0.696495 0.717562 0
    outer loop
      vertex -15.5729 1.17557 2.5
      vertex -15.484 1.08928 1.3
      vertex -15.5729 1.17557 1.3
    endloop
  endfacet
  facet normal -0.574884 -0.818235 0
    outer loop
      vertex -20.2294 -1.33826 1.3
      vertex -20.1213 -1.41421 2.5
      vertex -20.2294 -1.33826 2.5
    endloop
  endfacet
  facet normal -0.574884 -0.818235 -0
    outer loop
      vertex -20.1213 -1.41421 2.5
      vertex -20.2294 -1.33826 1.3
      vertex -20.1213 -1.41421 1.3
    endloop
  endfacet
  facet normal 0.122642 -0.992451 0
    outer loop
      vertex -17.5307 -1.97538 1.3
      vertex -17.3763 -1.9563 2.5
      vertex -17.5307 -1.97538 2.5
    endloop
  endfacet
  facet normal 0.122642 -0.992451 0
    outer loop
      vertex -17.3763 -1.9563 2.5
      vertex -17.5307 -1.97538 1.3
      vertex -17.3763 -1.9563 1.3
    endloop
  endfacet
  facet normal -0.0524183 0.998625 0
    outer loop
      vertex -18.157 1.99726 1.3
      vertex -18.3136 1.98904 2.5
      vertex -18.157 1.99726 2.5
    endloop
  endfacet
  facet normal -0.0524183 0.998625 0
    outer loop
      vertex -18.3136 1.98904 2.5
      vertex -18.157 1.99726 1.3
      vertex -18.3136 1.98904 1.3
    endloop
  endfacet
  facet normal 0.416398 0.909182 -0
    outer loop
      vertex -16.2366 1.61803 1.3
      vertex -16.3661 1.67734 2.5
      vertex -16.2366 1.61803 2.5
    endloop
  endfacet
  facet normal 0.416398 0.909182 0
    outer loop
      vertex -16.3661 1.67734 2.5
      vertex -16.2366 1.61803 1.3
      vertex -16.3661 1.67734 1.3
    endloop
  endfacet
  facet normal 0.81335 -0.581775 0
    outer loop
      vertex -15.327 -0.907981 2.5
      vertex -15.2594 -0.813473 1.3
      vertex -15.2594 -0.813473 2.5
    endloop
  endfacet
  facet normal 0.81335 -0.581775 0
    outer loop
      vertex -15.2594 -0.813473 1.3
      vertex -15.327 -0.907981 2.5
      vertex -15.327 -0.907981 1.3
    endloop
  endfacet
  facet normal 0.775559 -0.631276 0
    outer loop
      vertex -15.4019 -1 2.5
      vertex -15.327 -0.907981 1.3
      vertex -15.327 -0.907981 2.5
    endloop
  endfacet
  facet normal 0.775559 -0.631276 0
    outer loop
      vertex -15.327 -0.907981 1.3
      vertex -15.4019 -1 2.5
      vertex -15.4019 -1 1.3
    endloop
  endfacet
  facet normal 0.266191 -0.96392 0
    outer loop
      vertex -16.9249 -1.86716 1.3
      vertex -16.7798 -1.82709 2.5
      vertex -16.9249 -1.86716 2.5
    endloop
  endfacet
  facet normal 0.266191 -0.96392 0
    outer loop
      vertex -16.7798 -1.82709 2.5
      vertex -16.9249 -1.86716 1.3
      vertex -16.7798 -1.82709 1.3
    endloop
  endfacet
  facet normal -0.655516 0.755181 0
    outer loop
      vertex -20.3314 1.25864 1.3
      vertex -20.4271 1.17557 2.5
      vertex -20.3314 1.25864 2.5
    endloop
  endfacet
  facet normal -0.655516 0.755181 0
    outer loop
      vertex -20.4271 1.17557 2.5
      vertex -20.3314 1.25864 1.3
      vertex -20.4271 1.17557 1.3
    endloop
  endfacet
  facet normal -0.122642 0.992451 0
    outer loop
      vertex -18.4693 1.97538 1.3
      vertex -18.6237 1.9563 2.5
      vertex -18.4693 1.97538 2.5
    endloop
  endfacet
  facet normal -0.122642 0.992451 0
    outer loop
      vertex -18.6237 1.9563 2.5
      vertex -18.4693 1.97538 1.3
      vertex -18.6237 1.9563 1.3
    endloop
  endfacet
  facet normal -0.302971 -0.953 0
    outer loop
      vertex -19.362 -1.78201 1.3
      vertex -19.2202 -1.82709 2.5
      vertex -19.362 -1.78201 2.5
    endloop
  endfacet
  facet normal -0.302971 -0.953 -0
    outer loop
      vertex -19.2202 -1.82709 2.5
      vertex -19.362 -1.78201 1.3
      vertex -19.2202 -1.82709 1.3
    endloop
  endfacet
  facet normal -0.61532 -0.788277 0
    outer loop
      vertex -20.3314 -1.25864 1.3
      vertex -20.2294 -1.33826 2.5
      vertex -20.3314 -1.25864 2.5
    endloop
  endfacet
  facet normal -0.61532 -0.788277 -0
    outer loop
      vertex -20.2294 -1.33826 2.5
      vertex -20.3314 -1.25864 1.3
      vertex -20.2294 -1.33826 1.3
    endloop
  endfacet
  facet normal 0.0873971 -0.996174 0
    outer loop
      vertex -17.6864 -1.98904 1.3
      vertex -17.5307 -1.97538 2.5
      vertex -17.6864 -1.98904 2.5
    endloop
  endfacet
  facet normal 0.0873971 -0.996174 0
    outer loop
      vertex -17.5307 -1.97538 2.5
      vertex -17.6864 -1.98904 1.3
      vertex -17.5307 -1.97538 1.3
    endloop
  endfacet
  facet normal 0.494884 -0.868959 0
    outer loop
      vertex -16.112 -1.55429 1.3
      vertex -15.9926 -1.48629 2.5
      vertex -16.112 -1.55429 2.5
    endloop
  endfacet
  facet normal 0.494884 -0.868959 0
    outer loop
      vertex -15.9926 -1.48629 2.5
      vertex -16.112 -1.55429 1.3
      vertex -15.9926 -1.48629 1.3
    endloop
  endfacet
  facet normal -0.963273 -0.268524 0
    outer loop
      vertex -20.9344 -0.415823 1.3
      vertex -20.9631 -0.312868 2.5
      vertex -20.9631 -0.312868 1.3
    endloop
  endfacet
  facet normal -0.963273 -0.268524 0
    outer loop
      vertex -20.9631 -0.312868 2.5
      vertex -20.9344 -0.415823 1.3
      vertex -20.9344 -0.415823 2.5
    endloop
  endfacet
  facet normal 0.378234 0.92571 -0
    outer loop
      vertex -16.3661 1.67734 1.3
      vertex -16.5 1.73205 2.5
      vertex -16.3661 1.67734 2.5
    endloop
  endfacet
  facet normal 0.378234 0.92571 0
    outer loop
      vertex -16.5 1.73205 2.5
      vertex -16.3661 1.67734 1.3
      vertex -16.5 1.73205 1.3
    endloop
  endfacet
  facet normal -0.61532 0.788277 0
    outer loop
      vertex -20.2294 1.33826 1.3
      vertex -20.3314 1.25864 2.5
      vertex -20.2294 1.33826 2.5
    endloop
  endfacet
  facet normal -0.61532 0.788277 0
    outer loop
      vertex -20.3314 1.25864 2.5
      vertex -20.2294 1.33826 1.3
      vertex -20.3314 1.25864 1.3
    endloop
  endfacet
  facet normal 0.655516 -0.755181 0
    outer loop
      vertex -15.6686 -1.25864 1.3
      vertex -15.5729 -1.17557 2.5
      vertex -15.6686 -1.25864 2.5
    endloop
  endfacet
  facet normal 0.655516 -0.755181 0
    outer loop
      vertex -15.5729 -1.17557 2.5
      vertex -15.6686 -1.25864 1.3
      vertex -15.5729 -1.17557 1.3
    endloop
  endfacet
  facet normal 0.963273 -0.268524 0
    outer loop
      vertex -15.0656 -0.415823 2.5
      vertex -15.0369 -0.312868 1.3
      vertex -15.0369 -0.312868 2.5
    endloop
  endfacet
  facet normal 0.963273 -0.268524 0
    outer loop
      vertex -15.0369 -0.312868 1.3
      vertex -15.0656 -0.415823 2.5
      vertex -15.0656 -0.415823 1.3
    endloop
  endfacet
  facet normal -0.193735 -0.981054 0
    outer loop
      vertex -18.9271 -1.90211 1.3
      vertex -18.7765 -1.93185 2.5
      vertex -18.9271 -1.90211 2.5
    endloop
  endfacet
  facet normal -0.193735 -0.981054 -0
    outer loop
      vertex -18.7765 -1.93185 2.5
      vertex -18.9271 -1.90211 1.3
      vertex -18.7765 -1.93185 1.3
    endloop
  endfacet
  facet normal -0.158003 -0.987439 0
    outer loop
      vertex -18.7765 -1.93185 1.3
      vertex -18.6237 -1.9563 2.5
      vertex -18.7765 -1.93185 2.5
    endloop
  endfacet
  facet normal -0.158003 -0.987439 -0
    outer loop
      vertex -18.6237 -1.9563 2.5
      vertex -18.7765 -1.93185 1.3
      vertex -18.6237 -1.9563 1.3
    endloop
  endfacet
  facet normal -0.574884 0.818235 0
    outer loop
      vertex -20.1213 1.41421 1.3
      vertex -20.2294 1.33826 2.5
      vertex -20.1213 1.41421 2.5
    endloop
  endfacet
  facet normal -0.574884 0.818235 0
    outer loop
      vertex -20.2294 1.33826 2.5
      vertex -20.1213 1.41421 1.3
      vertex -20.2294 1.33826 1.3
    endloop
  endfacet
  facet normal -0.696495 -0.717562 0
    outer loop
      vertex -20.516 -1.08928 1.3
      vertex -20.4271 -1.17557 2.5
      vertex -20.516 -1.08928 2.5
    endloop
  endfacet
  facet normal -0.696495 -0.717562 -0
    outer loop
      vertex -20.4271 -1.17557 2.5
      vertex -20.516 -1.08928 1.3
      vertex -20.4271 -1.17557 1.3
    endloop
  endfacet
  facet normal -0.455426 0.890274 0
    outer loop
      vertex -19.7634 1.61803 1.3
      vertex -19.888 1.55429 2.5
      vertex -19.7634 1.61803 2.5
    endloop
  endfacet
  facet normal -0.455426 0.890274 0
    outer loop
      vertex -19.888 1.55429 2.5
      vertex -19.7634 1.61803 1.3
      vertex -19.888 1.55429 1.3
    endloop
  endfacet
  facet normal -0.416398 0.909182 0
    outer loop
      vertex -19.6339 1.67734 1.3
      vertex -19.7634 1.61803 2.5
      vertex -19.6339 1.67734 2.5
    endloop
  endfacet
  facet normal -0.416398 0.909182 0
    outer loop
      vertex -19.7634 1.61803 2.5
      vertex -19.6339 1.67734 1.3
      vertex -19.7634 1.61803 1.3
    endloop
  endfacet
  facet normal -0.775559 0.631276 0
    outer loop
      vertex -20.673 0.907981 1.3
      vertex -20.5981 1 2.5
      vertex -20.5981 1 1.3
    endloop
  endfacet
  facet normal -0.775559 0.631276 0
    outer loop
      vertex -20.5981 1 2.5
      vertex -20.673 0.907981 1.3
      vertex -20.673 0.907981 2.5
    endloop
  endfacet
  facet normal -0.981054 0.193733 0
    outer loop
      vertex -20.9836 0.209057 1.3
      vertex -20.9631 0.312868 2.5
      vertex -20.9631 0.312868 1.3
    endloop
  endfacet
  facet normal -0.981054 0.193733 0
    outer loop
      vertex -20.9631 0.312868 2.5
      vertex -20.9836 0.209057 1.3
      vertex -20.9836 0.209057 2.5
    endloop
  endfacet
  facet normal -0.158003 0.987439 0
    outer loop
      vertex -18.6237 1.9563 1.3
      vertex -18.7765 1.93185 2.5
      vertex -18.6237 1.9563 2.5
    endloop
  endfacet
  facet normal -0.158003 0.987439 0
    outer loop
      vertex -18.7765 1.93185 2.5
      vertex -18.6237 1.9563 1.3
      vertex -18.7765 1.93185 1.3
    endloop
  endfacet
  facet normal -0.193735 0.981054 0
    outer loop
      vertex -18.7765 1.93185 1.3
      vertex -18.9271 1.90211 2.5
      vertex -18.7765 1.93185 2.5
    endloop
  endfacet
  facet normal -0.193735 0.981054 0
    outer loop
      vertex -18.9271 1.90211 2.5
      vertex -18.7765 1.93185 1.3
      vertex -18.9271 1.90211 1.3
    endloop
  endfacet
  facet normal -0.849418 0.52772 0
    outer loop
      vertex -20.8007 0.716736 1.3
      vertex -20.7406 0.813473 2.5
      vertex -20.7406 0.813473 1.3
    endloop
  endfacet
  facet normal -0.849418 0.52772 0
    outer loop
      vertex -20.7406 0.813473 2.5
      vertex -20.8007 0.716736 1.3
      vertex -20.8007 0.716736 2.5
    endloop
  endfacet
  facet normal -0.941044 0.338285 0
    outer loop
      vertex -20.9344 0.415823 1.3
      vertex -20.8978 0.517637 2.5
      vertex -20.8978 0.517637 1.3
    endloop
  endfacet
  facet normal -0.941044 0.338285 0
    outer loop
      vertex -20.8978 0.517637 2.5
      vertex -20.9344 0.415823 1.3
      vertex -20.9344 0.415823 2.5
    endloop
  endfacet
  facet normal -0.736085 -0.676889 0
    outer loop
      vertex -20.516 -1.08928 1.3
      vertex -20.5981 -1 2.5
      vertex -20.5981 -1 1.3
    endloop
  endfacet
  facet normal -0.736085 -0.676889 0
    outer loop
      vertex -20.5981 -1 2.5
      vertex -20.516 -1.08928 1.3
      vertex -20.516 -1.08928 2.5
    endloop
  endfacet
  facet normal -0.941044 -0.338285 0
    outer loop
      vertex -20.8978 -0.517637 1.3
      vertex -20.9344 -0.415823 2.5
      vertex -20.9344 -0.415823 1.3
    endloop
  endfacet
  facet normal -0.941044 -0.338285 0
    outer loop
      vertex -20.9344 -0.415823 2.5
      vertex -20.8978 -0.517637 1.3
      vertex -20.8978 -0.517637 2.5
    endloop
  endfacet
  facet normal -0.913881 -0.405983 0
    outer loop
      vertex -20.8532 -0.618033 1.3
      vertex -20.8978 -0.517637 2.5
      vertex -20.8978 -0.517637 1.3
    endloop
  endfacet
  facet normal -0.913881 -0.405983 0
    outer loop
      vertex -20.8978 -0.517637 2.5
      vertex -20.8532 -0.618033 1.3
      vertex -20.8532 -0.618033 2.5
    endloop
  endfacet
  facet normal -0.494884 -0.868959 0
    outer loop
      vertex -20.0074 -1.48629 1.3
      vertex -19.888 -1.55429 2.5
      vertex -20.0074 -1.48629 2.5
    endloop
  endfacet
  facet normal -0.494884 -0.868959 -0
    outer loop
      vertex -19.888 -1.55429 2.5
      vertex -20.0074 -1.48629 1.3
      vertex -19.888 -1.55429 1.3
    endloop
  endfacet
  facet normal -0.849418 -0.52772 0
    outer loop
      vertex -20.7406 -0.813473 1.3
      vertex -20.8007 -0.716736 2.5
      vertex -20.8007 -0.716736 1.3
    endloop
  endfacet
  facet normal -0.849418 -0.52772 0
    outer loop
      vertex -20.8007 -0.716736 2.5
      vertex -20.7406 -0.813473 1.3
      vertex -20.7406 -0.813473 2.5
    endloop
  endfacet
  facet normal -0.416398 -0.909182 0
    outer loop
      vertex -19.7634 -1.61803 1.3
      vertex -19.6339 -1.67734 2.5
      vertex -19.7634 -1.61803 2.5
    endloop
  endfacet
  facet normal -0.416398 -0.909182 -0
    outer loop
      vertex -19.6339 -1.67734 2.5
      vertex -19.7634 -1.61803 1.3
      vertex -19.6339 -1.67734 1.3
    endloop
  endfacet
  facet normal -0.378234 -0.92571 0
    outer loop
      vertex -19.6339 -1.67734 1.3
      vertex -19.5 -1.73205 2.5
      vertex -19.6339 -1.67734 2.5
    endloop
  endfacet
  facet normal -0.378234 -0.92571 -0
    outer loop
      vertex -19.5 -1.73205 2.5
      vertex -19.6339 -1.67734 1.3
      vertex -19.5 -1.73205 1.3
    endloop
  endfacet
  facet normal 0 0 1
    outer loop
      vertex -15.0041 0.104671 2.5
      vertex -15.0041 -0.104671 2.5
      vertex -15 0 2.5
    endloop
  endfacet
  facet normal 0 0 1
    outer loop
      vertex -15.0164 0.209057 2.5
      vertex -15.0041 -0.104671 2.5
      vertex -15.0041 0.104671 2.5
    endloop
  endfacet
  facet normal 0 0 1
    outer loop
      vertex -15.0164 0.209057 2.5
      vertex -15.0164 -0.209057 2.5
      vertex -15.0041 -0.104671 2.5
    endloop
  endfacet
  facet normal 0 0 1
    outer loop
      vertex -15.0369 0.312868 2.5
      vertex -15.0164 -0.209057 2.5
      vertex -15.0164 0.209057 2.5
    endloop
  endfacet
  facet normal 0 0 1
    outer loop
      vertex -15.0369 0.312868 2.5
      vertex -15.0369 -0.312868 2.5
      vertex -15.0164 -0.209057 2.5
    endloop
  endfacet
  facet normal 0 0 1
    outer loop
      vertex -15.0656 0.415823 2.5
      vertex -15.0369 -0.312868 2.5
      vertex -15.0369 0.312868 2.5
    endloop
  endfacet
  facet normal 0 0 1
    outer loop
      vertex -15.0656 0.415823 2.5
      vertex -15.0656 -0.415823 2.5
      vertex -15.0369 -0.312868 2.5
    endloop
  endfacet
  facet normal 0 0 1
    outer loop
      vertex -15.1022 0.517637 2.5
      vertex -15.0656 -0.415823 2.5
      vertex -15.0656 0.415823 2.5
    endloop
  endfacet
  facet normal 0 0 1
    outer loop
      vertex -15.1022 0.517637 2.5
      vertex -15.1022 -0.517637 2.5
      vertex -15.0656 -0.415823 2.5
    endloop
  endfacet
  facet normal 0 0 1
    outer loop
      vertex -15.1468 0.618033 2.5
      vertex -15.1022 -0.517637 2.5
      vertex -15.1022 0.517637 2.5
    endloop
  endfacet
  facet normal 0 0 1
    outer loop
      vertex -15.1468 0.618033 2.5
      vertex -15.1468 -0.618033 2.5
      vertex -15.1022 -0.517637 2.5
    endloop
  endfacet
  facet normal 0 0 1
    outer loop
      vertex -15.1993 0.716736 2.5
      vertex -15.1468 -0.618033 2.5
      vertex -15.1468 0.618033 2.5
    endloop
  endfacet
  facet normal 0 0 1
    outer loop
      vertex -15.1993 0.716736 2.5
      vertex -15.1993 -0.716736 2.5
      vertex -15.1468 -0.618033 2.5
    endloop
  endfacet
  facet normal 0 0 1
    outer loop
      vertex -15.2594 0.813473 2.5
      vertex -15.1993 -0.716736 2.5
      vertex -15.1993 0.716736 2.5
    endloop
  endfacet
  facet normal 0 0 1
    outer loop
      vertex -15.2594 0.813473 2.5
      vertex -15.2594 -0.813473 2.5
      vertex -15.1993 -0.716736 2.5
    endloop
  endfacet
  facet normal 0 0 1
    outer loop
      vertex -15.327 0.907981 2.5
      vertex -15.2594 -0.813473 2.5
      vertex -15.2594 0.813473 2.5
    endloop
  endfacet
  facet normal 0 0 1
    outer loop
      vertex -15.327 0.907981 2.5
      vertex -15.327 -0.907981 2.5
      vertex -15.2594 -0.813473 2.5
    endloop
  endfacet
  facet normal 0 0 1
    outer loop
      vertex -15.4019 1 2.5
      vertex -15.327 -0.907981 2.5
      vertex -15.327 0.907981 2.5
    endloop
  endfacet
  facet normal 0 0 1
    outer loop
      vertex -15.4019 1 2.5
      vertex -15.4019 -1 2.5
      vertex -15.327 -0.907981 2.5
    endloop
  endfacet
  facet normal 0 0 1
    outer loop
      vertex -15.484 1.08928 2.5
      vertex -15.4019 -1 2.5
      vertex -15.4019 1 2.5
    endloop
  endfacet
  facet normal 0 0 1
    outer loop
      vertex -15.484 1.08928 2.5
      vertex -15.484 -1.08928 2.5
      vertex -15.4019 -1 2.5
    endloop
  endfacet
  facet normal 0 0 1
    outer loop
      vertex -15.5729 1.17557 2.5
      vertex -15.484 -1.08928 2.5
      vertex -15.484 1.08928 2.5
    endloop
  endfacet
  facet normal 0 0 1
    outer loop
      vertex -15.5729 1.17557 2.5
      vertex -15.5729 -1.17557 2.5
      vertex -15.484 -1.08928 2.5
    endloop
  endfacet
  facet normal 0 0 1
    outer loop
      vertex -15.6686 1.25864 2.5
      vertex -15.5729 -1.17557 2.5
      vertex -15.5729 1.17557 2.5
    endloop
  endfacet
  facet normal 0 0 1
    outer loop
      vertex -15.6686 1.25864 2.5
      vertex -15.6686 -1.25864 2.5
      vertex -15.5729 -1.17557 2.5
    endloop
  endfacet
  facet normal 0 0 1
    outer loop
      vertex -15.7706 1.33826 2.5
      vertex -15.6686 -1.25864 2.5
      vertex -15.6686 1.25864 2.5
    endloop
  endfacet
  facet normal 0 0 1
    outer loop
      vertex -15.7706 1.33826 2.5
      vertex -15.7706 -1.33826 2.5
      vertex -15.6686 -1.25864 2.5
    endloop
  endfacet
  facet normal 0 0 1
    outer loop
      vertex -15.8787 1.41421 2.5
      vertex -15.7706 -1.33826 2.5
      vertex -15.7706 1.33826 2.5
    endloop
  endfacet
  facet normal 0 0 1
    outer loop
      vertex -15.8787 1.41421 2.5
      vertex -15.8787 -1.41421 2.5
      vertex -15.7706 -1.33826 2.5
    endloop
  endfacet
  facet normal 0 0 1
    outer loop
      vertex -15.9926 1.48629 2.5
      vertex -15.8787 -1.41421 2.5
      vertex -15.8787 1.41421 2.5
    endloop
  endfacet
  facet normal 0 0 1
    outer loop
      vertex -15.9926 1.48629 2.5
      vertex -15.9926 -1.48629 2.5
      vertex -15.8787 -1.41421 2.5
    endloop
  endfacet
  facet normal 0 0 1
    outer loop
      vertex -16.112 1.55429 2.5
      vertex -15.9926 -1.48629 2.5
      vertex -15.9926 1.48629 2.5
    endloop
  endfacet
  facet normal 0 0 1
    outer loop
      vertex -16.112 1.55429 2.5
      vertex -16.112 -1.55429 2.5
      vertex -15.9926 -1.48629 2.5
    endloop
  endfacet
  facet normal 0 0 1
    outer loop
      vertex -16.2366 1.61803 2.5
      vertex -16.112 -1.55429 2.5
      vertex -16.112 1.55429 2.5
    endloop
  endfacet
  facet normal 0 0 1
    outer loop
      vertex -16.2366 1.61803 2.5
      vertex -16.2366 -1.61803 2.5
      vertex -16.112 -1.55429 2.5
    endloop
  endfacet
  facet normal 0 0 1
    outer loop
      vertex -16.3661 1.67734 2.5
      vertex -16.2366 -1.61803 2.5
      vertex -16.2366 1.61803 2.5
    endloop
  endfacet
  facet normal 0 0 1
    outer loop
      vertex -16.3661 1.67734 2.5
      vertex -16.3661 -1.67734 2.5
      vertex -16.2366 -1.61803 2.5
    endloop
  endfacet
  facet normal 0 0 1
    outer loop
      vertex -16.5 1.73205 2.5
      vertex -16.3661 -1.67734 2.5
      vertex -16.3661 1.67734 2.5
    endloop
  endfacet
  facet normal 0 0 1
    outer loop
      vertex -16.5 1.73205 2.5
      vertex -16.5 -1.73205 2.5
      vertex -16.3661 -1.67734 2.5
    endloop
  endfacet
  facet normal 0 0 1
    outer loop
      vertex -16.638 1.78201 2.5
      vertex -16.5 -1.73205 2.5
      vertex -16.5 1.73205 2.5
    endloop
  endfacet
  facet normal 0 0 1
    outer loop
      vertex -16.638 1.78201 2.5
      vertex -16.638 -1.78201 2.5
      vertex -16.5 -1.73205 2.5
    endloop
  endfacet
  facet normal 0 0 1
    outer loop
      vertex -16.7798 1.82709 2.5
      vertex -16.638 -1.78201 2.5
      vertex -16.638 1.78201 2.5
    endloop
  endfacet
  facet normal 0 0 1
    outer loop
      vertex -16.7798 1.82709 2.5
      vertex -16.7798 -1.82709 2.5
      vertex -16.638 -1.78201 2.5
    endloop
  endfacet
  facet normal 0 0 1
    outer loop
      vertex -16.9249 1.86716 2.5
      vertex -16.7798 -1.82709 2.5
      vertex -16.7798 1.82709 2.5
    endloop
  endfacet
  facet normal 0 0 1
    outer loop
      vertex -16.9249 1.86716 2.5
      vertex -16.9249 -1.86716 2.5
      vertex -16.7798 -1.82709 2.5
    endloop
  endfacet
  facet normal 0 0 1
    outer loop
      vertex -17.0729 1.90211 2.5
      vertex -16.9249 -1.86716 2.5
      vertex -16.9249 1.86716 2.5
    endloop
  endfacet
  facet normal 0 0 1
    outer loop
      vertex -17.0729 1.90211 2.5
      vertex -17.0729 -1.90211 2.5
      vertex -16.9249 -1.86716 2.5
    endloop
  endfacet
  facet normal 0 0 1
    outer loop
      vertex -17.2235 1.93185 2.5
      vertex -17.0729 -1.90211 2.5
      vertex -17.0729 1.90211 2.5
    endloop
  endfacet
  facet normal 0 0 1
    outer loop
      vertex -17.2235 1.93185 2.5
      vertex -17.2235 -1.93185 2.5
      vertex -17.0729 -1.90211 2.5
    endloop
  endfacet
  facet normal 0 0 1
    outer loop
      vertex -17.3763 1.9563 2.5
      vertex -17.2235 -1.93185 2.5
      vertex -17.2235 1.93185 2.5
    endloop
  endfacet
  facet normal 0 0 1
    outer loop
      vertex -17.3763 1.9563 2.5
      vertex -17.3763 -1.9563 2.5
      vertex -17.2235 -1.93185 2.5
    endloop
  endfacet
  facet normal 0 0 1
    outer loop
      vertex -17.5307 1.97538 2.5
      vertex -17.3763 -1.9563 2.5
      vertex -17.3763 1.9563 2.5
    endloop
  endfacet
  facet normal 0 0 1
    outer loop
      vertex -17.5307 1.97538 2.5
      vertex -17.5307 -1.97538 2.5
      vertex -17.3763 -1.9563 2.5
    endloop
  endfacet
  facet normal 0 0 1
    outer loop
      vertex -17.6864 1.98904 2.5
      vertex -17.5307 -1.97538 2.5
      vertex -17.5307 1.97538 2.5
    endloop
  endfacet
  facet normal 0 0 1
    outer loop
      vertex -17.6864 1.98904 2.5
      vertex -17.6864 -1.98904 2.5
      vertex -17.5307 -1.97538 2.5
    endloop
  endfacet
  facet normal 0 0 1
    outer loop
      vertex -17.843 1.99726 2.5
      vertex -17.6864 -1.98904 2.5
      vertex -17.6864 1.98904 2.5
    endloop
  endfacet
  facet normal 0 0 1
    outer loop
      vertex -17.843 1.99726 2.5
      vertex -17.843 -1.99726 2.5
      vertex -17.6864 -1.98904 2.5
    endloop
  endfacet
  facet normal 0 0 1
    outer loop
      vertex -18 2 2.5
      vertex -17.843 -1.99726 2.5
      vertex -17.843 1.99726 2.5
    endloop
  endfacet
  facet normal 0 0 1
    outer loop
      vertex -18 2 2.5
      vertex -18 -2 2.5
      vertex -17.843 -1.99726 2.5
    endloop
  endfacet
  facet normal -0 0 1
    outer loop
      vertex -18.157 1.99726 2.5
      vertex -18 -2 2.5
      vertex -18 2 2.5
    endloop
  endfacet
  facet normal 0 0 1
    outer loop
      vertex -18.157 1.99726 2.5
      vertex -18.157 -1.99726 2.5
      vertex -18 -2 2.5
    endloop
  endfacet
  facet normal -0 0 1
    outer loop
      vertex -18.3136 1.98904 2.5
      vertex -18.157 -1.99726 2.5
      vertex -18.157 1.99726 2.5
    endloop
  endfacet
  facet normal 0 0 1
    outer loop
      vertex -18.3136 1.98904 2.5
      vertex -18.3136 -1.98904 2.5
      vertex -18.157 -1.99726 2.5
    endloop
  endfacet
  facet normal -0 0 1
    outer loop
      vertex -18.4693 1.97538 2.5
      vertex -18.3136 -1.98904 2.5
      vertex -18.3136 1.98904 2.5
    endloop
  endfacet
  facet normal 0 0 1
    outer loop
      vertex -18.4693 1.97538 2.5
      vertex -18.4693 -1.97538 2.5
      vertex -18.3136 -1.98904 2.5
    endloop
  endfacet
  facet normal -0 0 1
    outer loop
      vertex -18.6237 1.9563 2.5
      vertex -18.4693 -1.97538 2.5
      vertex -18.4693 1.97538 2.5
    endloop
  endfacet
  facet normal 0 0 1
    outer loop
      vertex -18.6237 1.9563 2.5
      vertex -18.6237 -1.9563 2.5
      vertex -18.4693 -1.97538 2.5
    endloop
  endfacet
  facet normal -0 0 1
    outer loop
      vertex -18.7765 1.93185 2.5
      vertex -18.6237 -1.9563 2.5
      vertex -18.6237 1.9563 2.5
    endloop
  endfacet
  facet normal 0 0 1
    outer loop
      vertex -18.7765 1.93185 2.5
      vertex -18.7765 -1.93185 2.5
      vertex -18.6237 -1.9563 2.5
    endloop
  endfacet
  facet normal -0 0 1
    outer loop
      vertex -18.9271 1.90211 2.5
      vertex -18.7765 -1.93185 2.5
      vertex -18.7765 1.93185 2.5
    endloop
  endfacet
  facet normal 0 0 1
    outer loop
      vertex -18.9271 1.90211 2.5
      vertex -18.9271 -1.90211 2.5
      vertex -18.7765 -1.93185 2.5
    endloop
  endfacet
  facet normal -0 0 1
    outer loop
      vertex -19.0751 1.86716 2.5
      vertex -18.9271 -1.90211 2.5
      vertex -18.9271 1.90211 2.5
    endloop
  endfacet
  facet normal 0 0 1
    outer loop
      vertex -19.0751 1.86716 2.5
      vertex -19.0751 -1.86716 2.5
      vertex -18.9271 -1.90211 2.5
    endloop
  endfacet
  facet normal -0 0 1
    outer loop
      vertex -19.2202 1.82709 2.5
      vertex -19.0751 -1.86716 2.5
      vertex -19.0751 1.86716 2.5
    endloop
  endfacet
  facet normal 0 0 1
    outer loop
      vertex -19.2202 1.82709 2.5
      vertex -19.2202 -1.82709 2.5
      vertex -19.0751 -1.86716 2.5
    endloop
  endfacet
  facet normal -0 0 1
    outer loop
      vertex -19.362 1.78201 2.5
      vertex -19.2202 -1.82709 2.5
      vertex -19.2202 1.82709 2.5
    endloop
  endfacet
  facet normal 0 0 1
    outer loop
      vertex -19.362 1.78201 2.5
      vertex -19.362 -1.78201 2.5
      vertex -19.2202 -1.82709 2.5
    endloop
  endfacet
  facet normal -0 0 1
    outer loop
      vertex -19.5 1.73205 2.5
      vertex -19.362 -1.78201 2.5
      vertex -19.362 1.78201 2.5
    endloop
  endfacet
  facet normal 0 0 1
    outer loop
      vertex -19.5 1.73205 2.5
      vertex -19.5 -1.73205 2.5
      vertex -19.362 -1.78201 2.5
    endloop
  endfacet
  facet normal -0 0 1
    outer loop
      vertex -19.6339 1.67734 2.5
      vertex -19.5 -1.73205 2.5
      vertex -19.5 1.73205 2.5
    endloop
  endfacet
  facet normal 0 0 1
    outer loop
      vertex -19.6339 1.67734 2.5
      vertex -19.6339 -1.67734 2.5
      vertex -19.5 -1.73205 2.5
    endloop
  endfacet
  facet normal -0 0 1
    outer loop
      vertex -19.7634 1.61803 2.5
      vertex -19.6339 -1.67734 2.5
      vertex -19.6339 1.67734 2.5
    endloop
  endfacet
  facet normal 0 0 1
    outer loop
      vertex -19.7634 1.61803 2.5
      vertex -19.7634 -1.61803 2.5
      vertex -19.6339 -1.67734 2.5
    endloop
  endfacet
  facet normal -0 0 1
    outer loop
      vertex -19.888 1.55429 2.5
      vertex -19.7634 -1.61803 2.5
      vertex -19.7634 1.61803 2.5
    endloop
  endfacet
  facet normal 0 0 1
    outer loop
      vertex -19.888 1.55429 2.5
      vertex -19.888 -1.55429 2.5
      vertex -19.7634 -1.61803 2.5
    endloop
  endfacet
  facet normal -0 0 1
    outer loop
      vertex -20.0074 1.48629 2.5
      vertex -19.888 -1.55429 2.5
      vertex -19.888 1.55429 2.5
    endloop
  endfacet
  facet normal 0 0 1
    outer loop
      vertex -20.0074 1.48629 2.5
      vertex -20.0074 -1.48629 2.5
      vertex -19.888 -1.55429 2.5
    endloop
  endfacet
  facet normal -0 0 1
    outer loop
      vertex -20.1213 1.41421 2.5
      vertex -20.0074 -1.48629 2.5
      vertex -20.0074 1.48629 2.5
    endloop
  endfacet
  facet normal 0 0 1
    outer loop
      vertex -20.1213 1.41421 2.5
      vertex -20.1213 -1.41421 2.5
      vertex -20.0074 -1.48629 2.5
    endloop
  endfacet
  facet normal -0 0 1
    outer loop
      vertex -20.2294 1.33826 2.5
      vertex -20.1213 -1.41421 2.5
      vertex -20.1213 1.41421 2.5
    endloop
  endfacet
  facet normal 0 0 1
    outer loop
      vertex -20.2294 1.33826 2.5
      vertex -20.2294 -1.33826 2.5
      vertex -20.1213 -1.41421 2.5
    endloop
  endfacet
  facet normal -0 0 1
    outer loop
      vertex -20.3314 1.25864 2.5
      vertex -20.2294 -1.33826 2.5
      vertex -20.2294 1.33826 2.5
    endloop
  endfacet
  facet normal 0 0 1
    outer loop
      vertex -20.3314 1.25864 2.5
      vertex -20.3314 -1.25864 2.5
      vertex -20.2294 -1.33826 2.5
    endloop
  endfacet
  facet normal -0 0 1
    outer loop
      vertex -20.4271 1.17557 2.5
      vertex -20.3314 -1.25864 2.5
      vertex -20.3314 1.25864 2.5
    endloop
  endfacet
  facet normal 0 0 1
    outer loop
      vertex -20.4271 1.17557 2.5
      vertex -20.4271 -1.17557 2.5
      vertex -20.3314 -1.25864 2.5
    endloop
  endfacet
  facet normal -0 0 1
    outer loop
      vertex -20.516 1.08928 2.5
      vertex -20.4271 -1.17557 2.5
      vertex -20.4271 1.17557 2.5
    endloop
  endfacet
  facet normal 0 0 1
    outer loop
      vertex -20.516 1.08928 2.5
      vertex -20.516 -1.08928 2.5
      vertex -20.4271 -1.17557 2.5
    endloop
  endfacet
  facet normal -0 0 1
    outer loop
      vertex -20.5981 1 2.5
      vertex -20.516 -1.08928 2.5
      vertex -20.516 1.08928 2.5
    endloop
  endfacet
  facet normal 0 0 1
    outer loop
      vertex -20.5981 1 2.5
      vertex -20.5981 -1 2.5
      vertex -20.516 -1.08928 2.5
    endloop
  endfacet
  facet normal -0 0 1
    outer loop
      vertex -20.673 0.907981 2.5
      vertex -20.5981 -1 2.5
      vertex -20.5981 1 2.5
    endloop
  endfacet
  facet normal 0 0 1
    outer loop
      vertex -20.673 0.907981 2.5
      vertex -20.673 -0.907981 2.5
      vertex -20.5981 -1 2.5
    endloop
  endfacet
  facet normal -0 0 1
    outer loop
      vertex -20.7406 0.813473 2.5
      vertex -20.673 -0.907981 2.5
      vertex -20.673 0.907981 2.5
    endloop
  endfacet
  facet normal 0 0 1
    outer loop
      vertex -20.7406 0.813473 2.5
      vertex -20.7406 -0.813473 2.5
      vertex -20.673 -0.907981 2.5
    endloop
  endfacet
  facet normal -0 0 1
    outer loop
      vertex -20.8007 0.716736 2.5
      vertex -20.7406 -0.813473 2.5
      vertex -20.7406 0.813473 2.5
    endloop
  endfacet
  facet normal 0 0 1
    outer loop
      vertex -20.8007 0.716736 2.5
      vertex -20.8007 -0.716736 2.5
      vertex -20.7406 -0.813473 2.5
    endloop
  endfacet
  facet normal -0 0 1
    outer loop
      vertex -20.8532 0.618033 2.5
      vertex -20.8007 -0.716736 2.5
      vertex -20.8007 0.716736 2.5
    endloop
  endfacet
  facet normal 0 0 1
    outer loop
      vertex -20.8532 0.618033 2.5
      vertex -20.8532 -0.618033 2.5
      vertex -20.8007 -0.716736 2.5
    endloop
  endfacet
  facet normal -0 0 1
    outer loop
      vertex -20.8978 0.517637 2.5
      vertex -20.8532 -0.618033 2.5
      vertex -20.8532 0.618033 2.5
    endloop
  endfacet
  facet normal 0 0 1
    outer loop
      vertex -20.8978 0.517637 2.5
      vertex -20.8978 -0.517637 2.5
      vertex -20.8532 -0.618033 2.5
    endloop
  endfacet
  facet normal -0 0 1
    outer loop
      vertex -20.9344 0.415823 2.5
      vertex -20.8978 -0.517637 2.5
      vertex -20.8978 0.517637 2.5
    endloop
  endfacet
  facet normal 0 0 1
    outer loop
      vertex -20.9344 0.415823 2.5
      vertex -20.9344 -0.415823 2.5
      vertex -20.8978 -0.517637 2.5
    endloop
  endfacet
  facet normal -0 0 1
    outer loop
      vertex -20.9631 0.312868 2.5
      vertex -20.9344 -0.415823 2.5
      vertex -20.9344 0.415823 2.5
    endloop
  endfacet
  facet normal 0 0 1
    outer loop
      vertex -20.9631 0.312868 2.5
      vertex -20.9631 -0.312868 2.5
      vertex -20.9344 -0.415823 2.5
    endloop
  endfacet
  facet normal -0 0 1
    outer loop
      vertex -20.9836 0.209057 2.5
      vertex -20.9631 -0.312868 2.5
      vertex -20.9631 0.312868 2.5
    endloop
  endfacet
  facet normal 0 0 1
    outer loop
      vertex -20.9836 0.209057 2.5
      vertex -20.9836 -0.209057 2.5
      vertex -20.9631 -0.312868 2.5
    endloop
  endfacet
  facet normal -0 0 1
    outer loop
      vertex -20.9959 0.104671 2.5
      vertex -20.9836 -0.209057 2.5
      vertex -20.9836 0.209057 2.5
    endloop
  endfacet
  facet normal 0 0 1
    outer loop
      vertex -20.9959 0.104671 2.5
      vertex -20.9959 -0.104671 2.5
      vertex -20.9836 -0.209057 2.5
    endloop
  endfacet
  facet normal 0 -0 1
    outer loop
      vertex -20.9959 -0.104671 2.5
      vertex -20.9959 0.104671 2.5
      vertex -21 0 2.5
    endloop
  endfacet
  facet normal -0.81335 -0.581775 0
    outer loop
      vertex -20.673 -0.907981 1.3
      vertex -20.7406 -0.813473 2.5
      vertex -20.7406 -0.813473 1.3
    endloop
  endfacet
  facet normal -0.81335 -0.581775 0
    outer loop
      vertex -20.7406 -0.813473 2.5
      vertex -20.673 -0.907981 1.3
      vertex -20.673 -0.907981 2.5
    endloop
  endfacet
endsolid OpenSCAD_Model
